code,nom,groupe,sous_groupe,kcal,proteines,glucides,lipides,fibres_g,sucres_g,ags_g,sel_g,calcium_mg,fer_mg,magnesium_mg,potassium_mg,zinc_mg,selenium_ug,iode_ug,vit_a_er_ug,vit_c_mg,vit_d_ug,vit_b9_ug,vit_b12_ug,omega3_ala_g,omega3_epadha_g
24999,Dessert (aliment moyen),,,255,4.41,32.9,11.3,1.7,21.3,4.96,0.33,67.6,1.3,19.1,178,0.46,5.72,13.6,53.5,2.42,0.16,,0.18,0.23,0.012
13004,"Avocat, chair sans peau, sans noyau, cru","fruits, légumes, légumineuses et oléagineux",légumes,203,1.56,0,20.6,3.6,0.4,4.51,0.015,9.4,0.34,21,430,0.43,10,10,0.21,0.25,0,70.4,0,0.15,0.01
13128,"Chayote ou christophine ou chouchou, crue","fruits, légumes, légumineuses et oléagineux",légumes,19.1,0.82,2.8,0.13,1.7,1.66,0.028,0.005,17,0.34,12,125,0.74,,,0,7.7,0,93,0,,0
15029,"Graine germée de luzerne, crue","fruits, légumes, légumineuses et oléagineux",légumes,29.2,3.38,0.81,0.69,1.9,0.2,0.069,0.015,32,0.96,27,79,0.92,,,7.25,8.2,0,36,0,0.18,0
15030,"Graine germée de radis, fraîche, crue","fruits, légumes, légumineuses et oléagineux",légumes,,3.23,,2.53,,,0.77,0.015,51,0.86,44,86,0.56,,,0,28.9,0,95,0,,0
20004,"Bette ou blette, côte (sans feuille), crue","fruits, légumes, légumineuses et oléagineux",légumes,12.8,1,1.63,0.25,1.8,1.2,0.005,0.57,25,0.85,17,300,0.07,10,10,2.16,3.08,0.125,24.7,,0.005,0.01
20009,"Carotte, crue","fruits, légumes, légumineuses et oléagineux",légumes,30.2,0.78,5.16,0.25,2.9,4.85,0.075,0.12,36.2,0.125,13.6,274,0.25,0.415,10,1100,3.73,0.05,11.2,0,0.075,0.15
20010,"Champignon, tout type, cru","fruits, légumes, légumineuses et oléagineux",légumes,24.3,2.42,2.25,0.34,1.63,1.74,0.05,0.012,7.78,0.5,10.9,318,0.65,1.39,1.88,0,2.1,0.2,17,0,0.13,0
20012,"Salade ou chicorée frisée, crue","fruits, légumes, légumineuses et oléagineux",légumes,26,1.7,2.13,0.3,4,0.7,0.073,0.11,100,0.9,30,420,0.42,1,0.4,286,24,0,110,0,0.013,0
20014,"Chou rouge, cru","fruits, légumes, légumineuses et oléagineux",légumes,26.4,1.13,4.33,0.25,2.8,3.9,0.005,0.035,36,0.25,9.7,260,0.15,10,10,0.21,18.7,0,31.9,0,0.005,0.01
20016,"Chou-fleur, cru","fruits, légumes, légumineuses et oléagineux",légumes,24.9,1.81,2.13,0.7,2.2,1.7,0.24,0.015,23,0.27,9.8,270,0.22,10,10,0.21,48.2,0,56.2,0,0.17,0.01
20019,"Concombre, chair et peau, cru","fruits, légumes, légumineuses et oléagineux",légumes,16.8,0.65,2.87,0.11,0.5,1.67,0.037,0.012,19.2,0.13,13.6,157,0.095,5,1.18,3.75,2.8,0,7,0,0.015,0
20020,"Courgette, chair et peau, crue","fruits, légumes, légumineuses et oléagineux",légumes,16.7,1.21,1.75,0.32,1,1.74,0.084,0.02,16,0.37,18,261,0.32,0.76,1.64,10,17.9,0,24,0,0.061,0
20022,"Cresson de fontaine, cru","fruits, légumes, légumineuses et oléagineux",légumes,15.5,2.3,1.11,0.1,0.5,0.2,0.027,0.1,120,0.2,21,330,0.11,,13.8,160,43,0,9,0,,0
20023,"Céleri branche, cru","fruits, légumes, légumineuses et oléagineux",légumes,15.4,0.63,2.41,0.25,2.2,1.3,0.005,0.2,46,0.06,11,390,0.09,10,10,6.22,5.51,0,56.8,0,0.005,0.01
20026,"Endive, crue","fruits, légumes, légumineuses et oléagineux",légumes,16.6,1.19,2.83,0.25,1.1,2.4,0.005,0.006,20,0.12,8.3,150,0.13,10,10,0.21,2.12,0,25.6,0,0.005,0.01
20028,"Fenouil, cru","fruits, légumes, légumineuses et oléagineux",légumes,18.2,1,2.63,0.25,2.6,2.2,0.005,0.055,37,0.2,11,320,0.19,10,10,0.67,2.57,0,19.6,0,0.005,0.01
20031,"Laitue, crue","fruits, légumes, légumineuses et oléagineux",légumes,14.7,1.35,1.22,0.2,1.1,0.73,0.022,0.021,64.6,1.1,14.9,206,0.2,2.33,1.22,303,5.53,0,49,0,0.064,0
20034,"Oignon, cru","fruits, légumes, légumineuses et oléagineux",légumes,39,1.1,6.25,0.62,1.7,4.8,0.2,0.098,25,0,9,190,0.23,2.3,5,2.08,3.9,0,29.6,0,0.001,0
20038,"Pissenlit, cru","fruits, légumes, légumineuses et oléagineux",légumes,48.5,2.7,6.1,0.7,3.5,0.71,0.17,0.22,62.3,3.1,13.2,397,0.21,1.1,0.4,488,35,0,27,0,,0
20039,"Poireau, cru","fruits, légumes, légumineuses et oléagineux",légumes,30.4,1.5,4.55,0.3,1.8,3.9,0.04,0.05,59,2.1,28,180,0.12,0.75,0.74,83.3,12,0,64,0,0.035,0
20041,"Poivron, vert, jaune ou rouge, cru","fruits, légumes, légumineuses et oléagineux",légumes,22.6,0.8,3.5,0.27,1.5,1.5,0.071,0.021,7.7,0.4,11.9,155,0.13,0.1,2.5,70.5,121,0.25,40.7,,0.026,0
20044,"Potiron, cru","fruits, légumes, légumineuses et oléagineux",légumes,20.1,1.05,3.5,0.1,0.5,1.93,0.051,0.003,20.5,0.85,12,271,0.24,,,279,10.7,0,12,0,,0
20045,"Radis rouge, cru","fruits, légumes, légumineuses et oléagineux",légumes,11,0.94,1.53,0.25,1.4,1.1,0.005,0.04,15,0.4,6.2,250,0.08,10,10,0.21,12.2,0,95.4,0,0.005,0.01
20052,"Artichaut, cru","fruits, légumes, légumineuses et oléagineux",légumes,45.4,3.27,4.84,0.15,5.4,0.99,0.036,0.24,44,1.28,60,370,0.49,0.23,1.08,0.67,11.7,0,68,0,,0
20053,"Aubergine, crue","fruits, légumes, légumineuses et oléagineux",légumes,22.9,0.98,2.7,0.18,3,2.7,0.034,0.005,9,0.23,14,229,0.16,0.4,0.48,1.17,2.2,0,22,0,0.009,0
20054,"Cardon, cru","fruits, légumes, légumineuses et oléagineux",légumes,13.7,0.7,1.7,0.1,1.6,1.5,0.011,0.43,70,0.7,42,400,0.17,0.2,0.095,0,2,0,68,0,,0
20055,"Céleri-rave, cru","fruits, légumes, légumineuses et oléagineux",légumes,26.3,1.38,3.98,0.25,4.5,1.6,0.005,0.085,40,0.28,13,500,0.33,10,10,0.21,2.87,0,39,0,0.005,0.01
20056,"Champignon de Paris ou champignon de couche, cru","fruits, légumes, légumineuses et oléagineux",légumes,21,2.11,1.83,0.36,1,1.55,0.067,0.098,3,0.31,10.4,364,0.53,7.11,4.81,0,3.18,0.3,28,0,0,0
20057,"Brocoli, cru","fruits, légumes, légumineuses et oléagineux",légumes,31.9,2.9,2.15,0.36,2.6,1.7,0.047,0.075,47.5,0.81,23,321,0.41,1.21,3.63,30.1,91.2,0,67,0,,0
20058,"Chou de Bruxelles, cru","fruits, légumes, légumineuses et oléagineux",légumes,43.9,3.38,4.59,0.3,3.8,2.2,0.062,0.063,42,1.4,23,389,0.42,1.32,0.59,37.5,85,0,61,0,0.12,0
20059,"Épinard, cru","fruits, légumes, légumineuses et oléagineux",légumes,33.3,2.68,3.06,0.39,2.6,0.46,0.063,0.2,99,2.71,79,558,0.53,0.66,3.68,469,28.1,0,194,0,0.14,0
20061,"Haricot vert, cru","fruits, légumes, légumineuses et oléagineux",légumes,31.9,1.83,4.14,0.22,2.7,3.26,0.05,0.015,37,1.03,25,211,0.24,0.98,0.81,31.6,12.2,0,33,0,0.06,0
20064,"Navet, pelé, cru","fruits, légumes, légumineuses et oléagineux",légumes,25.6,0.9,4.39,0.1,1.8,3.71,0.011,0.17,30,0.3,11,191,0.27,1.25,3,0,21,0,15,0,,0
20065,"Chou-rave, cru","fruits, légumes, légumineuses et oléagineux",légumes,25.1,1.7,2.44,0.1,3.6,2.44,0.013,0.05,24,0.4,19,350,0.03,0.47,0.71,1.83,62,0,16,0,0.027,0
20069,"Chou vert, cru","fruits, légumes, légumineuses et oléagineux",légumes,24.4,1.43,2.74,0.14,2.55,2.74,0.023,0.051,42.3,0.5,17.5,223,0.2,1.86,3.05,26.8,40.2,0,59.3,0,0.031,0
20070,"Haricot vert, surgelé, cru","fruits, légumes, légumineuses et oléagineux",légumes,33.1,1.79,4.76,0.21,2.6,2.21,0.047,0.007,42,0.85,22,186,0.26,1.1,0.85,24.3,12.9,0,15,0,0.059,0
20072,"Petits pois, crus","fruits, légumes, légumineuses et oléagineux",légumes,81.2,5.42,11.4,0.4,5.1,5.67,0.071,0.013,25,1.47,33,244,1.24,0.74,1.05,37.4,40,0,65,0,0.031,0
20082,"Chou-fleur, surgelé, cru","fruits, légumes, légumineuses et oléagineux",légumes,25.1,2.01,2.5,0.27,2.3,2.22,0.041,0.06,22,0.54,12,193,0.17,0.8,0.3,0.58,48.8,0,64,0,0.099,0
20083,"Epinard, haché ou purée ou en branches, surgelé, cru","fruits, légumes, légumineuses et oléagineux",légumes,28,3.32,1,0.54,2.95,0.83,0.041,0.14,129,1.89,75,346,0.56,0.1,2.75,586,15.3,0,145,0,0.068,0
20084,"Petits pois, surgelés, crus","fruits, légumes, légumineuses et oléagineux",légumes,77.9,5.86,9.5,0.4,6.45,3.75,0.066,0.18,22,1.53,26,153,0.82,1.01,1.05,102,18,0,53,0,0.029,0
20085,"Poivron vert, cru","fruits, légumes, légumineuses et oléagineux",légumes,22.5,0.81,3.43,0.25,3.2,3,0.005,0.006,6.2,0.22,7.7,160,0.11,10,10,12.8,26.9,0,55.1,0,0.005,0.01
20087,"Poivron rouge, cru","fruits, légumes, légumineuses et oléagineux",légumes,33.6,1.06,5.98,0.25,3.2,4.8,0.005,0.006,4.8,0.21,8.2,180,0.14,10,10,46.2,121,0,81.8,0,0.005,0.01
20089,"Radis noir, cru","fruits, légumes, légumineuses et oléagineux",légumes,28.2,0.94,5.52,0.15,1.2,4.3,0.005,0.058,39,0.23,10,300,0.15,10,10,0.21,9.58,0,17.3,,0.005,0.01
20090,"Scarole, crue","fruits, légumes, légumineuses et oléagineux",légumes,20.5,1.44,2,0.23,2.3,0.7,0.049,0.036,53.7,0.38,14,314,0.5,0.6,0.4,125,11.5,0,132,0,0.013,0
20091,"Betterave rouge, crue","fruits, légumes, légumineuses et oléagineux",légumes,40.2,1.61,6.34,0.17,2.8,6.34,0.027,0.2,16,0.8,23,325,0.35,0.2,0.45,1.67,4.9,0,109,0,0.01,0
20097,"Échalote, crue","fruits, légumes, légumineuses et oléagineux",légumes,61.7,1.81,12.2,0.25,2.6,3.3,0.005,0.013,9.5,0.12,7.5,220,0.2,10,10,0.21,8,0,10.2,0,0.005,0.01
20099,"Mâche, crue","fruits, légumes, légumineuses et oléagineux",légumes,15,2,0.5,0.25,2.3,0,0.005,0.006,41,0.4,19,330,0.14,10,10,273,2.38,0,45.5,0,0.005,0.01
20101,"Légumes, mélange surgelé, crus","fruits, légumes, légumineuses et oléagineux",légumes,65.1,2.26,5.71,2.65,4.7,2.18,0.84,0.6,25,0.95,24,212,0.45,,2.5,41.7,10.4,0,29,0.04,0.15,0
20103,"Champignon, chanterelle ou girolle, crue","fruits, légumes, légumineuses et oléagineux",légumes,24.7,1.49,1.77,0.53,3.8,1.16,0.5,0.023,15,3.47,13,506,0.71,0.65,2.15,0,5.67,5.3,2,0,,0
20105,"Champignon, morille, crue","fruits, légumes, légumineuses et oléagineux",légumes,23.5,3.12,0.1,0.57,2.8,0.057,0.065,0.053,43,1.2,19,411,2.03,,,0,5,5.1,9,,0,0
20106,"Champignon, truffe noire, crue","fruits, légumes, légumineuses et oléagineux",légumes,,5.77,,0.51,8.5,0.7,0.11,0.17,24,3.5,23.8,447,3.8,,,0,1,0,44,,,0
20108,"Maïs doux, en épis, surgelé, cru","fruits, légumes, légumineuses et oléagineux",légumes,97.4,3.36,17,1.19,2.65,2.74,0.19,0.01,4.18,0.59,30.3,276,1.05,4,0.75,5.08,6.9,0,36.5,0,0.019,0
20111,"Oseille, crue","fruits, légumes, légumineuses et oléagineux",légumes,23.4,1.89,1.6,0.65,1.8,1.54,0.1,0.009,44,2.4,103,390,0.2,0.9,0.4,0,48,0,82.5,0,,0
20114,"Champignon, pleurote, crue","fruits, légumes, légumineuses et oléagineux",légumes,26.8,3.31,1.5,0.41,2.3,1.07,0.062,0.045,3,1.33,18,420,0.77,,,2.42,4,0.7,38,0,,0
20116,"Chou blanc, cru","fruits, légumes, légumineuses et oléagineux",légumes,35.2,1.38,4.63,0.6,3.5,4.2,0.27,0.033,59,0.3,11,240,0.16,20,10,0.21,8.88,0,69.6,0,0.04,0.01
20119,"Tomate verte, crue","fruits, légumes, légumineuses et oléagineux",légumes,24.8,1.2,4,0.2,1.1,4,0.028,0.033,13,0.51,10,204,0.07,,,28.8,23.4,0,9,0,,0
20123,"Batavia, crue","fruits, légumes, légumineuses et oléagineux",légumes,14.9,1.25,1.78,0.25,2.1,1.1,0.005,0.015,26,0.39,8.7,200,0.16,10,10,74.3,4.38,,65.6,,0.005,0.01
20127,"Pourpier, feuille, cru","fruits, légumes, légumineuses et oléagineux",légumes,,2.03,,0.36,,,,0.11,65,1.99,68,494,0.17,,0.4,0,21,0,12,0,,0
20128,"Courge musquée, chair sans peau, crue","fruits, légumes, légumineuses et oléagineux",légumes,23.5,0.55,4.6,0.1,1,,,,18.3,0.43,6.25,235,,,0.5,0,4.6,,,,,0
20132,"Potimarron, chair sans peau, cru","fruits, légumes, légumineuses et oléagineux",légumes,22.1,0.95,3.1,0.28,1.7,1.69,0.027,0.074,18.5,0.38,7.13,342,0.11,1.675,0.43,0,9.86,0,36,0,0.033,0
20134,"Courge hokkaïdo, chair sans peau, crue","fruits, légumes, légumineuses et oléagineux",légumes,56.1,1.4,9.98,0.6,2.6,,,,24.7,0.4,10.8,436,,,,0,13.9,,,,,0
20136,"Courge melonnette, chair sans peau, crue","fruits, légumes, légumineuses et oléagineux",légumes,30.8,0.75,5.98,0.13,1.35,,,,18.3,0.48,16.8,359,,,,0,9.7,,,,,0
20138,"Courge butternut (doubeurre), chair sans peau, crue","fruits, légumes, légumineuses et oléagineux",légumes,30.5,1,5.4,0.1,2,2.2,0.021,0.01,48,0.7,34,352,0.15,,,352,21,0,27,0,,0
20139,"Courge, crue","fruits, légumes, légumineuses et oléagineux",légumes,14.4,0.95,1.6,0.13,1.5,1.6,0.027,0.01,28,0.58,14,350,0.21,0.24,0.15,68.3,12.3,0,24,0,0.035,0
20145,"Courge spaghetti, chair sans peau, crue","fruits, légumes, légumineuses et oléagineux",légumes,32.3,0.64,5.41,0.57,1.5,2.76,0.12,0.043,23,0.31,12,108,0.19,,,5.33,2.1,0,12,0,,0
20151,"Piment, cru","fruits, légumes, légumineuses et oléagineux",légumes,37.4,1.87,5.75,0.44,1.5,4.01,0.042,0.023,14,1.03,23,322,0.26,,,44.5,144,0,23,0,0.005,0
20159,"Champignon, oronge vraie, crue","fruits, légumes, légumineuses et oléagineux",légumes,,2,,0.3,1.7,1,0.07,0.013,17,1.1,,320,0.4,,,0,3,2.1,44,,,0
20160,"Champignon, cèpe, cru","fruits, légumes, légumineuses et oléagineux",légumes,28.8,3.23,2,0.49,2.12,1.28,0.12,0.048,22.7,1.07,12,361,0.4,,,0,2.83,3.1,44,,,0
20161,"Champignon, rosé des prés, cru","fruits, légumes, légumineuses et oléagineux",légumes,,2.3,,0.4,1.7,1,0.1,0.013,10,1.2,,320,0.4,,,0,4,0,44,,,0
20162,"Chicorée rouge, crue","fruits, légumes, légumineuses et oléagineux",légumes,18.9,1.4,1.6,0.1,3,1.6,0.02,0.018,36,0.3,,180,0.2,,,0,10,0,13,,,0
20163,"Chicorée verte, crue","fruits, légumes, légumineuses et oléagineux",légumes,16.1,1.9,0.5,0.5,1,0.5,0.12,0.041,82.5,4.15,17,498,0.32,,,271,46,0,29,,,0
20166,"Citrouille, chair sans peau, crue","fruits, légumes, légumineuses et oléagineux",légumes,29.7,1,5.79,0.1,0.5,2.76,0.052,0.003,21,0.8,12,340,0.32,,,258,9,0,16,0,,0
20167,"Chou chinois pé-tsaï, cru","fruits, légumes, légumineuses et oléagineux",légumes,16.4,1.25,2.1,0.2,0.73,0.82,0.042,0.023,30.4,0.31,13,238,0.11,0.29,0.3,0,21,0,96.2,0,0.055,0
20168,"Poivron jaune, cru","fruits, légumes, légumineuses et oléagineux",légumes,29.4,0.94,4.73,0.3,1.2,4.3,0.11,0.006,8.6,0.21,12,220,0.23,10,10,53.5,121,0,43.3,0,0.02,0.01
20171,"Laitue romaine, crue","fruits, légumes, légumineuses et oléagineux",légumes,17.2,1.23,1.35,0.3,2.1,1.19,0.039,0.02,33,0.97,14,247,0.23,1,1.25,436,4,0,136,0,0.11,0
20172,"Tomate cerise, crue","fruits, légumes, légumineuses et oléagineux",légumes,31.8,1.31,5.62,0.25,1.2,4.8,0.005,0.006,6.6,0.37,11,330,0.18,10,10,113,21.8,0,17.6,0,0.005,0.01
20173,"Pois mange-tout ou pois gourmand, cru","fruits, légumes, légumineuses et oléagineux",légumes,43,2.8,6.2,0.2,2.6,4,0.039,0.01,43,2.08,24,200,0.27,,,52.5,60,0,42,0,,0
20181,"Panais, cru","fruits, légumes, légumineuses et oléagineux",légumes,67.9,1.2,12.6,0.3,4.9,4.8,0.05,0.025,36,0.59,29,375,0.59,0.2,0.28,0,17,0,67,0,0.004,0
20183,"Graine germée de haricot mungo ou pousse de ""soja"", crue","fruits, légumes, légumineuses et oléagineux",légumes,28.3,2.57,3.4,0.25,1.7,3.4,0,0.043,16,0.44,16,120,0.32,25,10,0.42,4.13,0.25,61.3,0,0,0
20192,"Tomate côtelée ou coeur de boeuf, crue","fruits, légumes, légumineuses et oléagineux",légumes,17.4,0.5,3.4,0.25,0.9,2.98,0.005,0.006,7.2,0.14,6.9,210,0.09,10,10,68.8,17.8,,65.4,,0.005,0.01
20195,"Haricot beurre, cru","fruits, légumes, légumineuses et oléagineux",légumes,37.6,1.82,5.6,0.12,3.4,,0.026,0.015,37,1.04,25,209,0.24,,0.6,0,16.3,0,37,0,,0
20197,"Salsifis noir, ou scorsonère d'Espagne, cru","fruits, légumes, légumineuses et oléagineux",légumes,83,3.13,15.3,0.3,3.3,,0.05,0.011,24.1,0.7,32.1,387,,,0.2,0,3,0,,0,0.036,0
20198,"Bambou, pousse, crue","fruits, légumes, légumineuses et oléagineux",légumes,29.1,2.6,2.57,0.3,2.2,2.57,0.069,0.01,13,0.5,3,533,1.1,,,1,4,0,7,0,,0
20199,"Cresson alénois, cru","fruits, légumes, légumineuses et oléagineux",légumes,23.8,2.6,1.22,0.7,1.1,1.22,0.023,0.035,81,1.3,38,606,0.23,,0.9,346,69,0,80,0,0.17,0
20200,"Laitue iceberg, crue","fruits, légumes, légumineuses et oléagineux",légumes,17.3,0.95,2.5,0.14,1.1,1.24,0.018,0.016,18,0.41,7,141,0.15,0.15,0.6,24.9,2.8,0,29,0,0.045,0
20201,"Rutabaga, cru","fruits, légumes, légumineuses et oléagineux",légumes,33.2,1.08,5.7,0.16,2.3,4.46,0.027,0.03,43,0.44,20,305,0.24,0,0.75,0.083,25,0,21,0,0.03,0
20203,"Haricot beurre, surgelé, cru","fruits, légumes, légumineuses et oléagineux",légumes,33.1,1.8,4.59,0.21,2.8,2.5,0.047,0.007,42,0.86,22,186,0.26,,0.4,0,12.9,0,15,0,,0
20204,"Brocoli, surgelé, cru","fruits, légumes, légumineuses et oléagineux",légumes,26.4,2.78,1.5,0.42,2.75,1.24,0.076,0.046,41,0.72,16,250,0.34,2.8,,56.3,68.3,0,94,0,0.005,0
20206,"Chou de Bruxelles, surgelé, cru","fruits, légumes, légumineuses et oléagineux",légumes,45.2,3.78,4.69,0.41,3.8,2.35,0.084,0.025,26,0.93,20,370,0.31,1.1,0.25,30.8,74.1,0,123,0,0.16,0
20208,"Carotte, surgelée, crue","fruits, légumes, légumineuses et oléagineux",légumes,33.6,0.78,4.95,0.46,3.3,4.69,0.047,0.17,36,0.44,12,235,0.33,,,1060,2.5,0,10,0,0.007,0
20210,"Concombre, chair sans peau, cru","fruits, légumes, légumineuses et oléagineux",légumes,11.1,0.56,2.23,0.25,0.8,1.8,0.005,0.006,16,0.14,8.9,140,0.13,10,10,2.03,3.52,0,7.2,0,0.005,0.01
20214,"Petits pois et carottes, surgelés, crus","fruits, légumes, légumineuses et oléagineux",légumes,53,3.4,7.1,0.47,3.4,3.43,0.084,0.2,27,1.09,18,194,0.52,,,0,11.2,0,36,0,,0
20217,"Roquette, crue","fruits, légumes, légumineuses et oléagineux",légumes,27.9,2.58,2.1,0.66,1.6,2.05,0.086,0.068,160,1.46,47,369,0.47,,,119,15,0,97,0,,0
20218,"Chou frisé, cru","fruits, légumes, légumineuses et oléagineux",légumes,49.5,4.28,4.2,0.93,3.6,2.26,0.091,0.095,150,1.47,47,491,0.56,2.1,1.4,494,120,0,141,0,0.25,0
20228,"Champignon de Paris ou champignon de couche, surgelé, cru","fruits, légumes, légumineuses et oléagineux",légumes,16.1,1.87,0.93,0.2,1.97,0.25,0.1,0.02,10,0.8,,,,,,0,4,,,,,0
20230,"Courgette, chair et peau, surgelée, crue","fruits, légumes, légumineuses et oléagineux",légumes,16.5,1.08,2,0.13,1.48,1.11,0.027,0.028,18,0.51,13,218,0.21,,,9.92,5.3,0,10,0,,0
20231,"Crosne, surgelé, cru","fruits, légumes, légumineuses et oléagineux",légumes,51.8,7.38,5.51,0.03,0,0.5,0,0.003,,,,,,,,0,,,,,,0
20232,"Artichaut, fond, surgelé, cru","fruits, légumes, légumineuses et oléagineux",légumes,54.5,1.89,7.02,0.42,7.54,1.89,0.1,0.18,,,,,,,,0,,,,,,0
20233,"Maïs doux, surgelé, cru","fruits, légumes, légumineuses et oléagineux",légumes,105,3.28,19.8,0.78,2.8,3.78,0.12,0.013,4,0.68,32,294,0.7,,,5.08,7.2,0,40,0,,0
20234,"Navet, surgelé, cru","fruits, légumes, légumineuses et oléagineux",légumes,20.4,1.04,2.8,0.16,1.8,1.9,0.017,0.063,23,0.7,10,137,0.14,,,0,4.4,0,8,0,,0
20235,"Oignon, surgelé, cru","fruits, légumes, légumineuses et oléagineux",légumes,30.3,0.89,5.22,0.06,2.65,3.81,0.011,0.025,36,0.46,10,142,0.12,,,0.083,8,0,21,0,0.003,0
20236,"Poireau, surgelé, cru","fruits, légumes, légumineuses et oléagineux",légumes,26.6,1.48,3.37,0.26,2.55,2.95,0.25,0.018,63,0.8,,,,,,0,26,,,,,0
20237,"Salsifis, surgelé, cru","fruits, légumes, légumineuses et oléagineux",légumes,41.1,2.34,4.68,0.16,5.8,2.5,0,0.043,,,,,,,,0,,,,,,0
20238,"Oignon rouge, cru","fruits, légumes, légumineuses et oléagineux",légumes,35,1.31,5.63,0.4,2.5,5.2,0.14,0.006,22,0.19,9,190,0.21,10,10,0.21,4.09,,10.9,,0.005,0.01
20239,"Oignon jaune, cru","fruits, légumes, légumineuses et oléagineux",légumes,35.9,1.19,6.39,0.25,2.6,0.2,0.005,0.006,13,0.1,5.4,150,0.1,10,10,0.21,2.08,,13,,0.005,0.01
20263,"Légumes pour potages, surgelés, crus","fruits, légumes, légumineuses et oléagineux",légumes,33.9,1.33,5.83,0,2.67,3.17,0,0.038,37,1,,,,,,0,25,,,,,0
20265,"Julienne ou brunoise de légumes, surgelée, crue","fruits, légumes, légumineuses et oléagineux",légumes,27.9,1.19,4.08,0.25,2.28,3.13,0.1,0.1,43.5,0.55,,,,,,0,9,,,,,0
20266,"Légumes pour ratatouille, surgelés","fruits, légumes, légumineuses et oléagineux",légumes,21,1.01,3.23,0.089,1.67,2.88,0,0.082,,,,,,,,0,,,,,,0
20267,"Printanière ou jardinière de légumes, surgelée, crue (petits pois, pommes de terre, haricots verts, carottes, oignon)","fruits, légumes, légumineuses et oléagineux",légumes,51.3,2.4,8.48,0.078,3.62,2.62,0,0.042,,,,,,,,0,16,,,,,0
20269,"Haricot plat, cru","fruits, légumes, légumineuses et oléagineux",légumes,32.4,1.93,4.47,0.12,2.97,1.3,0,0.035,60,0.8,,,,,,0,16,,,,,0
20270,"Épinard, jeunes pousses pour salades, cru","fruits, légumes, légumineuses et oléagineux",légumes,17,2.06,0,0.4,2.4,0,0.09,0.063,110,1.8,44,580,0.43,10,60,234,6.04,0.125,78.6,,0.17,0.01
20272,"Mesclun ou salade, mélange de jeunes pousses","fruits, légumes, légumineuses et oléagineux",légumes,22,2,2.5,0,2,0,0,0.048,,,,,,,,0,,,,,,0
20276,"Tomate ronde, crue","fruits, légumes, légumineuses et oléagineux",légumes,17.5,0.5,3.42,0.25,1,3,0.005,0.006,6.8,0.17,7,210,0.08,10,10,67.3,19.9,,13.5,,0.005,0.01
20279,"Asperge, verte, crue","fruits, légumes, légumineuses et oléagineux",légumes,24.7,2.46,2.03,0.27,2.15,1.5,0.069,0.014,22.4,1,12.2,267,,,,0,15.5,0,150,0,0.013,0
20280,"Chou romanesco ou brocoli à pomme, cru","fruits, légumes, légumineuses et oléagineux",légumes,29.7,2.95,2.2,0.3,3.2,2.2,0.047,0.058,33,0.73,20,300,0.64,,,7.75,88.1,0,57,0,,0
20282,"Asperge, blanche ou violette, pelée, crue","fruits, légumes, légumineuses et oléagineux",légumes,21,2.2,1.62,0.12,2.1,1.62,0.04,0.005,24,2.14,14,202,0.54,1.33,1.91,37.4,5.6,0,52,0,0.004,0
20283,"Salicorne (Salicornia sp.), crue","fruits, légumes, légumineuses et oléagineux",légumes,13.1,1.02,0.98,0.17,1.79,0.021,,2.96,39.7,2.6,53,201,0.5,0.4,0,0.09,1.05,0.059,29.8,0,,0
20288,"Salade sucrine, crue","fruits, légumes, légumineuses et oléagineux",légumes,16.6,1.13,2.58,0.15,0.8,1.78,0.005,0.006,23,0.27,9.6,230,0.18,10,,15.1,2.32,,57.2,,0.005,0.01
20295,"Salade feuille de chêne, crue","fruits, légumes, légumineuses et oléagineux",légumes,10.7,1.13,1.03,0.25,1.8,0.6,0.005,0.023,33,0.82,12,280,0.18,10,10,71.2,2.16,,36.7,,0.005,0.01
20340,"Chou chinois pak choï ou pak choy (feuilles vertes ressemblant à des blettes), cru","fruits, légumes, légumineuses et oléagineux",légumes,14.6,1.5,1.2,0.2,1,1.18,0.027,0.16,105,0.8,19,252,0.19,,,223,45,0,66,0,0.051,0
20343,"Tomate marmande, crue","fruits, légumes, légumineuses et oléagineux",légumes,,,2.81,0,,2.81,,,,,,,,,,0,19.3,,,,,0
20344,"Tomate noire de Crimée, crue","fruits, légumes, légumineuses et oléagineux",légumes,,,3.08,0,,3.08,,,,,,,,,,0,23.5,,,,,0
20345,"Tomate allongée, crue","fruits, légumes, légumineuses et oléagineux",légumes,18.8,,3.29,0,2.1,3.29,,,,,,,,,,0,16.8,,,,,0
20346,"Chou kale, cru","fruits, légumes, légumineuses et oléagineux",légumes,34.6,2.92,0.32,1.49,4.1,0.32,0.18,0.13,254,1.6,33,348,0.39,,,239,93.4,0,62,0,,0
20347,"Moringa, gousse, cru","fruits, légumes, légumineuses et oléagineux",légumes,,2.1,5.33,0.2,3.2,,0.033,0.11,30,0.36,45,461,0.45,,,0,141,0,44,0,,0
20348,"Moringa, feuille, cru","fruits, légumes, légumineuses et oléagineux",légumes,,9.4,6.28,1.4,2,,,0.023,185,4,42,337,0.6,,,0,51.7,0,40,0,,0
20385,"Tomate sans précision, crue (aliment moyen)","fruits, légumes, légumineuses et oléagineux",légumes,19.2,0.6,3.69,0.25,1.02,3.22,0.005,0.006,6.78,0.19,7.49,225,0.092,10,10,72.9,20.1,,14,,0.005,0.01
20496,"Légumes pour couscous, surgelés, crus","fruits, légumes, légumineuses et oléagineux",légumes,44.3,1.93,6.47,0.63,2.53,3.05,0.1,0.12,35.6,0.8,,,,,,0,27.4,,,,,0
20521,"Graine germée de lentille, fraîche, crue","fruits, légumes, légumineuses et oléagineux",légumes,123,8.96,19,0.55,3.1,,0.057,0.028,25,3.21,37,322,1.51,,,0,16.5,0,100,0,0.038,0
20584,"Tomate grappe, crue","fruits, légumes, légumineuses et oléagineux",légumes,19.8,0.5,3.67,0.25,1.5,3.25,0.005,0.006,6.6,0.18,6.5,200,0.08,10,10,80.5,20.1,,15,,0.005,0.01
25604,"Salade verte, crue, sans assaisonnement","fruits, légumes, légumineuses et oléagineux",légumes,13.5,1.01,1.5,0.1,1.3,0.83,0.028,0.046,35.3,0.64,15.3,260,0.18,3.23,2.5,167,1.95,0.25,55.3,0,0.016,0
25616,"Crudité, sans assaisonnement (aliment moyen)","fruits, légumes, légumineuses et oléagineux",légumes,27.7,0.91,3.06,1.15,1.55,2.49,0.23,0.033,22.5,0.35,11.3,247,0.17,7.18,7.99,195,11.4,0.08,31.1,,0.025,0.022
53100,"Banane plantain, crue","fruits, légumes, légumineuses et oléagineux",légumes,132,1.3,29.6,0.37,2.3,,0.14,0.01,3,0.6,37,499,0.14,,2.5,38.1,18.4,0,22,0,,0
58100,"Gombo, fruit, cru","fruits, légumes, légumineuses et oléagineux",légumes,31,1.93,3.8,0.19,3.2,1.48,0.026,0.018,82,0.62,57,299,0.58,,,34.7,23,0,60,0,0.001,0
13177,"Chayote ou christophine ou chouchou, bouillie/cuite à l'eau","fruits, légumes, légumineuses et oléagineux",légumes,21.6,0.62,2.29,0.48,2.8,,0.086,0.003,13,0.22,12,173,0.31,,,0,8,0,18,0,,0
19999,"Poivron, vert, jaune ou rouge, cuit (aliment moyen)","fruits, légumes, légumineuses et oléagineux",légumes,33,1.11,5.42,0.33,1.99,5.1,0.088,0.005,8.86,,12.9,180,0.18,0.725,1.65,0,82,,15.1,,,0.001
20000,"Artichaut, cuit","fruits, légumes, légumineuses et oléagineux",légumes,33.2,2.53,0.99,0.28,8.3,0.99,0.069,0.15,42.9,0.67,44.6,427,0.29,5,2.5,0.67,9.1,0,89,0,0.025,0
20002,"Aubergine, cuite","fruits, légumes, légumineuses et oléagineux",légumes,27.1,0.83,4.17,0.23,2.5,3.2,0.044,0.003,20.1,0.25,15,123,0.098,1.675,1,1.83,1.3,0,14,0,0.009,0
20003,"Betterave rouge, cuite","fruits, légumes, légumineuses et oléagineux",légumes,41.5,1.44,7.13,0.4,2.5,6.7,0.15,0.23,24,0.29,17,320,0.29,10,10,0.21,0.25,0,12.4,0,0.005,0.01
20005,"Bette ou blette, côte (sans feuille), cuite","fruits, légumes, légumineuses et oléagineux",légumes,11.2,0.7,1.23,0.25,2.5,0.8,0.005,0.25,56,0.35,18,240,0.08,10,10,7.43,0.25,0.125,43.2,,0.005,0.01
20007,"Carotte, appertisée, égouttée","fruits, légumes, légumineuses et oléagineux",légumes,21.8,0.7,3.29,0.19,1.88,2.49,0.068,0.57,25,0.64,8,179,0.26,0.85,2,444,2.7,0,9,0,0.011,0
20011,"Champignon, tout type, appertisé, égoutté","fruits, légumes, légumineuses et oléagineux",légumes,24.9,1.87,2.56,0.29,2.4,2.19,0.038,1.06,18.9,0.79,6.65,129,0.51,1.1,2,0,0,0.2,12,0,,0
20015,"Chou vert, cuit","fruits, légumes, légumineuses et oléagineux",légumes,24.1,1.03,3.04,0.45,2.4,2.79,0.14,0.098,69.7,0.28,15.1,190,0.22,3.56,1.45,4,27.3,0,38,0,0.022,0
20017,"Chou-fleur, bouilli/cuit à l'eau","fruits, légumes, légumineuses et oléagineux",légumes,20.9,1.6,1.6,0.46,2,0,0.097,0.049,19.2,0.31,12.9,238,0.22,5,2.5,2.08,9.7,0,78.8,0,0.15,0
20018,"Coeur de palmier, appertisé, égoutté","fruits, légumes, légumineuses et oléagineux",légumes,41.5,2.51,5.5,0.56,2.2,1.5,0.13,0.81,58,3.13,38,177,1.15,,0.5,0,7.9,0,39,0,,0
20021,"Courgette, chair et peau, cuite","fruits, légumes, légumineuses et oléagineux",légumes,15.5,0.93,1.4,0.36,1.5,0,0.1,0.098,19.3,0.32,22.3,238,0.22,5,2.5,14.4,2.9,0,32.8,0,0.11,0
20025,"Céleri-rave, cuit","fruits, légumes, légumineuses et oléagineux",légumes,36.5,1.3,4.6,0.86,2.6,2.8,,0.15,52.4,0.32,15.1,306,0.24,,5,2.08,2.7,0,67.4,0,,0
20027,"Épinard, cuit","fruits, légumes, légumineuses et oléagineux",légumes,19.6,3.2,0.25,0.14,2.7,0,0.054,0.069,140,2.14,54.4,396,0.65,5,5,134,2.1,0,125,0,,0
20029,"Graine germée de haricot mungo ou pousse de ""soja"", appertisée, égouttée","fruits, légumes, légumineuses et oléagineux",légumes,22.4,1.48,2.57,0.15,1.8,2.09,0.03,0.5,33.3,0.39,8.17,50.6,0.25,0.415,6.5,1.25,106,0,38.6,0,0.04,0.006
20030,"Haricot vert, cuit","fruits, légumes, légumineuses et oléagineux",légumes,29.4,2,3,0.17,4,0,0.048,0.4,55.3,0.6,22.3,174,0.2,5,2.5,11.4,5,0,33,0,0.059,0
20033,"Navet, cuit","fruits, légumes, légumineuses et oléagineux",légumes,25,0.9,3.8,0.2,2.2,2.9,0.008,0.073,37.3,0.11,8.75,237,0.099,5,5,2.08,5.6,0,9,0,,0
20035,"Oignon, cuit","fruits, légumes, légumineuses et oléagineux",légumes,34.6,1.3,6.2,0.2,1.4,4,0.024,0.021,29.2,0.21,13,220,0.19,5,1,2.08,2.1,0,21,0,,0
20036,"Petits pois, appertisés, égouttés","fruits, légumes, légumineuses et oléagineux",légumes,92.5,4.87,13.7,0.8,5.75,3.59,0.15,0.65,20.6,1.18,16.3,106,0.42,1.675,2.03,42.8,4.2,0,31,0,0.065,0
20037,"Petits pois, cuits","fruits, légumes, légumineuses et oléagineux",légumes,61.4,5.8,4.7,0.87,5.8,1.7,0.21,0.018,32.7,1.17,31.9,135,0.8,5,2.5,34.5,1.8,0,65.6,0,0.014,0
20040,"Poireau, cuit","fruits, légumes, légumineuses et oléagineux",légumes,,0.81,,0,,,,0.04,,,,,0.2,1,0.2,33.3,7,,54.5,,,0
20046,"Salsifis, cuit","fruits, légumes, légumineuses et oléagineux",légumes,67.7,2.73,12.3,0.17,3.1,2.9,0.041,0.04,47,0.55,18,283,0.3,,0.2,0,4.6,0,15,0,,0
20048,"Tomate, pelée, appertisée, égouttée","fruits, légumes, légumineuses et oléagineux",légumes,16.4,0.9,1.61,0.28,1.27,1.6,0.034,0.33,21.1,0.57,9.2,191,0.11,1.1,1.73,20.4,12.6,0,8,0,0.009,0
20049,"Maïs doux, en épis, cuit","fruits, légumes, légumineuses et oléagineux",légumes,106,3.41,18.6,1.5,2.4,4.54,0.2,0.003,3,0.45,26,218,0.62,0,1,5.5,5.5,0,23,0,,0
20051,"Macédoine de légumes, appertisée, égouttée","fruits, légumes, légumineuses et oléagineux",légumes,40.4,2.32,5.59,0.28,3.16,1.73,0.076,0.61,40.7,1.05,10.6,291,0.28,1.1,0.2,473,5,0,24,0,,0
20060,"Épinard, appertisé, égoutté","fruits, légumes, légumineuses et oléagineux",légumes,24.5,2.81,0.93,0.5,2.4,0.4,0.081,0.81,127,2.3,76,346,0.46,1.35,2.79,490,14.3,0,98,0,,0
20062,"Haricot vert, appertisé, égoutté","fruits, légumes, légumineuses et oléagineux",légumes,23.2,1.34,2.07,0.32,3.36,0.77,0.083,0.65,38,1.06,13,96,0.2,0.89,0.99,10.2,2.8,0,28,0,0.077,0
20063,"Haricot beurre, appertisé, égoutté","fruits, légumes, légumineuses et oléagineux",légumes,23.2,1.2,3.25,0.2,1.78,0.86,0.022,0.67,26,0.9,13,109,0.29,0.43,0.38,5.25,4.8,0,32,0,,0
20066,"Maïs doux, appertisé, égoutté","fruits, légumes, légumineuses et oléagineux",légumes,105,2.66,18.3,1.68,3.1,2.37,0.26,0.59,3.51,0.35,26.9,224,0.39,5,2.55,1.83,2.1,0,75,0,0.015,0
20067,"Artichaut, appertisé, égoutté","fruits, légumes, légumineuses et oléagineux",légumes,39.8,1.5,6.5,0.2,3,1.5,0,0.8,,,,,,,,0,,,,,,0
20068,"Tomate, concentré, appertisé","fruits, légumes, légumineuses et oléagineux",légumes,99.2,4.4,17.1,0.53,4.2,13.3,0.1,0.27,45.6,1.2,63.3,1010,0.05,0.4,4.4,65.3,2.6,0,58,0,0.01,0
20071,"Haricot vert, surgelé, cuit","fruits, légumes, légumineuses et oléagineux",légumes,33.7,1.49,5.1,0.17,3,1.23,0.042,0.003,42,0.66,19,159,0.24,0.4,0.4,27.8,4.1,0,23,0,,0
20074,"Artichaut, cuit à la vapeur sous pression","fruits, légumes, légumineuses et oléagineux",légumes,46.4,2.63,3.24,0.15,10.9,1.9,0.005,0.068,42,0.7,41,480,0.27,10,10,3.62,0.25,,52.6,,0.005,0.01
20076,"Asperge, appertisée, égouttée","fruits, légumes, légumineuses et oléagineux",légumes,20.3,1.57,1.2,0.65,1.55,1.03,0.15,0.72,16,1.83,10,172,0.4,0.97,0.53,41.1,18.4,0,96,0,0.004,0
20077,"Chou de Bruxelles, appertisé, égoutté","fruits, légumes, légumineuses et oléagineux",légumes,37.8,2.5,4.1,0.53,3.3,2.5,0.097,0.57,26.3,0.7,12.2,252,0.2,1.5,1,38.8,18,0,,0,,0
20078,"Céleri branche, appertisé, égoutté","fruits, légumes, légumineuses et oléagineux",légumes,13.1,0.63,1.38,0.15,2,0.8,0.1,0.54,29.2,,8,281,0.14,1,0.2,4.67,,,,,,0
20079,"Champignon de Paris ou champignon de couche, appertisé, égoutté","fruits, légumes, légumineuses et oléagineux",légumes,18.3,2,0.64,0.37,2.5,0,0.065,0.63,22.2,0.9,4.85,72.1,0.44,0.5,2.5,0.83,6.5,0,29.6,0,0.001,0
20081,"Salsifis, appertisé, égoutté","fruits, légumes, légumineuses et oléagineux",légumes,29.2,1.33,4.33,0.17,2.5,1,0.07,0.64,21,,8.9,173,,0.6,0.2,1.58,,,,,,0
20086,"Poivron vert, cuit","fruits, légumes, légumineuses et oléagineux",légumes,17.3,0.92,2.36,0.2,1.2,2.36,0.029,0.005,9,0.46,10,166,0.12,0,1,22,74.4,0,16,0,,0
20088,"Poivron rouge, cuit","fruits, légumes, légumineuses et oléagineux",légumes,37.9,1.17,6.41,0.35,2.2,6,0.1,0.005,9,,14,180,0.2,0,1,0,81,,11,,,0
20093,"Petits pois et carottes, appertisés, égouttés","fruits, légumes, légumineuses et oléagineux",légumes,53.8,2.52,8.58,0.37,3.08,3.32,0.074,0.62,23,0.75,14,100,0.58,,2,250,6.6,0,18,0,0.005,0.01
20094,"Chou-rave, bouilli/cuit à l'eau","fruits, légumes, légumineuses et oléagineux",légumes,28,1.8,4.4,0.11,1.1,2.8,0.014,0.053,25,0.4,19,340,0.31,,,1.75,54,0,12,0,,0
20095,"Chou rouge, bouilli/cuit à l'eau","fruits, légumes, légumineuses et oléagineux",légumes,25.3,1.51,3.32,0.09,2.6,3.32,0.011,0.07,54.6,0.66,11.8,262,0.14,1.485,1.35,1.67,34.4,0,24,0,,0
20096,"Potiron, cuit","fruits, légumes, légumineuses et oléagineux",légumes,26.1,0.81,4.47,0.07,2,3.1,0.037,0.005,13,0.18,6.9,230,0.1,10,10,502,0.84,0.125,2.5,0,0.005,0.01
20102,"Champignon de Paris ou champignon de couche, bouilli/cuit à l'eau","fruits, légumes, légumineuses et oléagineux",légumes,28.7,2.17,3,0.47,2.2,2.34,0.061,0.005,6,1.74,12,356,0.87,11.9,,0,4,0.2,18,0,,0
20118,"Fenouil, bouilli/cuit à l'eau","fruits, légumes, légumineuses et oléagineux",légumes,11.7,1.13,0.8,0.05,2,0.5,0.019,0.15,43,0.2,10.2,270,0.18,1.8,,1.17,1.6,0,31.8,0,0.002,0
20124,"Petits pois, surgelés, cuits","fruits, légumes, légumineuses et oléagineux",légumes,65.8,5.15,7.95,0.27,5.5,4.65,0.049,0.18,24,1.52,22,110,0.67,1,,104,9.9,0,59,0,,0
20125,"Champignon de Paris ou champignon de couche, sauté/poêlé, sans matière grasse","fruits, légumes, légumineuses et oléagineux",légumes,38.4,4.44,4.53,0.6,0.9,0,0.18,0.028,2.7,0.31,14,540,0.81,10,10,0.21,0.25,0.2,14.3,0,0.005,0.01
20135,"Fondue de poireau, préemballée","fruits, légumes, légumineuses et oléagineux",légumes,58.4,1.1,,5.2,3.6,,3.6,0.5,,,,,,,,0,,,,,,0
20137,"Tomate, pelée, appertisée, au jus, non égouttée","fruits, légumes, légumineuses et oléagineux",légumes,21.8,0.79,3.15,0.25,1.9,2.55,0.034,0.025,33,0.57,10,191,0.12,,,22.1,12.6,0,8,0,,0
20141,"Courge butternut (doubeurre), chair sans peau, bouillie/cuite à l'eau","fruits, légumes, légumineuses et oléagineux",légumes,28.2,0.69,4.56,0.2,2.4,4.51,0.052,0.01,44,0.25,7.95,277,0.25,0.415,1.25,173,4.95,0.05,30.3,0,0.031,0.001
20143,"Courge spaghetti, chair sans peau, cuite","fruits, légumes, légumineuses et oléagineux",légumes,28,0.66,5.06,0.26,1.4,2.53,0.062,0.045,21,0.34,11,117,0.2,,,4.92,3.5,0,8,0,,0
20155,"Artichaut, coeur, appertisé, égoutté","fruits, légumes, légumineuses et oléagineux",légumes,24.2,1.8,2.31,0.25,3.2,1.2,0.005,0.78,25,0.4,18,150,0.28,10,10,2.05,12.2,0.125,54.3,,0.005,0.01
20156,"Artichaut, fond, appertisé, égoutté","fruits, légumes, légumineuses et oléagineux",légumes,23.4,1.2,3.02,0.25,2.6,0.8,0.005,0.73,36,0.36,20,140,0.2,10,10,0.89,18,0.125,53.6,,0.005,0.01
20158,"Tétragone cornue, cuite","fruits, légumes, légumineuses et oléagineux",légumes,13.5,1.3,1,0.17,1.4,0.25,0.027,0.27,48,0.66,32,102,0.31,,,0,16,0,8,0,,0
20165,"Rutabaga, cuit","fruits, légumes, légumineuses et oléagineux",légumes,26,0.93,4.26,0.18,1.8,3.95,0.029,0.013,18,0.18,10,216,0.12,,,0.083,18.8,0,15,0,,0
20169,"Tomate, chair, appertisée","fruits, légumes, légumineuses et oléagineux",légumes,22.6,1.2,3.63,0.25,1.8,3.2,0.005,0.068,20,0.39,11,260,0.09,10,10,165,10.5,0.125,30.2,0,0.005,0.01
20170,"Tomate, purée, appertisée","fruits, légumes, légumineuses et oléagineux",légumes,47.6,1.5,8.42,0.2,1.6,3.3,0.052,0.42,19.9,0.6,30,798,0.2,0.4,2.2,0,9,0,72,0,0.012,0.005
20188,"Bambou, pousses, appertisées, égouttées","fruits, légumes, légumineuses et oléagineux",légumes,19.3,1.63,1.9,0.31,1.2,1.89,0.072,0.19,10,0.28,3.5,307,0.56,,,0.67,1.1,0,2.5,0,,0
20212,"Champignon, lentin comestible ou shiitaké, cuit","fruits, légumes, légumineuses et oléagineux",légumes,60.9,1.56,12.3,0.22,2.1,3.84,0.05,0.01,3,0.44,14,117,1.33,,,0,0.3,0.7,21,0,,0
20216,"Pois mange-tout ou pois gourmand, bouilli/cuit à l'eau","fruits, légumes, légumineuses et oléagineux",légumes,30.9,2.25,3.39,0.3,2.8,2.3,0.08,0.013,35,0.46,14,100,0.28,10,10,41.8,20.6,0.125,56,0,0.04,0.01
20219,"Chou frisé, cuit","fruits, légumes, légumineuses et oléagineux",légumes,29.7,1.9,3.63,0.4,2,1.25,0.052,0.058,72,0.9,18,228,0.24,,,0,41,0,13,0,,0
20221,"Chou chinois pé-tsaï, sauté/poêlé","fruits, légumes, légumineuses et oléagineux",légumes,18.9,1.06,2.77,0.25,1.6,2.72,0.075,0.043,54,0.28,10.2,285,0.25,0.415,1.25,1.25,11.4,0.05,76.7,,0.075,0.15
20241,"Cardon, cuit","fruits, légumes, légumineuses et oléagineux",légumes,22,0.76,3.63,0.11,1.7,,0.012,0.44,72,0.73,43,392,0.18,,,0,1.7,0,22,0,,0
20242,"Tomate, chair et peau, bouillie/cuite à l'eau","fruits, légumes, légumineuses et oléagineux",légumes,17.4,0.95,2.8,0.11,0.7,2.49,0.015,0.028,11,0.68,9,218,0.14,0.18,1.5,24.4,22.8,0,13,0,,0
20243,"Pois mange-tout ou pois gourmands, cuits","fruits, légumes, légumineuses et oléagineux",légumes,47.3,3.5,5.92,0.38,3.1,4.82,0.073,0.013,59,2.4,28,217,0.49,,,63.3,22,0,35,0,,0
20255,"Échalote, cuite","fruits, légumes, légumineuses et oléagineux",légumes,69.3,2.13,13.5,0.25,3.4,6.3,0,0.031,28,0.34,14,400,0.32,25,10,0.42,2.25,,12.9,,0,0
20257,"Haricots verts, purée","fruits, légumes, légumineuses et oléagineux",légumes,56.3,1.7,4.2,2.9,3.3,1.5,1.9,0.36,,,,,,,,0,,,,,,0
20258,"Légumes (3-4 sortes en mélange), purée","fruits, légumes, légumineuses et oléagineux",légumes,61.2,1.94,4.25,3.4,3.3,2.4,2.17,0.63,47,0.67,18,260,0.33,10,10,86.7,0.25,0.125,19,0.019,0.06,0.01
20259,"Brocoli, purée","fruits, légumes, légumineuses et oléagineux",légumes,29,2.5,2.75,0.38,2.39,1.65,,0.02,87,0.9,,,,,,0,,,,,,0
20260,"Tomate, coulis, appertisé (purée de tomates mi-réduite à 11%)","fruits, légumes, légumineuses et oléagineux",légumes,45.5,2.05,7.57,0.2,2.6,5.5,0.08,0.88,,,,,,,,0,,,,,0.005,0.005
20261,"Carotte, purée","fruits, légumes, légumineuses et oléagineux",légumes,30.1,0.88,5.06,0.15,3.1,4.8,0.005,0.13,30,0.32,8.4,230,0.23,10,10,516,0.25,,14.3,,0.005,0.01
20264,"Courgette, purée","fruits, légumes, légumineuses et oléagineux",légumes,57.3,2.8,6.5,1.9,1.5,2.3,1.3,0.6,,,,,,,,0,,,,,,0
20268,"Tomate, double concentré, appertisé","fruits, légumes, légumineuses et oléagineux",légumes,99.5,3.75,19.3,0.47,1.5,19.3,0,0.93,,,,,,,,0,,,,,,
20271,"Macédoine de légumes, précuite, à finir de cuire, surgelée","fruits, légumes, légumineuses et oléagineux",légumes,62.4,4,7.5,0.5,6,3.5,0,0.045,,,,,,,,0,,,,,,0
20275,"Poivron rouge, appertisé, égoutté","fruits, légumes, légumineuses et oléagineux",légumes,26.3,0.96,4.5,0.2,1.35,3.2,0.029,0.17,9,0.46,10,166,0.12,,,127,171,0,16,0,0.006,0
20277,"Asperge blanche, bouillie/cuite à l'eau","fruits, légumes, légumineuses et oléagineux",légumes,17.3,1.44,1.63,0.3,1.3,1.2,0.1,0.013,15,0.26,7.1,120,0.3,10,10,1.59,5.16,,66.8,,0.005,0.01
20278,"Céleri-rave, purée","fruits, légumes, légumineuses et oléagineux",légumes,26.2,1.37,2.83,0.18,4.01,2.11,0,0.12,50,0.5,,,,,,0,8.3,,,,,0
20284,"Petits pois, purée","fruits, légumes, légumineuses et oléagineux",légumes,86,4.8,8,2.8,4.8,3,1.7,0.74,,,,,,,,0,,,,,,0
20289,"Tomate, chair et peau, rôtie/cuite au four","fruits, légumes, légumineuses et oléagineux",légumes,24,1,3.53,0.4,1.9,3.1,0.11,0.006,12,0.22,9.2,310,0.11,10,10,47.3,14.9,0.125,20.1,,0.02,0.01
20290,"Chou romanesco ou brocoli à pomme, cuit","fruits, légumes, légumineuses et oléagineux",légumes,34.5,3,2.03,0.8,4.3,1.6,0.27,0.006,32,0.53,13,260,0.32,10,10,6.76,15.1,0.125,49.1,,,0.01
20291,"Potimarron, chair sans peau, cuit à l'étouffée","fruits, légumes, légumineuses et oléagineux",légumes,44.2,1.31,7.05,0.5,3.3,4.5,0.14,0.006,18,0.24,10,430,0.27,10,10,83.3,10.9,0.125,24.7,,0.05,0.01
20292,"Courge butternut (doubeurre), chair sans peau, cuite","fruits, légumes, légumineuses et oléagineux",légumes,28.9,1.06,5.24,0.25,1.8,4,0.005,0.006,17,0.15,7.4,340,0.13,10,10,95.8,2.28,0.125,30.5,,0.005,0.01
20298,"Carotte, purée cuisinée à la crème, préemballée","fruits, légumes, légumineuses et oléagineux",légumes,43.7,1.44,4.57,1.6,3,4.39,0.99,0.53,30,0.19,6.4,190,0.18,10,10,621,0.25,,11.7,,0.01,0.01
20299,"Asperge verte, bouillie/cuite à l'eau","fruits, légumes, légumineuses et oléagineux",légumes,25.3,2.69,1.73,0.3,2.2,1.3,0.07,0.006,21,0.64,10,220,0.49,10,10,36.5,4.73,,69.9,,0.06,0.01
20300,"Aubergine, chair et peau, rôtie/cuite au four","fruits, légumes, légumineuses et oléagineux",légumes,31.1,1.31,3.83,0.15,1.9,3.4,0.005,0.006,13,0.59,20,310,0.14,10,10,5.02,0.25,,2.5,,0.005,0.01
20301,"Bette ou blette, côte et feuille, bouillie/cuite à l'eau","fruits, légumes, légumineuses et oléagineux",légumes,15.6,0.88,1.43,0.3,2.5,1,0.1,0.19,60,0.52,10,160,0.11,10,10,105,0.25,,18.3,,0.06,0.01
20302,"Brocoli, bouilli/cuit à l'eau, croquant","fruits, légumes, légumineuses et oléagineux",légumes,22.2,2.5,1.23,0.4,2.6,0.8,0.1,0.043,42,0.41,12,110,0.23,10,10,55.3,22.7,,67.1,,0.14,0.01
20303,"Brocoli, bouilli/cuit à l'eau, fondant","fruits, légumes, légumineuses et oléagineux",légumes,21.8,2.19,1.03,0.5,3,0.6,0.14,0.033,43,0.33,11,90,0.18,10,10,48,18.1,,24.7,,0.12,0.01
20304,"Brocoli, cuit à la vapeur","fruits, légumes, légumineuses et oléagineux",légumes,38,4.13,2.53,0.7,2.2,1.5,0.25,0.04,36,0.58,23,340,0.53,10,10,47.3,20.7,,81.7,,0.12,0.01
20305,"Carotte, bouillie/cuite à l'eau, croquante","fruits, légumes, légumineuses et oléagineux",légumes,33.1,0.75,6.33,0.15,3.2,5.9,0.005,0.11,27,0.19,8,170,0.22,10,10,706,1.71,,19.3,,0.005,0.01
20306,"Carotte, bouillie/cuite à l'eau, fondante","fruits, légumes, légumineuses et oléagineux",légumes,29.6,0.25,5.73,0.15,3.3,5.1,0.005,0.12,28,0.19,9.4,140,0.22,10,10,725,0.52,,17.7,,0.005,0.01
20307,"Carotte, cuite à la vapeur","fruits, légumes, légumineuses et oléagineux",légumes,40.3,0.63,7.33,0.3,3.7,6.9,0.07,0.11,26,0.22,10,240,0.21,10,10,744,1.28,,21.3,,0.01,0.01
20308,"Chou blanc, bouilli/cuit à l'eau","fruits, légumes, légumineuses et oléagineux",légumes,20.8,1,3.23,0.15,2.7,2.8,0.005,0.018,42,0.19,6.4,120,0.07,10,10,0.21,13.3,,9.55,,0.005,0.01
20309,"Chou de Bruxelles, bouilli/cuit à l'eau","fruits, légumes, légumineuses et oléagineux",légumes,44.4,3.19,5.4,0.15,4.8,4.1,0.005,0.023,35,0.51,19,410,0.31,10,10,18,55.4,,49.3,,0.005,0.01
20310,"Chou rouge, cuit à l'étouffée","fruits, légumes, légumineuses et oléagineux",légumes,33.9,1.19,5.7,0.15,3,4.5,0.005,0.033,44,0.29,13,250,0.15,10,10,0.99,26.2,,45.1,,0.005,0.01
20311,"Chou vert, bouilli/cuit à l'eau","fruits, légumes, légumineuses et oléagineux",légumes,19,1.63,1.83,0.15,3.3,1.4,0.005,0.013,48,0.34,7.3,130,0.13,10,10,10.8,12,,12.4,,0.005,0.01
20312,"Chou-fleur, cuit à la vapeur","fruits, légumes, légumineuses et oléagineux",légumes,30.5,2.56,3.41,0.3,1.8,2.4,0.09,0.013,26,0.38,12,300,0.28,10,10,0.47,21.4,,54.3,,0.09,0.01
20313,"Courgette, chair et peau, rôtie/cuite au four","fruits, légumes, légumineuses et oléagineux",légumes,20.3,1.5,3.13,0.15,1.7,2.7,0.005,0.006,24,0.4,23,300,0.27,10,10,34.6,0.25,,16.4,,0.005,0.01
20314,"Céleri branche, cuit à l'étouffée","fruits, légumes, légumineuses et oléagineux",légumes,14.7,0.75,2.48,0.15,1.5,1.7,0.005,0.35,31,0.12,8.3,340,0.08,10,10,3.98,0.25,,7.98,,0.005,0.01
20315,"Céleri rave, bouilli/cuit à l'eau","fruits, légumes, légumineuses et oléagineux",légumes,26.2,0.94,4.32,0.3,2.6,1.2,0.09,0.093,41,0.27,10,300,0.17,10,10,0.61,0.87,,84.5,,0.01,0.01
20316,"Endive, rôtie/cuite au four","fruits, légumes, légumineuses et oléagineux",légumes,22,1.13,4.38,0.15,0.25,3.2,0.005,0.006,27,0.23,10,180,0.18,10,10,1.38,0.25,,5.89,,0.005,0.01
20317,"Fenouil, cuit à l'étouffée","fruits, légumes, légumineuses et oléagineux",légumes,11.8,0.25,1.94,0.15,1.8,1.3,0.005,0.028,37,0.12,6.7,210,0.08,10,10,1,0.25,,16.8,,0.005,0.01
20318,"Haricot beurre, bouilli/cuit à l'eau","fruits, légumes, légumineuses et oléagineux",légumes,35,2.19,4.45,0.3,2.7,2.2,0.09,0.006,56,0.99,26,210,0.34,10,10,6.23,7.57,,39.7,,0.07,0.01
20320,"Haricot vert, bouilli/cuit à l'eau","fruits, légumes, légumineuses et oléagineux",légumes,27,1.75,3.39,0.15,3.2,2.5,0.005,0.006,51,0.54,26,260,0.22,10,10,33.9,1.16,,49.5,,0.005,0.01
20321,"Navet, bouilli/cuit à l'eau","fruits, légumes, légumineuses et oléagineux",légumes,18.4,0.75,3.23,0.15,2.1,2.8,0.005,0.025,32,0.08,5.8,170,0.06,10,10,0.21,7.25,,17.1,,0.005,0.01
20322,"Oignon blanc ou jaune, sauté/poêlé sans matière grasse","fruits, légumes, légumineuses et oléagineux",légumes,39.2,1.56,6.73,0.15,2.8,5,0.005,0.006,32,0.24,9.3,270,0.21,10,10,0.21,2.31,,6.75,,0.005,0.01
20323,"Oignon nouveau ou oignon frais ou cébette, sauté/poêlé sans matière grasse","fruits, légumes, légumineuses et oléagineux",légumes,28,1.13,3.56,0.3,3.1,2.8,0.09,0.006,55,0.85,11,260,0.21,10,10,11.4,7.38,,40.5,,0.02,0.01
20324,"Oignon rouge, sauté/poêlé","fruits, légumes, légumineuses et oléagineux",légumes,41.5,1.69,7.55,0.15,2.1,6.7,0.005,0.006,26,0.26,10,220,0.26,10,10,0.21,5.68,,33.3,,0.005,0.01
20325,"Panais, cuit à l'étouffée","fruits, légumes, légumineuses et oléagineux",légumes,91.2,1.94,16.6,0.5,5.6,6.2,0.13,0.018,44,0.37,25,510,0.35,10,10,0.21,7.92,,80.1,,0.01,0.01
20326,"Petits pois, bouillis/cuits à l'eau","fruits, légumes, légumineuses et oléagineux",légumes,80.7,6.38,9.93,0.6,4.8,1.6,0.15,0.023,38,1.2,29,190,0.72,10,10,26.3,11.4,,38.2,,0.04,0.01
20327,"Poireau, bouilli/cuit à l'eau","fruits, légumes, légumineuses et oléagineux",légumes,24.7,2.56,2.23,0.15,3.4,1.8,0.005,0.006,35,0.45,6.5,120,0.14,10,10,28.6,3.79,0,22.8,0,0.005,0.01
20328,"Poivron jaune, sauté/poêlé","fruits, légumes, légumineuses et oléagineux",légumes,34.5,1,5.33,0.6,2.2,4.9,0.19,0.006,7.3,0.23,11,220,0.14,10,10,69.8,126,,57.1,,0.1,0.01
20329,"Poivron rouge, sauté/poêlé","fruits, légumes, légumineuses et oléagineux",légumes,33,0.94,6.53,0.15,2,6.1,0.005,0.006,7,0.27,12,240,0.14,10,10,593,144,,69.7,,0.005,0.01
20330,"Poivron vert, sauté/poêlé","fruits, légumes, légumineuses et oléagineux",légumes,27.3,1.25,3.53,0.3,3,3.1,0.1,0.006,6.7,0.21,9.5,200,0.12,10,10,16.6,64.6,,27.8,,0.04,0.01
20331,"Potimarron, chair sans peau, bouilli/cuit à l'eau","fruits, légumes, légumineuses et oléagineux",légumes,38.6,1.06,6.88,0.3,1.8,3.5,0.08,0.006,18,0.19,8.5,330,0.24,10,10,443,8.65,,9.28,,0.03,0.01
20332,"Potiron, rôti/cuit au four","fruits, légumes, légumineuses et oléagineux",légumes,28.2,0.25,5.66,0.15,2,4.8,0.005,0.006,31,0.11,8.6,330,0.1,10,10,488,0.25,,10,,0.005,0.01
20333,"Salsifis, bouilli/cuit à l'eau","fruits, légumes, légumineuses et oléagineux",légumes,56.9,2.63,9.29,0.15,4.5,2.3,0.005,0.02,38,0.56,23,170,0.49,10,10,0.21,0.74,,39.6,,0.005,0.01
20335,"Échalote, sautée/poêlée sans matière grasse","fruits, légumes, légumineuses et oléagineux",légumes,67.3,2,12.3,0.4,2.9,3.8,0.12,0.006,22,0.25,11,270,0.27,10,10,0.44,0.84,,,,0.005,0.01
20336,"Épinard, bouilli/cuit à l'eau","fruits, légumes, légumineuses et oléagineux",légumes,26.8,3.38,0,0.7,3.5,0,0.13,0.03,240,1.3,30,160,0.79,10,10,557,0.25,,62.7,,0.37,0.01
20339,"Chou chinois pak choï ou pak choy (feuilles vertes ressemblant à des blettes), cuit","fruits, légumes, légumineuses et oléagineux",légumes,12.8,1.56,0.78,0.16,1,0.78,0.021,0.085,93,1.04,11,371,0.17,,,212,26,0,41,0,,0
20349,"Asperge, bouillie/cuite à l'eau (aliment moyen)","fruits, légumes, légumineuses et oléagineux",légumes,20.7,1.97,1.67,0.3,1.69,1.24,0.087,0.01,17.6,0.42,8.35,163,0.38,10,10,16.6,4.98,,68.1,,0.029,0.01
20350,"Brocoli, bouilli/cuit à l'eau (aliment moyen)","fruits, légumes, légumineuses et oléagineux",légumes,21.8,2.19,1.03,0.5,3,0.6,0.14,0.033,43,0.33,11,90,0.18,10,10,48,18.1,,24.7,,0.12,0.01
20351,"Brocoli, cuit (aliment moyen)","fruits, légumes, légumineuses et oléagineux",légumes,30,3.17,1.79,0.6,2.59,1.06,0.2,0.036,39.4,0.46,17.1,217,0.36,10,10,47.6,19.4,,53.7,,0.12,0.01
20352,"Carotte, bouillie/cuite à l'eau (aliment moyen)","fruits, légumes, légumineuses et oléagineux",légumes,29.6,0.25,5.73,0.15,3.3,5.1,0.005,0.12,28,0.19,9.4,140,0.22,10,10,725,0.52,,17.7,,0.005,0.01
20353,"Carotte, cuite (aliment moyen)","fruits, légumes, légumineuses et oléagineux",légumes,33,0.37,6.24,0.2,3.43,5.67,0.026,0.11,27.4,0.2,9.59,172,0.22,10,10,731,0.76,,18.8,,0.007,0.01
20354,"Céleri branche, cuit (aliment moyen)","fruits, légumes, légumineuses et oléagineux",légumes,13.1,0.63,1.38,0.15,2,0.8,0.1,0.54,29.2,,8,281,0.14,1,0.2,4.67,,,,,,0
20355,"Chou rouge, cuit (aliment moyen)","fruits, légumes, légumineuses et oléagineux",légumes,31.8,1.26,5.13,0.14,2.9,4.22,0.006,0.041,46.5,0.38,12.7,253,0.15,7.95,7.93,1.15,28.2,,40.1,,0.005,0.008
20356,"Fenouil, cuit (aliment moyen)","fruits, légumes, légumineuses et oléagineux",légumes,11.8,0.36,1.8,0.135,1.83,1.2,0.007,0.043,37.8,0.13,7.15,218,0.093,8.95,10,1.02,0.42,,18.7,,0.005,0.009
20357,"Potimarron, chair sans peau, cuit (aliment moyen)","fruits, légumes, légumineuses et oléagineux",légumes,38.6,1.06,6.88,0.3,1.8,3.5,0.08,0.006,18,0.19,8.5,330,0.24,10,10,443,8.65,,9.28,,0.03,0.01
20358,"Tomate, chair et peau, cuite (aliment moyen)","fruits, légumes, légumineuses et oléagineux",légumes,19.8,0.97,3.06,0.21,1.13,2.71,0.049,0.02,11.4,0.51,9.07,251,0.13,3.71,4.55,32.6,20,0.045,15.6,0,,0.004
20497,"Légumes pour couscous, cuits","fruits, légumes, légumineuses et oléagineux",légumes,29.6,1.58,3.87,0.42,2.33,2.09,0.049,0.59,39,0.7,15,208,0.3,0.6,1.2,229,18,0,26,0,0.018,0.01
20499,Légume cuit (aliment moyen),"fruits, légumes, légumineuses et oléagineux",légumes,28.7,1.68,3.67,0.3,2.6,2.03,0.09,0.11,36.9,0.54,19.1,233,0.26,5.76,5,62.5,8.35,0.014,34.6,0,0.049,0.004
20590,"Crosne, cuit","fruits, légumes, légumineuses et oléagineux",légumes,49,2.13,9.11,0.25,1.9,0.2,0.005,0.013,20,0.37,14,310,0.24,10,10,0.21,,0.125,32.3,,0.005,0.01
58103,"Gombo, fruit, cuit","fruits, légumes, légumineuses et oléagineux",légumes,22.4,1.87,2.01,0.21,2.5,2.01,0.045,0.015,77,0.28,36,135,0.43,,,14.2,16.3,0,46,0,,0
20092,"Carotte, déshydratée","fruits, légumes, légumineuses et oléagineux",légumes,317,8.1,56,1.49,23.6,38.8,0.26,0.69,212,3.93,118,2540,1.57,,,2830,14.6,0,55,0,,0
20180,"Oignon, séché","fruits, légumes, légumineuses et oléagineux",légumes,355,8.95,74.1,0.46,9.2,37.4,0.078,0.053,257,1.55,92,1620,1.89,,,0.92,33,0,166,0,,0
20189,"Tomate, séchée","fruits, légumes, légumineuses et oléagineux",légumes,,14.1,43.5,2.97,12.3,37.6,0.43,0.62,110,9.09,194,3430,1.99,5.5,,43.7,39.2,0,68,0,0.011,0
20202,"Champignon noir, séché","fruits, légumes, légumineuses et oléagineux",légumes,,7.5,,0.075,,0,0,0.088,,,,,,,,0,,,,,,0
20211,"Champignon, lentin comestible ou shiitaké, séché","fruits, légumes, légumineuses et oléagineux",légumes,316,9.58,63.9,0.99,11.5,2.21,0.23,0.033,11,1.72,132,1530,7.66,,,0,3.5,3.9,163,0,,0
20256,"Tomate, séchée, à l'huile","fruits, légumes, légumineuses et oléagineux",légumes,,5.06,7.98,13.2,5.8,6.5,1.89,0.67,47,2.68,81,1570,0.78,,,0,,0,23,0,0.006,0.008
20800,"Banane jaune, chair sans peau, cuite à la vapeur, prélevée à la Martinique","fruits, légumes, légumineuses et oléagineux",légumes,,1.06,,0.057,,,,,,,,,,,,0,6.07,,,,,0
20801,"Chips de chair de giraumon (variété locale), prélevé à la Martinique","fruits, légumes, légumineuses et oléagineux",légumes,,,12.3,,8.4,0.44,,,,,,2400,,,,27.2,,,,,,0
20802,"Chips de chair de giraumon (variété phoenix), prélevé à la Martinique","fruits, légumes, légumineuses et oléagineux",légumes,,,13.9,,8.7,0.2,,,,,,2580,,,,63.9,,,,,,0
20803,"Chou dur ou chou caraïbe ou macabo, pulpe, cuit à la vapeur, prélevé à la Martinique","fruits, légumes, légumineuses et oléagineux",légumes,,3.25,,0.003,,,,,,,,,,,,0,19.3,,,,,0
20804,"Chayote ou christophine ou chouchou à peau blanche, chair sans peau, sans noyau, cuite à la vapeur, prélevée à la Martinique","fruits, légumes, légumineuses et oléagineux",légumes,,1.21,5.93,0.033,1.9,,,,,,,192,,,,0,7.4,,20.8,,,0
20805,"Chayote ou christophine ou chouchou à peau verte, chair sans peau, sans noyau, cuite à la vapeur, prélevée à la Martinique","fruits, légumes, légumineuses et oléagineux",légumes,,1.23,4.6,0.023,3,,,,,,,198,,,,0,12.5,,17.8,,,0
20806,"Chayote ou christophine ou chouchou à peau blanche, chaire sans peau, sans noyau, appertisée, non égouttée, prélevée à la Martinique","fruits, légumes, légumineuses et oléagineux",légumes,,,,,1,,,,,,,,,,,0,0.23,,23.4,,,0
20807,"Chayote ou christophine ou chouchou, chair et peau, sans noyau, cuite à la vapeur, surgelée, prélevée à la Martinique","fruits, légumes, légumineuses et oléagineux",légumes,,,,,1.6,,,,,,,,,,,0,6.1,,14.9,,,0
20808,"Concombre, chair sans peau, avec pépins, cru, prélevé à la Martinique","fruits, légumes, légumineuses et oléagineux",légumes,,0.73,,0.58,,,,,,,,,,,,0,0.1,,,,,0
20809,"Concombre, chair et peau, cru, prélevé à la Martinique","fruits, légumes, légumineuses et oléagineux",légumes,,0.42,,0.27,,,,,,,,,,,,0,0.3,,,,,0
20810,"Cresson, feuille, cru, prélevé à la Martinique","fruits, légumes, légumineuses et oléagineux",légumes,,2.25,0,0.1,2.1,,,,0.059,1.31,,432,,,,88,2.67,,57.2,,,0
20811,"Dachine, pulpe, cuit à la vapeur, prélevé à la Martinique","fruits, légumes, légumineuses et oléagineux",légumes,,1.15,,0.3,,,,,,,,,,,,0,4.07,,,,,0
20812,"Farine de pulpe de patate douce, prélevée à la Martinique","fruits, légumes, légumineuses et oléagineux",légumes,223,,50.1,,11.3,0.018,,,,,,,,,,40.25,0,,,,,0
20813,"Fruit à pain, chair sans peau, cuit à la vapeur, prélevé à la Martinique","fruits, légumes, légumineuses et oléagineux",légumes,,1.29,21,0.11,,,,,,,,,,,,0,8.17,,,,,0
20814,"Giraumon (variété locale), chair sans peau, cuit à la vapeur, prélevé à la Martinique","fruits, légumes, légumineuses et oléagineux",légumes,,1.1,4.51,0.097,2,1.91,,,,,,321,,,,143,,,20.5,,,0
20815,"Giraumon (variété locale), chair sans peau, cuit à la vapeur, surgelé, prélevé à la Martinique","fruits, légumes, légumineuses et oléagineux",légumes,,,3.75,,2.4,1.35,,,,,,347,,,,21.4,,,,,,0
20816,"Giraumon (variété locale), chair sans peau, râpé, cru, prélevé à la Martinique","fruits, légumes, légumineuses et oléagineux",légumes,,,2.42,,2.9,0.82,,,,,,319,,,,62.3,,,,,,0
20817,"Giraumon (variété phoenix), chair sans peau, cuit à la vapeur, prélevé à la Martinique","fruits, légumes, légumineuses et oléagineux",légumes,,1.03,5.62,0.05,2,1.56,,,,,,442,,,,119,,,31.7,,,0
20818,"Giraumon (variété phoenix), chair sans peau, râpé, cru, prélevé à la Martinique","fruits, légumes, légumineuses et oléagineux",légumes,,,3.51,,1.6,1.44,,,,,,353,,,,26.7,,,,,,0
20819,"Giraumon (variété phoenix), chair sans peau, surgelé, cuit à la vapeur, prélevé à la Martinique","fruits, légumes, légumineuses et oléagineux",légumes,,,4.37,,2.4,1.47,,,,,,454,,,,36.8,,,,,,0
20820,"Gombo, entier, appertisé, non égoutté, prélevé à la Martinique","fruits, légumes, légumineuses et oléagineux",légumes,,,,,2.8,,,,,,,,,,,0,,,10.3,,,0
20821,"Gombo, entier, cuit à la vapeur, prélevé à la Martinique","fruits, légumes, légumineuses et oléagineux",légumes,,1.8,4.69,0.3,4.8,,,,,,61,374,,,,13.6,3,,107,,,0
20822,"Gombo, sans pédoncule, blanchi, surgelé, prélevé à la Martinique","fruits, légumes, légumineuses et oléagineux",légumes,,0.24,5.28,0.1,5.17,,,,,,,,,,,0,,,69.8,,,0
20823,"Igname cousse-couche, pulpe, cuit à la vapeur, prélevé à la Martinique","fruits, légumes, légumineuses et oléagineux",légumes,88.9,1.65,17.9,0.3,3.9,,,,,,,198,,,,0,0.87,,,,,0
20824,"Igname jaune, pulpe, cuit à la vapeur, prélevé à la Martinique","fruits, légumes, légumineuses et oléagineux",légumes,127,2.04,27.6,0.37,2.67,,,,,,,349,,,,0,0.81,,,,,0
20825,"Igname saint martin, pulpe, cuit à la vapeur, prélevé à la Martinique","fruits, légumes, légumineuses et oléagineux",légumes,93.3,2.25,18.4,0.3,3.9,,,,,,,25.1,,,,0,22,,,,,0
20826,"Topinambour, pulpe, cuit à la vapeur, prélevé à la Martinique","fruits, légumes, légumineuses et oléagineux",légumes,,1.23,,0.18,,,,,,,,,,,,0,9.57,,,,,0
20827,"Kamanioc, pulpe, cuit à la vapeur, prélevé à la Martinique","fruits, légumes, légumineuses et oléagineux",légumes,,0.6,,0,,,,,,,,,,,,0,21.3,,,,,0
20828,"Massissi, chair, cru, prélevé à la Martinique","fruits, légumes, légumineuses et oléagineux",légumes,,2.58,,0.8,,,,,,,,,,,,0,73.2,,,,,0
20829,"Papaye verte, chair sans peau, crue, prélevée à la Martinique","fruits, légumes, légumineuses et oléagineux",légumes,,0.67,,0.003,,,,,,,,,,,,0,39.3,,,,,0
20830,"Papaye verte, chair sans peau, cuite à la vapeur, prélevée à la Martinique","fruits, légumes, légumineuses et oléagineux",légumes,,0.63,,0,,,,,,,,,,,,0,25.7,,,,,0
20831,"Patate douce, pulpe, blanchie, surgelée, prélevée à la Martinique","fruits, légumes, légumineuses et oléagineux",légumes,,,,,4.9,,,,,,,,,,,10.8,4,,,,,0
20832,"Patate douce, pulpe, cuite à la vapeur, prélevée à la Martinique","fruits, légumes, légumineuses et oléagineux",légumes,126,1.48,25.2,0.067,9.2,,,,,,,425,,,,53.8,12.5,,92.2,,,0
20833,"Pois d'Angole, entier, cuit à la vapeur, prélevé à la Martinique","fruits, légumes, légumineuses et oléagineux",légumes,,16.3,11.1,0.74,,,,,,,,,,,,0,,,,,,0
20834,"Ti nain, chair sans peau, cuit à la vapeur, prélevé à la Martinique","fruits, légumes, légumineuses et oléagineux",légumes,,1.13,,0.05,,,,,,,,,,,,0,9.23,,,,,0
20835,"Tomate, entière, crue, prélevée à la Martinique","fruits, légumes, légumineuses et oléagineux",légumes,,1.06,,0.06,,,,,,,,,,,,0,15.2,,,,,0
54500,"Fruit à pain, cru","fruits, légumes, légumineuses et oléagineux",légumes,,1.07,22.2,0.23,4.9,11,0.048,0.005,17,0.54,25,490,0.12,,,0,29,0,14,0,,0
20296,"Brèdes chou de Chine ou bok choy ou pak choï, tiges et feuilles, cuites à la vapeur, prélevées à La Réunion (Brassica rapa subsp. Chinensis)","fruits, légumes, légumineuses et oléagineux",légumes,16.4,1.69,1.7,0.15,1.3,0.4,0.005,0.038,88,0.93,17,330,0.28,10,10,147,9.54,,71.9,,0.005,0.01
20297,"Chayote ou christophine ou chouchou, chair sans peau, sans noyau, cuite à la vapeur, prélevée à La Réunion (Sechium edule)","fruits, légumes, légumineuses et oléagineux",légumes,20.9,0.63,3.5,0.15,1.4,2.8,0.005,0.018,14,0.46,8.5,170,0.1,10,10,0.73,0.25,,16.2,,0.005,0.01
4000,"Tapioca ou perles du Japon, cru","fruits, légumes, légumineuses et oléagineux",pommes de terre et autres tubercules,354,0.19,87.8,0.02,0.9,3.35,0.005,0.003,20,1.58,1,11,0.12,0.3,2.7,0,0,0,4,0,0,0
4002,"Pomme de terre, sans peau, rôtie/cuite au four","fruits, légumes, légumineuses et oléagineux",pommes de terre et autres tubercules,91.9,1.96,20.1,0.1,1.5,1.7,0.026,0.004,9.48,0.35,21.7,391,0.24,1.1,3,0,12.8,0,9,0,,0
4003,"Pomme de terre, bouillie/cuite à l'eau","fruits, légumes, légumineuses et oléagineux",pommes de terre et autres tubercules,81,1.8,16.8,0.34,1.8,0.86,0.094,0.051,5.83,0.27,17.3,363,0.15,5,2.5,0.17,2.92,0,31.1,0,0.011,0
4004,Chips de pommes de terre nature ou aromatisées,"fruits, légumes, légumineuses et oléagineux",pommes de terre et autres tubercules,532,6,51,32.7,4.7,1.49,2.92,1.35,27,1.2,66,1300,0.82,10,10,10.7,8.26,0.25,31.6,0,0.04,0.01
4007,"Pomme de terre nouvelle ou primeur, bouillie/cuite à l'eau","fruits, légumes, légumineuses et oléagineux",pommes de terre et autres tubercules,71.6,1.44,15,0.3,1.6,1,,0.025,13,1.6,18,430,0.3,1,2.25,0,15,0,7.5,0,,0
4008,"Pomme de terre, sans peau, crue","fruits, légumes, légumineuses et oléagineux",pommes de terre et autres tubercules,80,2.02,16.2,0.09,2.2,0.78,0.026,0.001,14.3,0.78,22,421,0.35,22.9,1.74,0.083,19.7,0,16,0,0.018,0
4011,"Pomme de terre, appertisée, égouttée","fruits, légumes, légumineuses et oléagineux",pommes de terre et autres tubercules,57.2,1.58,10.7,0.41,2.15,0.65,0.054,0.15,25.4,1.26,9.4,229,0.18,1.675,,0,5.1,0,6,0,0.021,0
4013,"Pomme de terre noisette, surgelée, à cuire","fruits, légumes, légumineuses et oléagineux",pommes de terre et autres tubercules,179,2.44,25.3,7.02,2.42,0.56,1.07,0.95,25.2,1,27.9,550,0.58,1.1,3,0.25,10.5,0,28,,0.021,0
4014,"Pomme de terre vapeur, sous vide","fruits, légumes, légumineuses et oléagineux",pommes de terre et autres tubercules,76,1.84,15.8,0.25,2.02,0.5,0.039,0.14,,,,,,,,,14.7,,,,,0
4015,"Pomme de terre poêlée, avec matière grasse","fruits, légumes, légumineuses et oléagineux",pommes de terre et autres tubercules,137,2.5,17.3,5.7,2.6,2.2,1.16,0.51,18,0.73,28,680,0.35,10,10,0.85,1.97,,26,,0.05,0.01
4016,"Flocons de pomme de terre, au lait ou à la crème, déshydratés","fruits, légumes, légumineuses et oléagineux",pommes de terre et autres tubercules,376,10.1,71,3.97,8,6,3.39,0.18,73,2.03,69.5,1650,1.13,1.6,2.11,,22.3,,,,0.036,0
4017,"Purée de pomme de terre, à base de flocons, reconstituée avec lait entier et matière grasse","fruits, légumes, légumineuses et oléagineux",pommes de terre et autres tubercules,107,1.92,12.6,5.18,1.47,1.68,1.87,0.56,38.7,0.19,16.3,184,0.2,,,47.9,8.63,0.3,7.33,0.11,,0
4018,"Purée de pomme de terre, avec lait et beurre, sans sel ajouté","fruits, légumes, légumineuses et oléagineux",pommes de terre et autres tubercules,94.8,1.89,15.7,2.4,1.5,1.46,1.46,0.11,31.1,0.21,15.2,260,0.22,5,5,22.5,6.1,0.2,8,0.07,,0
4019,"Purée de pomme de terre, à base de flocons, reconstituée avec lait demi-écrémé et eau, non salée","fruits, légumes, légumineuses et oléagineux",pommes de terre et autres tubercules,68.5,2.63,12.4,0.53,1.8,1.75,0.35,0.23,36.5,0.39,15,270,0.31,0.96,5.15,6.02,3.2,0,4.7,0.091,0.004,0
4020,"Pomme de terre dauphine, surgelée, à cuire","fruits, légumes, légumineuses et oléagineux",pommes de terre et autres tubercules,242,4.25,19.7,15.7,2.27,3.19,2.01,1.15,22.2,0.99,9.25,138,0.68,,,,,,,,0.011,0.014
4021,"Pomme de terre dauphine, surgelée, cuite","fruits, légumes, légumineuses et oléagineux",pommes de terre et autres tubercules,302,4.5,30.2,17.7,2,3.5,3.39,1.32,120,0.8,14,180,0.38,10,10,10.7,,0.125,15.1,0.39,0.02,0.01
4022,"Flocons de pomme de terre, nature, déshydratés","fruits, légumes, légumineuses et oléagineux",pommes de terre et autres tubercules,346,8,73.5,0.41,8.05,2.35,0.17,0.55,27,1.21,66,1100,0.7,13.4,0.5,0.5,31,0,46,0,0.016,0
4023,"Pomme de terre nouvelle ou primeur, crue","fruits, légumes, légumineuses et oléagineux",pommes de terre et autres tubercules,76.4,1.94,15.8,0.3,1.35,0.2,0.058,0.058,10,0.6,,367,0.5,,0.9,0,25,0,25,0,0.096,0
4025,"Potatoes ou wedges ou quartiers de pommes de terre épicés, surgelées, cuites","fruits, légumes, légumineuses et oléagineux",pommes de terre et autres tubercules,175,3.25,25.3,5.8,3.4,0,0.64,0.76,17,0.7,24,550,0.43,10,10,12,1.08,0.25,24.3,,0.08,0.01
4026,"Pomme de terre, rôtie/cuite au four","fruits, légumes, légumineuses et oléagineux",pommes de terre et autres tubercules,91.4,2.5,19,0.13,2.2,1.18,0.035,0.025,15,1.08,28,535,0.36,,,0.5,9.6,0,28,0,,0
4027,"Pomme de terre sautée/poêlée/rissolée, préfrite, surgelée, cuite","fruits, légumes, légumineuses et oléagineux",pommes de terre et autres tubercules,156,2.81,23,4.8,4,0,0.61,0.19,11,0.63,26,570,0.42,10,10,0.208,1.25,,14,,0.13,0.01
4028,"Pomme de terre de conservation, sans peau, bouillie/cuite à l'eau","fruits, légumes, légumineuses et oléagineux",pommes de terre et autres tubercules,72.6,1.81,15.4,0.25,1.9,0.1,,0.005,6.5,0.31,17,390,0.23,10,10,0.21,3.78,,7.89,0.074,0.005,0.01
4029,"Pomme de terre nouvelle ou primeur, bouillie/cuite à l'eau, sans peau","fruits, légumes, légumineuses et oléagineux",pommes de terre et autres tubercules,71.1,1.84,14.9,0.05,2.13,,,,,0.7,19.7,291,0.34,,,0,18.9,,53.8,,,0
4030,"Frites de pommes de terre, surgelées, rôties/cuites au four","fruits, légumes, légumineuses et oléagineux",pommes de terre et autres tubercules,213,3.75,32.6,6.6,4.2,0.2,0.75,0.39,11,0.67,29,590,0.45,10,10,10.7,2.38,0.25,40.6,0,0.02,0.01
4032,"Frites de pommes de terre, surgelées, cuites en friteuse","fruits, légumes, légumineuses et oléagineux",pommes de terre et autres tubercules,258,3.28,32.7,11.9,3.9,0.61,2.86,0.073,23.8,0.9,23.3,684,0.36,1.1,2.5,1.25,19,0,32.3,0.04,0.056,0
4034,"Pomme de terre duchesse, surgelée, cuite","fruits, légumes, légumineuses et oléagineux",pommes de terre et autres tubercules,218,3.44,29.6,8.5,4.8,0.2,0.96,0.99,51,0.81,28,530,0.53,10,10,10.7,0.25,0.25,18.5,,0.08,0.01
4035,"Pomme de terre noisette, surgelée, cuite","fruits, légumes, légumineuses et oléagineux",pommes de terre et autres tubercules,191,2.81,28.4,6.6,3.4,0.2,0.94,0.87,27,0.61,22,420,0.39,10,10,10.7,,,12.4,0.07,0.12,0.01
4036,Pomme de terre sautée/poêlée/rissolée à la graisse de canard,"fruits, légumes, légumineuses et oléagineux",pommes de terre et autres tubercules,200,2.44,20.8,11.4,2.33,1.51,3.24,0.65,,,,,,,,,,,,,,0
4037,"Chips de pommes de terre nature ou aromatisées, à l'ancienne","fruits, légumes, légumineuses et oléagineux",pommes de terre et autres tubercules,551,5.62,46.7,36.9,4.7,1.02,3.25,1.41,21,0.98,55,1100,0.6,10,10,10.7,5.07,0.25,27.3,,0.05,0.01
4038,"Chips de pommes de terre nature ou aromatisées, allégées en matière grasse (et assimilés )","fruits, légumes, légumineuses et oléagineux",pommes de terre et autres tubercules,481,6.57,61.4,22.1,4.78,1.41,1.98,1.08,56,1.2,67,1300,0.87,10,10,0.802,,,254,0.049,0.03,0.01
4039,Rostis ou galette de pomme de terre,"fruits, légumes, légumineuses et oléagineux",pommes de terre et autres tubercules,182,2.38,22.5,8.3,3.3,0.2,1.06,0.82,18,0.55,22,460,0.35,10,10,10.7,0.25,0.25,9.13,,0.12,0.01
4040,"Purée de pomme de terre, avec lait et beurre, salée","fruits, légumes, légumineuses et oléagineux",pommes de terre et autres tubercules,117,1.98,11.3,6.7,1.79,1.28,3.7,0.6,,,,,,,,,,,,,0.02,0
4042,"Pomme de terre duchesse, surgelée, à cuire","fruits, légumes, légumineuses et oléagineux",pommes de terre et autres tubercules,157,2.41,21.4,6.26,2.54,0.4,0.82,0.86,,,,,,,,,,,,,0.004,0
4043,"Pomme de terre sautée/poêlée/rissolée, préfrite, surgelée, à cuire","fruits, légumes, légumineuses et oléagineux",pommes de terre et autres tubercules,137,2.35,20.4,4.5,2.54,0.57,0.68,0.18,,,,,,,,,6,,,,0.01,0.002
4044,"Frites de pommes de terre, surgelées, préfrites, pour cuisson au four","fruits, légumes, légumineuses et oléagineux",pommes de terre et autres tubercules,142,2.38,21,4.73,2.77,0.38,0.65,0.36,,,,,,,,,,,,,0.01,0.005
4045,"Frites de pommes de terre, surgelées, préfrites, pour cuisson micro-onde","fruits, légumes, légumineuses et oléagineux",pommes de terre et autres tubercules,223,3.26,27.2,10.2,4.39,0.42,1.09,0.23,,,,,,,,,,,,,0.013,0.008
4046,"Frites de pommes de terre, surgelées, préfrites, pour cuisson en friteuse","fruits, légumes, légumineuses et oléagineux",pommes de terre et autres tubercules,244,3.12,29.1,12.1,3.39,0.48,4.09,0.12,20,1.8,,,,,,,6,,,,,0
4047,Purée de pomme de terre (aliment moyen),"fruits, légumes, légumineuses et oléagineux",pommes de terre et autres tubercules,96.8,2.1,13,3.7,1.64,1.54,1.84,0.37,35.4,0.26,15.5,238,0.24,,,25.5,5.98,0.17,6.68,0.089,,0
4048,"Pomme de terre, cuite (aliment moyen)","fruits, légumes, légumineuses et oléagineux",pommes de terre et autres tubercules,94.9,2.05,17.2,1.58,2.15,0.83,0.44,0.12,9.38,0.44,20.6,457,0.25,8,7.42,0.2,3.92,,17.8,0.036,0.027,0.006
4049,"Croquette de pomme de terre, surgelée, à cuire","fruits, légumes, légumineuses et oléagineux",pommes de terre et autres tubercules,164,2.52,22.4,6.59,2.43,0.59,0.87,0.8,,,,,,,,,,,,,,0
4050,"Chips de pommes de terre nature ou aromatisées, sans sel ajouté","fruits, légumes, légumineuses et oléagineux",pommes de terre et autres tubercules,503,6.2,47.6,30.8,5.05,0.83,2.87,0.033,,,,,,,,,,,,,,0
4051,"Poêlée de pommes de terre à la sarladaise (graisse de canard, ail et persil), surgelée, à cuire","fruits, légumes, légumineuses et oléagineux",pommes de terre et autres tubercules,203,2.27,20.9,11.6,2.84,1.22,3.54,0.66,,,,,,,,,,,,,,0
4052,"Potatoes ou wedges ou quartiers de pommes de terre épicés, surgelées, à cuire","fruits, légumes, légumineuses et oléagineux",pommes de terre et autres tubercules,141,2.48,20.3,5,2.64,0.52,0.59,0.62,,,,,,,,,,,,,,0
4053,"Pomme de terre grenaille, préfrite, surgelée, à cuire","fruits, légumes, légumineuses et oléagineux",pommes de terre et autres tubercules,133,2.4,17.9,5.3,2.16,2.23,1.02,0.42,,,,,,,,,,,,,,0
4101,"Patate douce, crue","fruits, légumes, légumineuses et oléagineux",pommes de terre et autres tubercules,81.2,1.57,17.1,0.05,3,4.18,0.018,0.14,30,0.61,25,337,0.3,0.6,0.2,709,2.4,0,11,0,0.001,0
4102,"Patate douce, cuite","fruits, légumes, légumineuses et oléagineux",pommes de terre et autres tubercules,79.1,1.69,16.3,0.15,2.9,6.11,0.042,0.079,32.5,0.71,22.5,353,0.26,,3,873,16.2,0,6,0,,0
4103,"Patate douce, purée, cuisinée à la crème","fruits, légumes, légumineuses et oléagineux",pommes de terre et autres tubercules,79.8,1.1,12.1,2,4.5,7.5,1.4,0.56,,,,,,,,,,,,,,0
20050,"Topinambour, cuit","fruits, légumes, légumineuses et oléagineux",pommes de terre et autres tubercules,69.3,1.8,14.4,0.01,2.2,1.7,0,0.09,32.9,0.2,14.1,452,0.34,,5,2.08,3.2,0,44.3,0,,0
20196,"Topinambour, cru","fruits, légumes, légumineuses et oléagineux",pommes de terre et autres tubercules,74.7,2,15.8,0.01,1.6,9.6,0,0.01,14,3.4,17,429,0.12,0.03,0.1,1,4,0,13,0,0,0
53101,"Banane plantain, cuite","fruits, légumes, légumineuses et oléagineux",pommes de terre et autres tubercules,125,0.79,28.9,0.18,2.3,14,0.069,0.013,2,0.58,32,465,0.13,,,30.8,10.9,0,26,0,,0
53200,"Taro, tubercule, cru","fruits, légumes, légumineuses et oléagineux",pommes de terre et autres tubercules,105,1.5,22.4,0.2,4.1,0.4,0.041,0.028,43,0.55,33,591,0.23,,,2.92,4.5,0,22,0,,0
53201,"Taro, tubercule, cuit","fruits, légumes, légumineuses et oléagineux",pommes de terre et autres tubercules,131,0.52,29.5,0.11,5.1,0.49,0.023,0.038,18,0.72,30,484,0.27,,,3.25,5,0,19,0,,0
53502,"Igname, pelée, crue","fruits, légumes, légumineuses et oléagineux",pommes de terre et autres tubercules,111,1.53,23.7,0.17,4.1,0.5,0.037,0.023,17,0.54,21,816,0.24,,,6.92,17.1,0,23,0,,0
53503,"Igname, épluchée, bouillie/cuite à l'eau","fruits, légumes, légumineuses et oléagineux",pommes de terre et autres tubercules,109,1.49,23.6,0.14,3.9,0.49,0.029,0.02,14,0.52,18,670,0.2,,,6.08,12.1,0,16,0,,0
53672,"Igname, crue","fruits, légumes, légumineuses et oléagineux",pommes de terre et autres tubercules,111,1.25,23.9,0.2,4.1,,0.038,0.023,17,0.54,21,816,0.24,,,0,0,0,23,0,0.012,0
54031,"Manioc, racine crue","fruits, légumes, légumineuses et oléagineux",pommes de terre et autres tubercules,157,1.36,36.3,0.28,1.8,1.7,0.074,0.035,16,0.27,21,271,0.34,,,0.67,20.6,0,27,0,0.017,0
54034,"Manioc, racine cuite","fruits, légumes, légumineuses et oléagineux",pommes de terre et autres tubercules,135,0.69,32.8,0.043,0.4,,,,12.1,0.6,,,0.35,,,0,13.1,,,,,0
20293,"Haricot coco, bouilli/cuit à l'eau","fruits, légumes, légumineuses et oléagineux",légumineuses,130,9.63,13.7,0.5,15.8,1.1,0.11,0.023,72,2.7,53,480,1.2,10,10,1.3,1.62,0.125,71.4,,0.16,0.01
20360,"Lentille, bouillie/cuite à l'eau (aliment moyen)","fruits, légumes, légumineuses et oléagineux",légumineuses,125,10.1,16.2,0.57,8.45,0.2,0.092,0.015,39.3,2.45,33.9,215,1.25,10,10,1.39,0.25,0.125,50.1,,0.032,0.01
20500,"Fève, bouillie/cuite à l'eau","fruits, légumes, légumineuses et oléagineux",légumineuses,83.3,8.06,9.35,0.8,3.1,0.4,0.16,0.025,37,1.5,37,200,1,10,10,17.2,0.25,0,65.3,0,0.04,0.01
20502,"Haricot blanc, bouilli/cuit à l'eau","fruits, légumes, légumineuses et oléagineux",légumineuses,112,6.75,12,1.1,13.8,0.3,0.25,0.023,120,1.7,33,260,0.67,10,10,0.46,0.25,0.125,31.1,0,0.37,0.01
20503,"Haricot rouge, bouilli/cuit à l'eau","fruits, légumes, légumineuses et oléagineux",légumineuses,116,9.63,12.3,0.6,11.6,0.5,0.19,0.021,55,2.3,39,300,0.94,10,10,0.21,0.25,0.125,78.3,0,0.13,0.01
20506,"Pois cassé, bouilli/cuit à l'eau","fruits, légumes, légumineuses et oléagineux",légumineuses,129,8.6,16.3,1.49,7.95,3.85,0.16,0.011,24.7,2.09,20.9,327,0.65,1.1,2,0.83,0.85,0,119,0,,0
20507,"Pois chiche, bouilli/cuit à l'eau","fruits, légumes, légumineuses et oléagineux",légumineuses,148,8.31,17.7,3,8.2,0.3,0.46,0.027,72,1.3,44,170,1.1,10,10,1.08,0.25,0.125,84.4,,0.08,0.01
20508,"Haricot flageolet, appertisé, égoutté","fruits, légumes, légumineuses et oléagineux",légumineuses,92.9,6.1,12.2,0.79,6.3,0,0.11,0.73,63.1,1.3,26.5,281,0.05,1.1,5,2.08,0.5,0,23,0,,0
20510,"Lentille, cuisinée, appertisée, égouttée","fruits, légumes, légumineuses et oléagineux",légumineuses,90.4,6.83,12.3,0.64,4,0.67,0.1,0.65,21,1.67,15.8,178,0.55,2.8,3,2.08,0,0,11,0,0.049,0.001
20511,"Haricot blanc, appertisé, égoutté","fruits, légumes, légumineuses et oléagineux",légumineuses,85.5,5.88,10.9,0.5,7,0.75,0.15,0.69,70.7,2.99,38.4,362,1.12,,3,0,0,0,65,0,,0
20513,"Haricot flageolet, bouilli/cuit à l'eau","fruits, légumes, légumineuses et oléagineux",légumineuses,112,6.75,12,1.1,13.8,0.3,0.25,0.023,120,1.7,33,260,0.67,10,10,0.46,0.25,0.125,31.1,0,0.37,0.01
20524,"Haricot rouge, appertisé, égoutté","fruits, légumes, légumineuses et oléagineux",légumineuses,108,8.31,13,0.97,7,1,0.41,0.68,58,1.5,29,250,0.74,,,0,0.2,0,23,0,0.23,0
20531,"Haricot mungo, frais, bouilli/cuit à l'eau","fruits, légumes, légumineuses et oléagineux",légumineuses,95.7,7.54,11.9,0.55,6.4,2.01,0.038,0.018,53,1.75,63,231,0.83,,,1.58,1,0,94,0,,0
20532,"Pois chiche, appertisé, égoutté","fruits, légumes, légumineuses et oléagineux",légumineuses,122,6.74,15,2.68,5.45,0.5,0.3,0.54,41.2,1.15,27.5,135,0.93,23.3,,0.96,0.1,0,36.5,0,0.032,0
20540,"Haricot flageolet, vert, bouilli/cuit à l'eau","fruits, légumes, légumineuses et oléagineux",légumineuses,115,8.5,13,0.91,10.2,0.71,0.18,0.038,115,2.2,43.4,338,1,2.79,1.25,1.25,1,0.05,32.8,0,0.29,0.001
20542,"Fève, pelée, fraîche, surgelée, bouillie/cuite à l'eau","fruits, légumes, légumineuses et oléagineux",légumineuses,71.9,6.4,9,0.5,2.9,0.1,0.11,0.018,31,1.3,22,97,0.62,10,10,6.97,0.25,0.125,49.1,,0.02,0.01
20543,"Fève, fraîche, surgelée, bouillie/cuite à l'eau","fruits, légumes, légumineuses et oléagineux",légumineuses,63.6,5.6,7.4,0.25,5.8,1,0.005,0.02,61,0.93,26,150,0.55,10,10,8.5,0.25,0.125,37.1,,0.005,0.01
20587,"Lentille verte, bouillie/cuite à l'eau","fruits, légumes, légumineuses et oléagineux",légumineuses,125,10.1,16.2,0.58,8.45,0.2,0.093,0.015,39.5,2.45,34,215,1.25,10,10,1.4,0.25,0.125,50.5,,0.032,0.01
20588,"Lentille blonde, bouillie/cuite à l'eau","fruits, légumes, légumineuses et oléagineux",légumineuses,122,9.7,16.3,0.7,6,0.4,0.13,0.065,32,2.5,31,230,1.1,10,10,1.13,0.25,0.125,43.1,,0.06,0.01
20589,"Lentille corail, bouillie/cuite à l'eau","fruits, légumes, légumineuses et oléagineux",légumineuses,123,10.6,15,0.5,8.2,0.26,0.09,0.065,21,2.2,25,190,1.3,10,10,1.04,0.25,0.125,23,,0.06,0.01
20700,"Légume sec, cuit (aliment moyen)","fruits, légumes, légumineuses et oléagineux",légumineuses,113,8.22,13.8,0.78,9.52,0.24,0.15,0.16,68.3,1.96,32.6,243,0.82,8.22,8.99,1.69,0.31,0.095,41,,0.16,0.008
20517,"Fève à écosser, fraîche, crue","fruits, légumes, légumineuses et oléagineux",légumineuses,61.5,6.76,4.2,0.67,5.85,0.37,0.13,0.094,29.5,1.73,35.5,291,0.79,0.6,,16.3,18.4,0,122,0,,0
20527,"Pois d'Angole vert, frais, cru","fruits, légumes, légumineuses et oléagineux",légumineuses,129,7.2,18.8,1.64,5.1,3,0.35,0.013,42,1.6,68,552,1.04,,,3.33,39,0,173,0,,0
20529,"Haricot de Lima ou pois savon ou pois du Cap ou pois souche, cru","fruits, légumes, légumineuses et oléagineux",légumineuses,105,6.84,15.3,0.86,4.9,1.48,0.2,0.02,34,3.14,58,467,0.78,,,10.5,23.4,0,34,0,,0
20537,"Haricot flageolet, frais, surgelé, cru","fruits, légumes, légumineuses et oléagineux",légumineuses,153,9.32,25.6,0.52,4.4,0.4,0.1,0.78,,,,,,,,0,,,,,,0
20541,"Fève, pelée, fraîche, surgelée, crue","fruits, légumes, légumineuses et oléagineux",légumineuses,99.3,9.55,12.2,0.26,5.05,2.08,0.1,0.03,,,,,,,,0,,,,,,0
20359,"Lentille, sèche (aliment moyen)","fruits, légumes, légumineuses et oléagineux",légumineuses,327,25.1,44.5,1.8,16.3,1.1,0.24,0.065,63.7,6.31,96.8,937,3.4,10.5,10,3.05,1.61,0.125,117,,0.21,0.01
20501,"Haricot blanc, sec","fruits, légumes, légumineuses et oléagineux",légumineuses,307,23.4,43.9,0.85,15.2,,0.22,0.04,240,10.4,190,1800,3.67,11.9,1.2,0,0,0,388,0,,0
20515,"Pois cassé, sec","fruits, légumes, légumineuses et oléagineux",légumineuses,347,23.8,47.5,1.16,25.5,2.56,0.16,0.038,37,4.82,49,823,3.55,6.2,1.25,7.42,1.8,0,274,0,0.083,0
20516,"Pois chiche, sec","fruits, légumes, légumineuses et oléagineux",légumineuses,350,20.5,47.5,6.04,12.2,2.3,0.6,0.06,57,4.31,79,718,2.76,2,0.6,3.33,4,0,557,0,0.1,0
20518,"Fève, sèche","fruits, légumes, légumineuses et oléagineux",légumineuses,301,26.1,33.3,1.53,25,5.7,0.25,0.033,103,6.7,192,1060,3.14,,,2.67,1.4,0,423,0,,0
20525,"Haricot rouge, sec","fruits, légumes, légumineuses et oléagineux",légumineuses,314,22.5,46.1,1.06,15.2,2.1,0.15,0.03,83,6.69,138,1360,2.79,,1.9,0,4.5,0,394,0,,0
20530,"Haricot mungo, sec","fruits, légumes, légumineuses et oléagineux",légumineuses,343,25.2,47.6,1.64,18.3,,0.11,0.095,138,7.57,267,983,3.35,8.8,,0,0,0,216,0,0.028,0
20534,"Lupin, graine, sec","fruits, légumes, légumineuses et oléagineux",légumineuses,356,36.2,21.5,9.74,18.9,,1.16,0.038,176,4.36,198,1010,4.75,,,0,4.8,0,355,0,,0
20535,"Lentille corail, sèche","fruits, légumes, légumineuses et oléagineux",légumineuses,328,27.7,44.9,0.8,15.4,1.29,0.14,0.065,29,6.3,74,750,3.9,10,10,2.49,0.25,0.125,124,0,0.09,0.01
20539,"Haricot flageolet, vert, sec","fruits, légumes, légumineuses et oléagineux",légumineuses,315,19.1,42.1,2.6,23.4,,0.35,0.02,,7.3,160,,2.3,25,10,2.25,0.25,0.25,121,,1.02,0.001
20585,"Lentille verte, sèche","fruits, légumes, légumineuses et oléagineux",légumineuses,327,25.1,44.5,1.8,16.4,1.1,0.24,0.065,64,6.3,97,940,3.4,10,10,3.06,1.63,0.125,117,,0.21,0.01
20586,"Lentille blonde, sèche","fruits, légumes, légumineuses et oléagineux",légumineuses,339,26.1,48.3,1.9,12.1,1.4,0.32,0.065,54,7.4,91,780,3,50,10,2.56,0.25,0.125,103,,0.21,0.01
13000,"Abricot, dénoyauté, cru","fruits, légumes, légumineuses et oléagineux",fruits,44.1,0.81,9.01,0.25,1.7,6.7,0.005,0.006,15,0.19,8.4,260,0.09,10,10,196,2.55,0,7.6,0,0.005,0.01
13002,"Ananas, chair sans peau, cru","fruits, légumes, légumineuses et oléagineux",fruits,51.6,0.25,11.7,0.25,1.2,10.5,0.005,0.006,8,0.17,15,140,0.08,10,10,5.58,46.1,0,19.6,0,0.005,0.01
13005,"Banane, chair sans peau, crue","fruits, légumes, légumineuses et oléagineux",fruits,87.6,1.06,19.7,0.25,2.7,15.6,0.005,0.006,5.1,0.2,28,320,0.14,10,10,2.38,7.16,0,19,0,0.005,0.01
13007,"Cassis, cru","fruits, légumes, légumineuses et oléagineux",fruits,70.2,1.4,9.68,0.41,7.13,9.68,0.034,0.005,55,1.54,24,322,0.27,1.1,1.35,8.33,181,0,12.1,0,0.06,0
13008,"Ceriser, chair et peau, sans noyau, crue","fruits, légumes, légumineuses et oléagineux",fruits,53.7,0.81,13,0.15,1.6,10,0.005,0.006,9.9,0.17,8.8,190,0.06,10,10,20.2,4.09,0,6.75,0,0.005,0.01
13009,"Citron, chair sans peau, sans pépins, cru","fruits, légumes, légumineuses et oléagineux",fruits,24.3,0.25,1.56,0.25,0.25,0.8,0.005,0.006,11,0.15,7.9,140,0.33,10,10,0.21,45,0,28.4,0,0.005,0.01
13010,"Coing, cru","fruits, légumes, légumineuses et oléagineux",fruits,59,0.4,12.5,0.1,1.9,6.3,0.01,0.01,11,0.7,8,197,0.04,,0.4,0,15,0,3,0,0,0
13012,"Figue, crue","fruits, légumes, légumineuses et oléagineux",fruits,67.6,1.19,13.5,0.25,4.1,12.2,0.005,0.013,57,0.27,22,230,0.16,10,10,6.13,0.25,0,24.5,0,0.005,0.01
13014,"Fraise, crue","fruits, légumes, légumineuses et oléagineux",fruits,35.1,0.63,6.03,0.25,3.8,5.6,0.005,0.006,18,0.19,12,140,0.11,10,10,0.21,54,0,98.9,0,0.005,0.01
13015,"Framboise, crue","fruits, légumes, légumineuses et oléagineux",fruits,47.9,1.19,5.83,0.8,4.3,5.4,0.13,0.006,16,0.4,20,170,0.24,10,10,8.33,18.7,0,38.1,0,0.16,0.01
13016,"Fruit de la passion ou maracudja, chair sans peau, avec pépins, cru","fruits, légumes, légumineuses et oléagineux",fruits,102,2.13,10.9,3,6.8,8.5,0.54,0.006,8.1,0.56,26,240,0.76,10,10,84.2,25.6,0,101,0,0.17,0.01
13018,"Grenade, chair sans peau, avec pépins, crue","fruits, légumes, légumineuses et oléagineux",fruits,81,1.44,14.3,1.2,2.3,13.3,0.07,0.006,9.5,0.17,12,230,0.22,10,10,1.01,9.02,0,8.77,0,0.005,0.005
13019,"Groseille, crue","fruits, légumes, légumineuses et oléagineux",fruits,67.2,1.56,7.06,0.7,4.6,6.63,0.21,0.006,38,0.35,12,230,0.15,10,10,2.13,29.8,0,11.8,0,0.14,0.01
13020,"Groseille à maquereau, crue","fruits, légumes, légumineuses et oléagineux",fruits,39.4,0.88,4.45,0.58,4.3,,0.038,0.003,25,0.31,10,198,0.12,0.068,0.3,0,27.7,0,6,0,0.12,0
13021,"Kiwi, chair sans peau, avec pépins, cru","fruits, légumes, légumineuses et oléagineux",fruits,60.9,0.88,11,0.6,2.4,8.9,0.13,0.006,29,0.16,12,290,0.12,10,10,3.17,81.9,0,22.2,0,0.18,0.01
13023,"Litchi, chair sans peau, sans noyau, cru","fruits, légumes, légumineuses et oléagineux",fruits,77.5,1.13,16.1,0.25,2,15.7,0.005,0.006,3.6,0.26,18,200,0.23,10,10,0.21,19.2,0,28.3,0,0.005,0.01
13024,"Clémentine ou mandarine, chair sans peau, sans pépins, crue","fruits, légumes, légumineuses et oléagineux",fruits,45.5,0.81,9.17,0.25,1.7,8.6,0.005,0.006,23,0.09,9.3,140,0.1,10,10,12.3,49.2,0,27.6,0,0.005,0.01
13025,"Mangue, chair sans peau, sans noyau, crue","fruits, légumes, légumineuses et oléagineux",fruits,71.1,0.63,14.3,0.25,1.6,12.9,0.005,0.006,12,0.09,11,150,0.11,10,10,72,25,0,70.2,0,0.005,0.01
13026,"Melon cantaloup (par ex.: Charentais), chair sans peau, sans pépins, cru","fruits, légumes, légumineuses et oléagineux",fruits,59.8,1.13,14.8,0.25,1.3,10.6,0.005,0.06,11,0.21,16,380,0.18,10,10,208,8.14,0,58.9,0,0.005,0.01
13027,"Prune mirabelle, sans noyau, crue","fruits, légumes, légumineuses et oléagineux",fruits,74.6,0.63,18,0.25,2.2,13.3,0.005,0.006,11,0.13,8.2,240,0.11,10,10,28.8,5.29,,12.5,,0.005,0.01
13028,"Myrtille, crue","fruits, légumes, légumineuses et oléagineux",fruits,57.7,0.87,10.6,0.33,2.4,9.96,0.028,0.003,6,0.28,6,77,0.16,0,0.5,2.67,9.7,0,6,0,,0
13029,"Mûre (de ronce), crue","fruits, légumes, légumineuses et oléagineux",fruits,46,1.13,6.53,0.7,5.2,6.1,0.07,0.006,31,0.4,20,200,0.18,10,10,13,10.1,0,17,0,0.08,0.01
13034,"Orange, chair sans peau, sans pépins, crue","fruits, légumes, légumineuses et oléagineux",fruits,42,0.75,8.03,0.25,2.7,7.6,0.005,0.006,66,0.57,15,180,0.25,10,10,0.21,47.5,0,25.9,0,0.005,0.01
13035,"Papaye, chair sans peau, crue","fruits, légumes, légumineuses et oléagineux",fruits,39.6,0.75,8.53,0.15,1.8,8.1,0.005,0.006,22,0.16,18,200,0.025,10,10,29.3,65.3,0,55.3,0,0.005,0.01
13036,"Pastèque, chair sans peau, sans pépins, crue","fruits, légumes, légumineuses et oléagineux",fruits,35.4,0.69,8.33,0.25,0.5,7.9,0.005,0.006,6,0.16,11,100,0.09,10,10,102,4.26,0,36.9,0,0.005,0.01
13037,"Poire, chair et peau, crue","fruits, légumes, légumineuses et oléagineux",fruits,56.6,0.36,12.3,0.27,2.9,9.75,0.067,0.004,6.46,0.072,8.23,132,0.097,5,0.88,1.17,4.3,0,7,0,0.012,0
13039,"Pomme, chair et peau, crue","fruits, légumes, légumineuses et oléagineux",fruits,54,0.25,11.6,0.25,1.4,10.6,0.052,0.004,5.34,0.099,6.47,119,0.031,5,0.37,1.78,4.6,0,3,0,0.005,0
13040,"Pomelo (dit Pamplemousse), chair sans peau, sans pépins, cru","fruits, légumes, légumineuses et oléagineux",fruits,33.5,0.84,5.92,0.25,1.1,5.87,0.075,1,23,0.125,9.97,171,0.25,0.415,1.25,29.2,36.4,0.05,38.7,0,0.075,0.15
13041,"Prune Reine-Claude, sans noyau, crue","fruits, légumes, légumineuses et oléagineux",fruits,69,0.94,16.4,0.25,1.7,10.4,0.005,0.006,13,0.16,9.5,250,0.12,10,10,35.8,4.16,0,18.4,0,0.005,0.01
13043,"Pêche, chair et peau, sans noyau, crue","fruits, légumes, légumineuses et oléagineux",fruits,37.9,0.91,7.55,0.25,1.5,6.83,0.019,0.001,7.32,0.15,11.2,215,0.12,0.28,0.55,13.5,6.6,0,4,0,0.002,0
13044,"Raisin blanc, à gros grain (type Italia ou Dattier), cru","fruits, légumes, légumineuses et oléagineux",fruits,71.6,0.75,16.6,0.25,1,15.5,0.005,0.006,12,0.2,7.6,200,0.025,10,10,0.63,1.07,0.125,16.3,0,0.005,0.01
13045,"Raisin noir, cru","fruits, légumes, légumineuses et oléagineux",fruits,69.5,0.57,15.6,0.25,1.43,15.3,0.08,0,8.98,0.3,6.78,172,0.038,1.485,0.45,2,8.4,0,11.2,0,0.017,0
13047,"Rhubarbe, tige, crue","fruits, légumes, légumineuses et oléagineux",fruits,18.1,0.73,1.12,0.16,1.8,1.1,0.041,0.007,140,0.26,15,198,0.1,0.37,0.3,5.21,6.4,0,7.5,0,0.019,0
13054,"Carambole, chair et peau, crue","fruits, légumes, légumineuses et oléagineux",fruits,28.4,1.04,3.83,0.33,2.8,3.83,0.019,0.005,3,0.08,10,133,0.12,,0.4,2.08,34.4,0,12,0,,0
13055,"Cerise acérola, chair et peau, sans noyau, crue","fruits, légumes, légumineuses et oléagineux",fruits,,0.4,6.59,0.3,1.1,,0.068,0.018,12,0.2,18,146,0.1,,,0,1680,,14,0,,0
13056,"Anone ou chérimole, chair sans peau, crue","fruits, légumes, légumineuses et oléagineux",fruits,80,1.57,15.4,0.68,3,12.9,0.23,0.018,10,0.27,17,287,0.16,,0.4,0.17,12.6,0,23,0,0.16,0
13061,"Feijoa, chair sans peau, crue","fruits, légumes, légumineuses et oléagineux",fruits,,0.71,8.2,0.42,6.4,8.2,0.1,0.007,17,0.14,9,172,0.06,,,0.17,32.9,,23,0,0.029,0
13063,"Figue de Barbarie, chair et peau, avec pépins, crue","fruits, légumes, légumineuses et oléagineux",fruits,51.5,0.12,9.79,0.11,5.3,1.02,0.01,0.01,180,0.2,69,130,0.14,,1.5,5,11,0,8,0,,0
13066,"Kaki, chair et peau, cru","fruits, légumes, légumineuses et oléagineux",fruits,66,0.88,14.3,0.15,3.4,13.9,0.005,0.006,6.9,0.06,7.2,160,0.025,10,10,15,3.41,0.125,22.1,0,0.005,0.01
13067,"Citron vert ou lime, chair sans peau, sans pépins, cru","fruits, légumes, légumineuses et oléagineux",fruits,39.3,1.13,3.14,0.15,4.3,2.1,0.005,0.015,57,0.2,14,190,0.15,10,10,1.03,29.3,0,36.5,0,0.005,0.01
13071,"Mûre noire (du mûrier), crue","fruits, légumes, légumineuses et oléagineux",fruits,,1.44,8.1,0.39,1.7,8.1,0.027,0.025,39,1.85,18,194,0.12,,0.4,0.75,36.4,0,6,0,,0
13077,"Ramboutan ou rambutan, chair sans peau, sans noyau, crue","fruits, légumes, légumineuses et oléagineux",fruits,,0.65,20,0.21,0.9,,,0.028,22,0.35,7,42,0.08,,,0.17,4.9,,8,0,,0
13080,"Tamarin, fruit mûr, chair sans peau, avec pépins, cru","fruits, légumes, légumineuses et oléagineux",fruits,,2.8,57.4,0.6,5.1,38.8,0.27,0.07,74,2.8,92,628,0.1,,,1.5,3.5,0,14,0,0,0
13083,"Goyave, chair sans peau, crue","fruits, légumes, légumineuses et oléagineux",fruits,68.3,2.55,9.02,0.95,5.4,8.92,0.27,0.005,18,0.26,22,417,0.23,0.5,0.71,31.2,228,0,49,0,0.059,0
13085,"Pomme Canada, chair sans peau, crue","fruits, légumes, légumineuses et oléagineux",fruits,51.1,0.4,11.6,0.1,1.6,11,,0.009,3.59,0.14,3.76,154,0.09,0.045,1.12,0,4,0,1,0,,0
13086,"Pomme Golden, chair sans peau, crue","fruits, légumes, légumineuses et oléagineux",fruits,50.4,0.25,11.7,0.25,2.5,11.3,0.005,0.006,2.8,0.06,3.5,110,0.025,10,10,4.98,1.29,,8.93,,0.005,0.01
13100,"Prune, sans noyau, crue","fruits, légumes, légumineuses et oléagineux",fruits,51.6,0.7,9.92,0.28,1.4,9.92,0.017,0,6,0.17,7,157,0.1,0.057,0.27,15.8,9.5,0,5,0,0.015,0
13101,"Raisin Chasselas, cru","fruits, légumes, légumineuses et oléagineux",fruits,77.8,0.75,16.9,0.5,2,16.5,0.12,0.006,16,0.14,7.5,150,0.07,10,10,2.28,4.14,,8.34,,0.005,0.01
13110,"Griotte, crue","fruits, légumes, légumineuses et oléagineux",fruits,,1,10.6,0.3,1.6,8.49,0.068,0.007,16,0.32,9,173,0.1,,,64.2,10,0,8,0,,0
13113,"Canneberge ou cranberry, crue","fruits, légumes, légumineuses et oléagineux",fruits,,0.88,7.6,0.17,5.65,4.04,0.011,0.035,14,0.63,6,113,0.1,0,0.15,3,14.2,0,1,0,,0
13121,"Pomme Granny Smith, chair sans peau, crue","fruits, légumes, légumineuses et oléagineux",fruits,51,0.25,11.4,0.25,2.6,10.6,0.005,0.006,3.2,0.08,2.9,110,0.025,10,10,1.07,2.21,,7.16,,0.005,0.01
13122,"Pomme Granny Smith, chair et peau, crue","fruits, légumes, légumineuses et oléagineux",fruits,48.6,0.25,10.7,0.25,2.8,10.1,0.005,0.006,3.2,0.06,2.8,110,0.025,10,10,0.97,2.31,,5.76,,0.005,0.01
13125,"Citron, zeste, cru","fruits, légumes, légumineuses et oléagineux",fruits,,1.5,5.4,0.3,10.6,4.17,0.039,0.015,134,0.8,15,160,0.25,7,,0.58,129,0,13,0,0.026,0
13126,"Sureau, baie, crue","fruits, légumes, légumineuses et oléagineux",fruits,,0.66,11.4,0.5,7,6.52,0.023,0.015,38,1.6,5,280,0.11,0.6,2.5,0,36,0,6,0,0.11,0
13132,"Myrtille, surgelée, crue","fruits, légumes, légumineuses et oléagineux",fruits,,0.42,8.9,0.64,2.7,8.45,0.032,0.003,7,0.29,3.5,57,0.065,,,2.42,1.75,0,7,0,,0
13134,"Salade de fruits, crue","fruits, légumes, légumineuses et oléagineux",fruits,79.3,0.61,18,0.24,1.36,14.2,0.031,0.002,14.5,0.29,16.4,203,0.094,4.9,1.18,2.92,22.3,0,20.2,0,,0
13136,"Framboise, surgelée, crue","fruits, légumes, légumineuses et oléagineux",fruits,,1,7,0.5,6.5,7,0.048,0.007,29.9,0.78,17,228,0.34,0.19,0.4,0,24.5,0,44,0,0.19,0
13148,"Nectarine ou brugnon, jaune, chair et peau, sans noyau, crue","fruits, légumes, légumineuses et oléagineux",fruits,49.5,0.69,11.3,0.25,0.6,8.8,0.005,0.006,4.8,0.13,8,220,0.11,10,10,12,3.38,,8.4,,0.005,0.01
13149,"Nectarine ou brugnon, blanche, chair et peau, sans noyau, crue","fruits, légumes, légumineuses et oléagineux",fruits,49.5,0.81,11.4,0.25,0.25,8.9,0.005,0.006,5,0.13,8.1,210,0.1,10,10,0.21,3.01,,11.9,,0.005,0.01
13150,"Mûre (de ronce), surgelée, crue","fruits, légumes, légumineuses et oléagineux",fruits,,1.18,10.7,0.43,5,,0.015,0.003,29,0.8,22,140,0.25,,,5.67,3.1,0,34,0,,0
13179,"Pomelo (dit Pamplemousse) jaune, chair sans peau, sans pépins, cru","fruits, légumes, légumineuses et oléagineux",fruits,,0.69,7.31,0.1,1.1,7.31,0.014,0,12,0.06,9,148,0.07,,,1.17,33.3,0,10,0,,0
13180,"Pomelo (dit Pamplemousse) rose, chair sans peau, sans pépins, cru","fruits, légumes, légumineuses et oléagineux",fruits,,0.77,6.2,0.14,1.6,6.2,0.021,0,22,0.08,9,135,0.07,,,57.2,31.2,0,13,0,,0
13188,"Poire Conférence, chair sans peau, crue","fruits, légumes, légumineuses et oléagineux",fruits,49.1,0.25,11.4,0.25,3.1,9.4,0.005,0.006,3.9,0.09,5.3,99,0.07,10,10,1.61,1.39,,12.6,,0.005,0.01
13189,"Poire Williams, chair sans peau, crue","fruits, légumes, légumineuses et oléagineux",fruits,50.2,0.25,11.5,0.25,3.1,9.4,0.005,0.006,6.1,0.07,5.3,120,0.09,10,10,0.21,2.57,,18.4,,0.005,0.01
13190,"Pomme Chantecler, chair sans peau, crue","fruits, légumes, légumineuses et oléagineux",fruits,47.2,0.25,11.2,0.25,1.9,10.8,0.005,0.006,4,0.06,3.6,120,0.05,10,10,4.55,2.85,,2.5,,0.005,0.01
13191,"Pomme Gala, chair sans peau, crue","fruits, légumes, légumineuses et oléagineux",fruits,51.6,0.25,11.9,0.25,1.9,11.1,0.005,0.006,3.6,0.06,3,91,0.025,10,10,0.97,1.33,,6.98,,0.005,0.01
13192,"Pomme Pink lady, chair sans peau, crue","fruits, légumes, légumineuses et oléagineux",fruits,57.3,0.25,12.8,0.25,2.9,12.3,0.005,0.006,2.8,0.07,3,110,0.025,10,10,2.69,2.13,,2.5,,0.005,0.01
13193,"Pêche blanche, chair et peau, sans noyau, crue","fruits, légumes, légumineuses et oléagineux",fruits,44.3,0.69,9.48,0.25,2.1,8.7,0.005,0.006,4.1,0.11,7.1,180,0.11,10,10,0.21,3.85,,7.92,,0.005,0.01
13194,"Pêche blanche, chair sans peau, sans noyau, crue","fruits, légumes, légumineuses et oléagineux",fruits,44.3,0.63,9.63,0.25,1.1,7.8,0.005,0.006,3.9,0.12,6.8,170,0.1,10,10,0.21,4.09,,10.5,,0.005,0.01
13195,"Pêche jaune, chair sans peau, sans noyau, crue","fruits, légumes, légumineuses et oléagineux",fruits,44.5,0.69,9.8,0.25,1,7.6,0.005,0.006,4.2,0.11,6.7,190,0.09,10,10,10.8,3.43,,12,,0.005,0.01
13395,Raisin cru (aliment moyen),"fruits, légumes, légumineuses et oléagineux",fruits,71,0.7,16.3,0.25,1.11,15.4,0.025,0.005,11.2,0.23,7.38,193,0.028,7.7,7.45,0.99,3.03,0.09,14.9,0,0.008,0.007
13396,"Pomme, chair sans peau, crue (aliment moyen)","fruits, légumes, légumineuses et oléagineux",fruits,51.3,0.26,11.9,0.24,2.39,11.4,0.005,0.006,2.99,0.065,3.38,109,0.029,9.5,9.56,4.01,1.55,,7.4,,0.005,0.009
13397,"Poire, chair, crue (aliment moyen)","fruits, légumes, légumineuses et oléagineux",fruits,49.7,0.25,11.4,0.25,3.1,9.4,0.005,0.006,5,0.08,5.3,110,0.08,10,10,0.91,1.98,,15.5,,0.005,0.01
13398,"Pêche, chair sans peau, sans noyau, crue (aliment moyen)","fruits, légumes, légumineuses et oléagineux",fruits,44.4,0.67,9.74,0.25,1.03,7.66,0.005,0.006,4.1,0.11,6.73,184,0.093,10,10,7.46,3.64,,11.5,,0.005,0.01
13399,"Nectarine ou brugnon, chair et peau, sans noyau, crue (aliment moyen)","fruits, légumes, légumineuses et oléagineux",fruits,49.5,0.74,11.3,0.25,0.47,8.84,0.005,0.006,4.88,0.13,8.04,216,0.11,10,10,7.48,3.24,,9.74,,0.005,0.01
13499,"Fruit du jacquier ou jacque, chair sans peau, cru","fruits, légumes, légumineuses et oléagineux",fruits,,1.72,20.6,0.64,1.5,19.1,0.2,0.005,24,0.23,29,448,0.13,,,5.08,13.7,,24,0,0.079,0
13523,"Datte du désert, chair et peau, sans noyau, crue","fruits, légumes, légumineuses et oléagineux",fruits,,1.5,31.3,0.1,3.6,31.3,0.04,0.018,24,0.3,,410,0.2,,,1.5,14,0,25,,,0
13529,"Dourian ou durian, chair sans peau, sans noyau, cru","fruits, légumes, légumineuses et oléagineux",fruits,,1.47,23.3,5.33,3.8,,,0.005,6,0.43,30,436,0.28,,,1.92,19.7,,36,0,,0
13547,"Kaki de brousse, fruit, cru","fruits, légumes, légumineuses et oléagineux",fruits,,0.58,17.1,0.19,3.6,12.5,0.02,0.003,8,0.15,9,161,0.11,,,21.1,7.5,0,8,0,,0
13549,"Kumquat, chair et peau, sans pépin, cru","fruits, légumes, légumineuses et oléagineux",fruits,,1.88,9.6,0.86,6.5,9.36,0.1,0.025,62,0.86,20,186,0.17,0,,0,43.9,0,17,0,0.047,0
13552,"Longan, chair sans peau, sans noyau, cru","fruits, légumes, légumineuses et oléagineux",fruits,,1.31,14,0.1,1.1,,,0,1,0.13,10,266,0.05,,,0,84,,50,0,,0
13564,"Nèfle du Japon, chair et peau, sans noyau, crue","fruits, légumes, légumineuses et oléagineux",fruits,48.1,0.43,9.9,0.2,1.7,6.1,0.04,0.003,16,0.28,13,266,0.05,,0.8,13.5,1,0,14,0,0.013,0
13583,"Prune violette, sans noyau, crue","fruits, légumes, légumineuses et oléagineux",fruits,46.4,0.8,9.6,0.1,1.94,9.6,,0.002,,,,,,,,0,,,,,,0
13614,"Pamplemousse chinois, chair sans peau, sans pépins, cru","fruits, légumes, légumineuses et oléagineux",fruits,38.4,0.76,7.14,0.04,1,,,0.003,4,0.11,6,216,0.08,,,0,61,,,0,,0
13620,"Pomme Golden, chair et peau, crue","fruits, légumes, légumineuses et oléagineux",fruits,54.1,0.25,12.8,0.25,1.4,11.5,0.005,0.006,4,0.07,3.8,130,0.07,10,10,4.67,0.25,0.125,2.5,,0.005,0.01
13621,"Raisin noir Muscat, cru","fruits, légumes, légumineuses et oléagineux",fruits,86.6,0.69,20,0.25,2.7,19.6,0.005,0.006,13,0.22,7.3,210,0.06,10,10,5.64,3.11,,11,,0.005,0.01
13742,"Melon miel ou melon honeydew, chair sans peau, sans pépins, cru","fruits, légumes, légumineuses et oléagineux",fruits,22.2,0.54,4.3,0.14,0.8,4.25,0.038,0.045,6,0.17,10,228,0.09,0,0,2.5,18,0,19,0,0.035,0
13997,"Fruits rouges, crus (framboises, fraises, groseilles, cassis)","fruits, légumes, légumineuses et oléagineux",fruits,,1,7,0.5,4.5,6.99,0,0.01,33.6,0.9,16.9,225,0.22,0.35,1.15,4.12,77.5,0,37.6,0,,0
13999,Fruit cru (aliment moyen),"fruits, légumes, légumineuses et oléagineux",fruits,56.6,0.69,12.1,0.26,1.98,10.4,0.02,0.009,17.6,0.2,12.3,195,0.11,8.74,7.85,21.9,22,0.005,22.3,0,0.013,0.008
13038,"Compote de pomme, préemballée","fruits, légumes, légumineuses et oléagineux",fruits,107,0.25,25.8,0.23,1.54,22.6,0,0.031,4.44,0.11,5.09,104,0.025,5,0.2,0.25,14.5,0,1,0,0.009,0
13119,"Pruneau, sans noyau, cuit","fruits, légumes, légumineuses et oléagineux",fruits,,1.23,,0.24,,,0.02,0.005,24,1.17,21,353,0.25,,,0,0,0,0,0,,0
13129,"Compote, tout type de fruits, allégée en sucres, préemballée, rayon frais","fruits, légumes, légumineuses et oléagineux",fruits,63.8,0.17,14.7,0.073,1.89,14.1,0,0,4.7,0.09,4.7,120,0.025,25,10,12.5,10.1,,2.5,,0,0
13151,"Compote de pomme, allégée en sucres, rayon ambiant","fruits, légumes, légumineuses et oléagineux",fruits,64.3,0.25,15.1,0.13,1.3,14.3,0.078,0.006,3.8,0.12,3.9,120,0.025,10,,0.71,7.75,0.125,15.1,,0.002,0
13152,"Dessert de fruits, tout type de fruits (en taux de sucres : compotes allégées en sucres < desserts de fruits < compotes), préemballé, rayon ambiant","fruits, légumes, légumineuses et oléagineux",fruits,89.3,0.33,20.6,0.21,1.95,17.4,0.041,0.005,4,0.15,4,130,0.025,10,10,1.88,13,,2.5,,,0
13153,"Purée de fruits, tout type de fruits, type ""compote sans sucres ajoutés"", rayon ambiant","fruits, légumes, légumineuses et oléagineux",fruits,56.4,0.25,13.3,0.15,1.7,11.3,0.005,0.006,6.2,0.025,6,140,0.025,10,10,13.1,16.7,0.125,8.24,,0.005,0.01
13154,"Spécialité de fruits, tout type de fruits, sucrée (mélange chairs et/ou purées de fruits, mais toujours avec autre ingrédient), préemballée, rayon ambiant","fruits, légumes, légumineuses et oléagineux",fruits,72.7,0.28,16.5,0.41,1.71,15.1,0.18,0.011,5,0.18,4.9,120,0.025,10,10,1.592,27,,,,,0
13174,"Spécialité de fruits, tout type de fruits, sans sucres ajoutés (mélange chairs et/ou purées de fruits, mais toujours avec autre ingrédient), préemballée, rayon ambiant","fruits, légumes, légumineuses et oléagineux",fruits,58.3,0.32,12.7,0.37,1.91,11.5,0.14,0.006,,,,,,,,,,,,,,0
13175,"Pomme, chair sans peau, rôtie/cuite au four","fruits, légumes, légumineuses et oléagineux",fruits,52.7,0.16,12.9,0.25,0.5,12.6,0.075,1,2.5,0.125,4.74,128,0.25,0.415,1.25,1.25,3.24,0.05,0.85,,0.075,0.15
13176,"Pomme, chair sans peau, bouillie/cuite à l'eau","fruits, légumes, légumineuses et oléagineux",fruits,54,0.26,11.2,0.36,2.4,11,0.058,0.003,5,0.19,3,88,0.04,,,1.58,0.2,0,1,0,,0
13185,"Compote ou assimilé, tout type de fruits, sans précision sur la teneur en sucres (allégée en sucres ou non, sans sucres ajoutés…) ni sur le rayon (aliment moyen)","fruits, légumes, légumineuses et oléagineux",fruits,80.2,0.26,19.1,0.16,1.65,17.2,0.02,0.013,7.21,0.087,5.37,128,0.032,9,4.44,6.59,18.6,0.09,7.79,,0.006,0.003
13187,"Purée de pommes, type ""compote sans sucres ajoutés"", rayon ambiant","fruits, légumes, légumineuses et oléagineux",fruits,56.4,1.13,11.6,0.28,1.7,11.6,0.082,0.006,4.3,0.1,4.2,110,0.025,10,,1.66,9.86,0.125,6.29,,,0
13199,"Compote, tout type de fruits autres que pomme seule, allégée en sucres, préemballée, rayon ambiant","fruits, légumes, légumineuses et oléagineux",fruits,65.7,0.25,15.4,0.2,1.6,14.6,0.071,0.006,6.2,0.14,5.5,140,0.025,10,0.1,8.28,11.5,0.125,9.03,0,,0
13203,"Rhubarbe, tige, cuite","fruits, légumes, légumineuses et oléagineux",fruits,18.8,0.94,1.35,0.25,2.3,1.3,0.075,1,65.5,0.125,10.5,313,0.25,1,1.25,3.5,9.85,0.05,70.8,,0.075,0.15
13204,"Compote de pêche, préemballée","fruits, légumes, légumineuses et oléagineux",fruits,106,0.63,24.9,0.1,1.65,24.3,0,0.02,,,,,,,,0,36.5,,,,,0
13205,"Compote d'abricot, préemballée","fruits, légumes, légumineuses et oléagineux",fruits,103,0.72,24.1,0.1,1.47,23.3,0.04,0.022,,,,,,,,0,10.9,,,,,0
13206,"Compote de rhubarbe, préemballée","fruits, légumes, légumineuses et oléagineux",fruits,111,0.57,25.8,0.067,2.38,24.4,0,0.025,,,,,,,,0,,,,,,0
13207,"Dessert de fruits, tout type de fruits (en taux de sucres : compotes allégées en sucres < desserts de fruits < compotes), préemballé, rayon frais","fruits, légumes, légumineuses et oléagineux",fruits,77.3,0.35,17.7,0.22,1.78,17.1,0.049,0.002,,,,,,,,0,12,,,,,0
13208,"Spécialité de fruits divers, sucrée (mélange chairs et/ou purées de fruits, mais toujours avec autre ingrédient), préemballée, rayon frais","fruits, légumes, légumineuses et oléagineux",fruits,79.2,0.36,18.2,0.22,1.87,17.1,0.061,0.005,,,,,,,,,14.8,,,,,0
13209,"Spécialité de fruits, tout type de fruits, sans sucres ajoutés (mélange chairs et/ou purées de fruits, mais toujours avec autre ingrédient), préemballée, rayon frais","fruits, légumes, légumineuses et oléagineux",fruits,55.6,0.38,12.2,0.3,1.8,11.2,0.1,0.006,,,,,,,,,13.3,,,,,0
13210,"Purée de fruits, tout type de fruits, type ""compote sans sucres ajoutés"", préemballée, rayon frais","fruits, légumes, légumineuses et oléagineux",fruits,58.7,0.43,12.7,0.29,2.02,11.5,0.064,0.004,,,,,,,,0,12,,,,,0
13211,"Compote, autres fruits, préemballée","fruits, légumes, légumineuses et oléagineux",fruits,101,0.25,23.9,0.072,2,23.1,0.028,0.006,18,0.13,5.8,150,0.07,10,0.1,6.89,42,0.125,13.6,0,,0
13212,"Compote de pomme, sans précision sur la teneur en sucres ni sur le rayon (aliment moyen)","fruits, légumes, légumineuses et oléagineux",fruits,93.5,0.25,22.4,0.2,1.46,20,0.025,0.023,4.24,0.12,4.72,109,0.025,6.6,0.2,0.39,12.4,0.04,5.44,0,0.007,0
13213,"Dessert de fruits, tout type de fruits (en taux de sucres : compotes allégées en sucres < desserts de fruits < compotes), préemballé, sans précision sur le rayon (aliment moyen)","fruits, légumes, légumineuses et oléagineux",fruits,84.4,0.34,19.4,0.22,1.88,17.3,0.044,0.004,,,,,,,,0,12.6,,,,,0
13214,"Purée de fruits, tout type de fruits, type ""compote sans sucres ajoutés"", sans précision sur le rayon (aliment moyen)","fruits, légumes, légumineuses et oléagineux",fruits,56.4,0.25,13.3,0.15,1.7,11.3,0.005,0.006,6.2,0.025,6,140,0.025,10,10,13.1,16.7,0.125,8.24,,0.005,0.01
13215,"Spécialité de fruits, tout type de fruits, (mélange chairs et/ou purées de fruits, mais toujours avec autre ingrédient), sans précision sur la teneur en sucres ni sur le rayon (aliment moyen)","fruits, légumes, légumineuses et oléagineux",fruits,72.7,0.28,16.5,0.41,1.71,15.1,0.18,0.011,5,0.18,4.9,120,0.025,10,10,1.592,27,,,,,0
13704,"Abricot au sirop (sans précision sur léger ou classique), appertisé, égoutté (aliment moyen)","fruits, légumes, légumineuses et oléagineux",fruits,67.9,0.59,15.5,0.25,1.4,14.9,,0.029,16.4,0.13,5.22,132,0.06,10,10,15.6,0.63,,8.82,,,0
13705,"Macédoine ou cocktail ou salade de fruits, au sirop (sans précision sur léger ou classique), appertisé, égouttée (aliment moyen)","fruits, légumes, légumineuses et oléagineux",fruits,64.9,0.25,15.2,0.25,2,13,,0.006,11.2,0.12,4.31,68.7,0.025,10,,11.1,3.53,,10.7,,,0
13706,"Macédoine ou cocktail ou salade de fruits, au sirop, appertisé, égoutté","fruits, légumes, légumineuses et oléagineux",fruits,71.3,0.25,16.8,0.25,2.1,13.8,,0.006,13,0.08,4,75,0.025,10,,13.9,0.98,,10.9,,,0
13707,"Macédoine ou cocktail ou salade de fruits, au sirop, appertisé, non égoutté","fruits, légumes, légumineuses et oléagineux",fruits,74.8,0.25,17.8,0.25,1.26,14.3,,0.003,11,0.072,3.76,67,0.025,10,,8.35,0.59,,11,,,0
13708,"Macédoine ou cocktail ou salade de fruits, au sirop léger, appertisé, égoutté","fruits, légumes, légumineuses et oléagineux",fruits,59.1,0.25,13.7,0.25,1.9,12.2,,0.006,9.5,0.15,4.6,63,0.025,10,,8.58,5.87,,10.6,,,0
13709,"Macédoine ou cocktail ou salade de fruits, au sirop léger, appertisé, non égoutté","fruits, légumes, légumineuses et oléagineux",fruits,59.7,0.25,14,0.061,1.18,12.3,0.009,0.003,8.18,0.13,4.37,61.1,0.025,10,,5.34,6.1,0,9.96,0,,0
13712,"Abricot au sirop léger, appertisé, égoutté","fruits, légumes, légumineuses et oléagineux",fruits,61.1,0.94,13.5,0.25,1.4,13.1,,0.024,18,0.12,4.9,140,0.06,10,10,77.1,2.19,,6.85,,,0
13713,"Abricot au sirop léger, appertisé, non égoutté","fruits, légumes, légumineuses et oléagineux",fruits,62.5,0.81,14,0.043,0.83,14,0.003,0.025,14.3,0.1,4.74,136,0.06,10,10,45.9,2.28,0,6.98,0,,0
13714,"Abricot au sirop, appertisé, égoutté","fruits, légumes, légumineuses et oléagineux",fruits,69.6,0.5,16,0.25,1.4,15.3,,0.03,16,0.13,5.3,130,0.06,10,10,0.67,0.25,,9.3,,,0
13715,"Abricot au sirop, appertisé, non égoutté","fruits, légumes, légumineuses et oléagineux",fruits,69.7,0.29,16.3,0.25,0.81,15.1,,0.03,11.3,0.11,4.8,114,0.035,10,10,9.52,0.25,,9.89,,,0
13716,"Ananas au jus d'ananas, appertisé, égoutté","fruits, légumes, légumineuses et oléagineux",fruits,56,0.25,12.9,0.25,1.4,12.8,,0.001,11,0.19,12,130,0.11,10,10,2.02,4.99,,13.5,,,0
13717,"Ananas au jus d'ananas, appertisé, non égoutté","fruits, légumes, légumineuses et oléagineux",fruits,55,0.25,12.9,0.25,0.92,12.6,,0,10.3,0.19,11.7,127,0.11,10,10,1.32,4.98,,12.9,,,0
13718,"Ananas au sirop léger, appertisé, égoutté","fruits, légumes, légumineuses et oléagineux",fruits,65.8,0.25,15.3,0.25,1.6,15.3,,0.005,6.4,0.13,11,95,0.05,10,10,1.64,5.22,,11.9,,,0
13719,"Ananas au sirop léger, appertisé, non égoutté","fruits, légumes, légumineuses et oléagineux",fruits,66.5,0.25,15.6,0.078,1.01,15.6,0.009,0.005,5.77,0.12,11.4,101,0.031,10,10,1.03,5.11,0,11.8,0,,0
13724,"Litchi, chair sans peau, sans noyau,  au sirop léger, appertisé, égoutté","fruits, légumes, légumineuses et oléagineux",fruits,62.8,0.63,14.3,0.19,1.1,14,0.055,1,21.7,0.125,7.14,81.4,0.25,0.415,6.5,1.25,25.1,0.05,63,,0.017,0.001
13730,"Pêche, sans noyau, au sirop léger, appertisée, égouttée","fruits, légumes, légumineuses et oléagineux",fruits,59,0.5,13.5,0.25,1.5,13.1,,0.006,10,0.13,5,100,0.05,10,10,21.2,2.78,,8.4,,,0
13731,"Pêche, sans noyau, au sirop léger, appertisée, non égouttée","fruits, légumes, légumineuses et oléagineux",fruits,60,0.31,14,0.038,0.92,12.9,0.003,0.002,9.57,0.13,4.88,100,0.054,10,10,12.9,3.32,0,8.4,0,,0
13734,"Poire au sirop léger, appertisée, égouttée","fruits, légumes, légumineuses et oléagineux",fruits,63.9,0.25,13.9,0.4,2.6,11.5,,0.006,8.8,0.025,4,69,0.06,10,,0.21,0.85,0.125,2.5,,,0
13735,"Poire au sirop léger, appertisée, non égouttée","fruits, légumes, légumineuses et oléagineux",fruits,62.6,0.3,14.5,0.12,1.23,12.8,0.002,0.013,5,0.28,4,66,0.08,,,0,0.7,0,1,0,,0
13001,"Abricot, dénoyauté, sec","fruits, légumes, légumineuses et oléagineux",fruits,239,2.88,59.1,0.5,8.3,34.3,0.19,0.006,71,1.4,41,1400,0.35,10,10,3.89,0.25,0.125,8.85,0,0.06,0.01
13011,"Datte, chair et peau, sans noyau, sèche","fruits, légumes, légumineuses et oléagineux",fruits,287,1.81,64.7,0.25,7.3,64.7,0.075,0.098,44.9,0.9,47.3,696,0.23,3.05,1.4,7.42,0,0,15,0,0.007,0
13013,"Figue, sèche","fruits, légumes, légumineuses et oléagineux",fruits,261,2.9,55,1.22,8.15,48.4,0.57,0.22,167,2.03,52.5,680,0.51,1.1,2.55,0.5,1.2,0,9,0,0.02,0
13042,"Pruneau, sans noyau, sec","fruits, légumes, légumineuses et oléagineux",fruits,229,1.63,55.4,0.4,5.1,38.1,0.16,0.006,50,0.38,30,610,0.28,10,1.1,32.8,0.25,0.125,2.5,0,0.005,0.01
13046,Raisin sec,"fruits, légumes, légumineuses et oléagineux",fruits,322,3,73.2,0.9,4.2,70.3,0.31,0.013,54,1.7,35,960,0.24,10,10,0.21,0.25,0.125,82,0,0.01,0.01
13051,"Mélange apéritif de fruits exotiques, sec","fruits, légumes, légumineuses et oléagineux",fruits,389,2.19,69.5,10.5,3.4,59.4,9.16,0.22,43,1.1,39,530,0.32,10,3,1.13,0.69,0.125,19.1,0,0.01,0.01
13089,"Banane, chair sans peau, sèche","fruits, légumes, légumineuses et oléagineux",fruits,365,3.89,78.4,1.81,9.9,47.3,0.7,0.007,22,1.15,108,1490,0.61,,3,8.42,7,0,14,0,,0
13111,"Pomme, sèche","fruits, légumes, légumineuses et oléagineux",fruits,247,0.93,55,0.32,8.7,52.5,0.052,0.22,14,1.4,16,450,0.2,0.5,0.8,0,3.9,0,0,0,,0
13118,"Pêche, chair et peau, sans noyau, sèche","fruits, légumes, légumineuses et oléagineux",fruits,329,5,65.4,1,14.3,51.1,0.092,0.2,25,6.8,80,945,0.57,,2.8,0,4.8,0,14,0,0.01,0
13178,"Canneberge ou cranberry, séchée, sucrée","fruits, légumes, légumineuses et oléagineux",fruits,332,0.25,76.4,1,5.7,72.8,0.2,0.006,8,0.16,3.9,58,0.025,10,,1.29,0.25,0.125,2.5,0,0.03,0.01
13183,"Baie de goji, séchée","fruits, légumes, légumineuses et oléagineux",fruits,300,12.1,49,2.9,11.8,48.4,0.75,0.91,56.5,4.9,89.2,1600,1,2.17,1.25,51.9,13.2,0,94.1,,0.1,0.002
13623,"Abricot, dénoyauté, sec, moelleux (réhydraté à 35-45%)","fruits, légumes, légumineuses et oléagineux",fruits,200,2.31,51.1,0.4,3.5,29.9,0.16,0.006,53,0.86,32,980,0.3,10,10,1.81,0.25,0.125,7.59,,0.03,0.01
13996,Fruit séché (aliment moyen),"fruits, légumes, légumineuses et oléagineux",fruits,267,2.13,61.3,0.56,6.43,52.1,0.21,0.068,59.1,1.11,38.3,762,0.29,6.65,3.58,12.6,0.7,0.07,20.5,0,0.013,0.006
13400,"Abricot pays, chair et peau, sans noyau, au sirop, appertisé, non égoutté, prélevé à la Martinique","fruits, légumes, légumineuses et oléagineux",fruits,,0.28,13.3,0.1,1.8,7.3,,,,,,,,,,2.1,0,,,,,0
13401,"Abricot pays, chair et peau, sans noyau, cru, prélevé à la Martinique","fruits, légumes, légumineuses et oléagineux",fruits,,0.48,10.8,0.05,3.1,3.7,,,,0,,,,,,0,,,12.7,,,0
13402,"Ananas, chair sans peau, cru , prélevé à la Martinique","fruits, légumes, légumineuses et oléagineux",fruits,,0.56,,0,,,,,,,,,,,,0,38.3,,,,,0
13403,"Caïmite (ou pomme étoile ou pomme de lait), chair sans peau, cru, prélevé à la Martinique","fruits, légumes, légumineuses et oléagineux",fruits,,0.31,,2.87,,,,,,,,,,,,0,5.6,,,,,0
13404,"Cerise acérola, chair et peau, sans noyau, crue, prélevée à la Martinique","fruits, légumes, légumineuses et oléagineux",fruits,,0.56,,0.097,,,,,,,,,,,,0,2850,,,,,0
13405,"Chadèque, chair sans peau, sans pépins, cru, prélevé à la Martinique","fruits, légumes, légumineuses et oléagineux",fruits,,0.48,,0.3,,,,,,,,,,,,0,44.2,,,,,0
13406,"Chips d'abricot pays, prélevé à la Martinique","fruits, légumes, légumineuses et oléagineux",fruits,,0.96,68.7,18.7,6.2,33.3,,,,,,,,,,24.7,0.2,,,,,0
13407,"Goyave, chair sans peau, purée, prélevée à la Martinique","fruits, légumes, légumineuses et oléagineux",fruits,,0.83,,0.007,,,,,,,,,,,,0,492,,,,,0
13408,"Jus de carambole, prélevé à la Martinique, jus filtré","fruits, légumes, légumineuses et oléagineux",fruits,,,,0.15,,,,,,,,,,,,0,7,,,,,
13409,"Jus de carambole, prélevée à la Martinique, jus non filtré","fruits, légumes, légumineuses et oléagineux",fruits,,0.063,,0.03,,,,,,,,,,,,0,14.2,,,,,
13410,"Jus de citron punch (variété petit calibre), pur jus, prélevé à la Martinique","fruits, légumes, légumineuses et oléagineux",fruits,,0.48,,0.14,,,,,,,,,,,,0,23.2,,,,,
13411,"Jus de citron vert (variété gros calibre), pur jus, prélevé à la Martinique","fruits, légumes, légumineuses et oléagineux",fruits,,0.69,,0.46,,,,,,,,,,,,0,23.7,,,,,
13412,"Jus de corossol, prélevé à la Martinique","fruits, légumes, légumineuses et oléagineux",fruits,,0.65,,0.43,,,,,,,,,,,,0,16.3,,,,,
13413,"Jus de fruit de la passion ou maracudja, prélevé à la Martinique, pur jus","fruits, légumes, légumineuses et oléagineux",fruits,,1.08,,0.37,,,,,,,,,,,,0,54.3,,,,,
13414,"Jus de grenade, prélevée à la Martinique","fruits, légumes, légumineuses et oléagineux",fruits,,0.69,,0,,,,,,,,,,,,0,19.8,,,,,
13415,"Jus de lime, pur jus, prélevé à la Martinique","fruits, légumes, légumineuses et oléagineux",fruits,,0.35,,0.57,,,,,,,,,,,,0,18.5,,,,,
13416,"Jus de mandarine commune, pur jus filtré pasteurisé, prélevée à la Martinique","fruits, légumes, légumineuses et oléagineux",fruits,37.6,,9.4,0,0.25,9.4,,,,,,,,,,0,27.7,,59.5,,,
13417,"Jus de mandarine commune, pur jus filtré, prélevée à la Martinique","fruits, légumes, légumineuses et oléagineux",fruits,42.1,0.61,8.63,0.57,0.25,8.63,,,,,,102,,,,2.08,26.7,,39.9,,,
13418,"Jus de mandarine macaque, pur jus filtré, prélevée à la Martinique","fruits, légumes, légumineuses et oléagineux",fruits,45.5,0.6,10.8,0,0.25,3.87,,,,,,199,,,,7.5,6,,31.3,,,
13419,"Jus de moubin, pur jus, prélevé à la Martinique","fruits, légumes, légumineuses et oléagineux",fruits,,0.88,,0.19,,,,,,,,,,,,0,10.1,,,,,
13420,"Jus de pamplemousse (variété locale), pur jus, prélevé à la Martinique","fruits, légumes, légumineuses et oléagineux",fruits,,0.42,,0.19,,,,,,,,,,,,0,35.6,,,,,
13421,"Jus de prune de cythère verte ""géante"" (variété locale), fruit mûr, pur jus filtré, prélevée à la Martinique","fruits, légumes, légumineuses et oléagineux",fruits,33.4,0.29,7.13,0.19,1,4.34,,,,,,,,,,0,16.5,,,,,
13422,"Jus de prune de cythère verte ""géante"" (variété locale), fruit vert, pur jus filtré, prélevée à la Martinique","fruits, légumes, légumineuses et oléagineux",fruits,32,0.44,6.55,0.28,0.8,0.03,,,,,,,,,,0,21.1,,,,,
13423,"Jus de prune de cythère verte ""naine"" (variété hybride), fruit mûr, pur jus filtré, prélevée à la Martinique","fruits, légumes, légumineuses et oléagineux",fruits,46.4,0.69,9.97,0.21,0.9,6.14,,,,,,,,,,0,34.3,,,,,
13424,"Jus de prune de cythère verte ""naine"" (variété hybride), fruit vert, pur jus filtré, prélevée à la Martinique","fruits, légumes, légumineuses et oléagineux",fruits,31.9,0.67,6.34,0.26,0.8,0.19,,,,,,,,,,0,45.5,,,,,
13425,"Mandarine commune, chair sans peau, sans pépins, au sirop, appertisée, non égouttée, prélevée à la Martinique","fruits, légumes, légumineuses et oléagineux",fruits,,,17.4,,0.7,17.4,,,,,,,,,,0,0.2,,33.5,,,0
13426,"Mango bassignac, chair sans peau, sans noyau, cru, prélevé à la Martinique","fruits, légumes, légumineuses et oléagineux",fruits,,0.32,18.5,0,3.2,,,,,,,,,,,0,23.3,,,,,0
13427,"Mangue moussache, chair sans peau, sans noyau, crue, prélevé à la Martinique","fruits, légumes, légumineuses et oléagineux",fruits,,1.28,20.9,0,2,,,,,,,,,,,0,8.1,,,,,0
13428,"Mangue julie, chair sans peau, sans noyau, crue, prélevée à la Martinique","fruits, légumes, légumineuses et oléagineux",fruits,,0.71,18.3,0,2.8,,,,,,,,,,,0,22,,,,,0
13429,"Mangue verte, chair sans peau, sans noyau, crue, prélevée à la Martinique","fruits, légumes, légumineuses et oléagineux",fruits,,1.31,12.2,0,3.4,,,,,,,,,,,0,17.2,,,,,0
13430,"Melon, chair sans peau, sans pépins, cru, prélevé à la Martinique","fruits, légumes, légumineuses et oléagineux",fruits,,1.08,,0.047,,,,,,,,,,,,0,27.2,,,,,0
13431,"Orange (variété locale), chair sans peau, sans pépins, prélevée à la Martinique","fruits, légumes, légumineuses et oléagineux",fruits,,0.6,,0.67,,,,,,,,,,,,0,41.2,,,,,0
13432,"Orange amère, chair sans peau, sans pépins, crue, prélevée à la Martinique","fruits, légumes, légumineuses et oléagineux",fruits,,0.73,,0.43,,,,,,,,,,,,0,44.5,,,,,0
13433,"Pastèque, chair sans peau, sans pépins, crue, prélevée à la Martinique","fruits, légumes, légumineuses et oléagineux",fruits,,0.77,,0.26,,,,,,,,,,,,0,7.87,,,,,0
13434,"Pomme cajou, chair et peau, crue, prélevée à la Martinique","fruits, légumes, légumineuses et oléagineux",fruits,,0.79,,0.11,,,,,,,,,,,,0,556,,,,,0
13435,"Pomme cannelle, chair sans peau, sans pépins, crue, prélevée à la Martinique","fruits, légumes, légumineuses et oléagineux",fruits,,1.48,,0.57,,,,,,,,,,,,0,11.5,,,,,0
13436,"Pomme d'eau ou pomme malaca, chair sans peau, sans noyau, crue, prélevée à la Martinique","fruits, légumes, légumineuses et oléagineux",fruits,,0.44,,0.023,,,,,,,,,,,,0,0.33,,,,,0
13437,"Pomme liane, chair sans peau, avec pépins, crue, prélevée à la Martinique","fruits, légumes, légumineuses et oléagineux",fruits,,0.88,,0.22,,,,,,,,,,,,0,41.4,,,,,0
13438,"Prune de cythère, chair et peau, avec pépins, mûre, crue, prélevée à la Martinique","fruits, légumes, légumineuses et oléagineux",fruits,,0.54,,0.03,,,,,,,,,,,,0,20,,,,,0
13439,"Prune de cythère, chair et peau, avec pépins, verte ou immature, crue, prélevée à la Martinique","fruits, légumes, légumineuses et oléagineux",fruits,,0.6,,0.07,,,,,,,,,,,,0,23.9,,,,,0
13440,"Fruit du jacquier ou jacque, chair sans peau, cru, prélevé à la Martinique","fruits, légumes, légumineuses et oléagineux",fruits,,1.98,,0.21,,,,,,,,,,,,0,13.6,,,,,0
13200,"Mangue José, chair sans peau, sans noyau, crue, prélevée à La Réunion (Mangifera indica L.)","fruits, légumes, légumineuses et oléagineux",fruits,88.8,0.75,19.3,0.5,1.8,18.4,0.18,0.006,14,0.12,14,150,0.08,10,10,168,2.9,,9.95,,0.03,0.01
13201,"Ananas Victoria ou Queen Victoria, chair sans peau, crue, prélevé à La Réunion","fruits, légumes, légumineuses et oléagineux",fruits,69.8,0.94,15.1,0.15,2.4,14.9,0.005,0.006,6.3,0.17,15,130,0.11,10,10,1.77,18.3,,25.4,,0.005,0.01
13202,"Papaye Colombo (fruit mûr), chair sans peau, sans pépins, crue, prélevée à La Réunion (Carica papaya L.)","fruits, légumes, légumineuses et oléagineux",fruits,38,0.56,7.88,0.15,2.2,7.7,0.005,0.006,18,0.16,12,240,0.09,10,10,103,68,,50.1,,0.005,0.01
15000,"Amande, avec peau, sans sel ajouté","fruits, légumes, légumineuses et oléagineux",fruits à coque et graines oléagineuses,615,18.8,9.51,51.3,12.5,4.2,4.11,0.006,260,3.4,270,800,3.5,10,10,0.61,0.25,0.125,120,0,0.005,0.01
15001,"Cacahuète, sans sel ajouté","fruits, légumes, légumineuses et oléagineux",fruits à coque et graines oléagineuses,623,22.8,14.8,49.1,8.6,5.9,8.4,0.022,57,1.6,190,700,3,30,10,0.21,0.25,0,89.3,0,0.04,0.01
15002,"Cacahuète, grillée, salée","fruits, légumes, légumineuses et oléagineux",fruits à coque et graines oléagineuses,635,22.9,14.2,50.8,8.08,4.25,8.63,1.26,47.4,1.2,169,531,2.92,4.8,5.7,0,0.25,0,66.6,0,0.025,0
15004,"Noisette, sans sel ajouté","fruits, légumes, légumineuses et oléagineux",fruits à coque et graines oléagineuses,632,14.4,7.16,56.9,11.6,4.9,4.75,0.006,120,3,160,860,2.3,10,10,1.33,0.25,0.125,65.2,0,0.05,0.01
15005,"Noix, cerneau, séchée","fruits, légumes, légumineuses et oléagineux",fruits à coque et graines oléagineuses,709,13.3,6.88,67.3,6.7,3,6.45,0.065,75,2.2,140,430,2.7,10,10,1.73,0.77,0.125,120,0.04,7.5,0.01
15006,"Noix de coco, chair, fraîche","fruits, légumes, légumineuses et oléagineux",fruits à coque et graines oléagineuses,369,3.47,4.69,34.7,10.6,4.69,30.3,0.048,13.5,2.27,32,363,0.8,,1.2,0,3.15,0,26,,,0
15007,"Noix de coco, chair, sèche","fruits, légumes, légumineuses et oléagineux",fruits à coque et graines oléagineuses,692,6.83,7.81,66.8,13.7,6.93,60.6,0.076,26,3.32,90,543,2.01,9.8,1.15,0,1.5,0,9,0,0.003,0
15008,"Noix du Brésil ou noix d'Amazonie, sans sel ajouté","fruits, légumes, légumineuses et oléagineux",fruits à coque et graines oléagineuses,701,14.3,4.23,67.1,7.5,2.33,16.1,0.007,160,2.43,376,659,4.06,103,2.53,0,0.7,0,22,0,0.018,0
15009,"Pistache, grillée, salée","fruits, légumes, légumineuses et oléagineux",fruits à coque et graines oléagineuses,617,18.9,15.9,49.5,9.32,7.57,6.58,1.67,98.5,2.4,105,655,2.3,2.5,6.2,13,0.25,0,94.2,0,0.22,0
15010,"Sésame, graine","fruits, légumes, légumineuses et oléagineux",fruits à coque et graines oléagineuses,606,17.7,12.8,49.7,11.8,0.3,6.96,0.05,962,14.6,324,468,5.74,26.5,2.5,0.42,0,0,97,0,0.26,0
15011,"Tournesol, graine","fruits, légumes, légumineuses et oléagineux",fruits à coque et graines oléagineuses,653,21.3,10.1,55.5,6.4,2.62,6.23,0.023,78,4.9,364,645,3.8,8.41,5,2.5,1.4,0,254,0,0.16,0
15014,"Noix de coco, amande immature, fraîche","fruits, légumes, légumineuses et oléagineux",fruits à coque et graines oléagineuses,360,3.33,6.22,33.5,9,6.22,29.7,0.05,14,2.43,32,356,1.1,,,0,3.3,0,26,0,,0
15015,"Purée de marrons, appertisée","fruits, légumes, légumineuses et oléagineux",fruits à coque et graines oléagineuses,102,2.28,22.8,,,,,0.003,14.9,,16.1,250,0.26,10.2,0.1,0,,,,,,0
15017,Mélange apéritif de graines salées et fruits séchés,"fruits, légumes, légumineuses et oléagineux",fruits à coque et graines oléagineuses,583,16.9,23.7,44.1,5.86,23.7,4.18,2.14,,,,,,,,0,,,,,,0
15018,Mélange apéritif de graines salées et raisins secs,"fruits, légumes, légumineuses et oléagineux",fruits à coque et graines oléagineuses,561,16.6,27.1,39.6,8.4,21.6,4.98,0.42,72,2.1,160,700,2.3,10,10,0.21,0.25,0.125,49.5,,0.03,0.01
15019,"Noix de cajou, grillée, salée","fruits, légumes, légumineuses et oléagineux",fruits à coque et graines oléagineuses,632,15.2,26.7,49.5,3.85,8.01,10.5,1.15,40.3,3.9,223,546,5.4,2.5,6.2,0,0.25,0,51.4,0,0.1,0
15020,"Châtaigne, bouillie/cuite à l'eau","fruits, légumes, légumineuses et oléagineux",fruits à coque et graines oléagineuses,123,2,23,1.38,4.5,0,0.26,0.068,46,1.73,54,715,0.25,2.2,0.1,0.83,26.7,0,38,0,,0
15021,"Châtaigne, grillée","fruits, légumes, légumineuses et oléagineux",fruits à coque et graines oléagineuses,211,3.34,41.1,1.7,7.1,11.3,0.27,1,28.5,1.1,46.4,627,0.72,1,1.25,4.17,27.6,0,140,0,0.073,0.002
15024,"Châtaigne, crue","fruits, légumes, légumineuses et oléagineux",fruits à coque et graines oléagineuses,189,2.02,36.8,1.76,8.1,7.92,0.33,0.006,23,0.98,31,501,0.51,0.9,0.1,0,41.6,0,60,0,0.062,0
15025,Pignon de pin,"fruits, légumes, légumineuses et oléagineux",fruits à coque et graines oléagineuses,712,13.7,2.93,68.4,10,1.83,4.9,0.023,6.2,4.6,227,662,5.6,2.5,11.2,1.42,0.25,0,80.2,0,0.11,0
15026,"Noix de pécan, sans sel ajouté","fruits, légumes, légumineuses et oléagineux",fruits à coque et graines oléagineuses,727,9.17,4.25,72,9.6,3.81,6.18,0,70,2.53,121,410,4.53,5.2,2,2.42,1.1,0,22,0,0.94,0
15027,"Noix de macadamia, sans sel ajouté","fruits, légumes, légumineuses et oléagineux",fruits à coque et graines oléagineuses,757,7.91,5.22,75.8,8.6,4.24,12.1,0.013,85,3.69,130,368,1.3,,2,0,1.2,0,11,0,,0
15032,"Luzerne, graine","fruits, légumes, légumineuses et oléagineux",fruits à coque et graines oléagineuses,426,29.7,39.3,12.6,7.9,,,,136,12.9,,,6.9,90,,0,26,,,,,0
15033,"Noisette grillée, sans sel ajouté","fruits, légumes, légumineuses et oléagineux",fruits à coque et graines oléagineuses,684,14.4,8.81,62.4,9.4,4.89,4.51,,123,4.38,173,755,2.5,,,3,3.8,0,88,0,,0
15034,"Lin, graine","fruits, légumes, légumineuses et oléagineux",fruits à coque et graines oléagineuses,528,19,6.49,40.3,24.4,1.64,4.26,0.1,223,6,336,840,6.1,6.7,1.25,1.25,1,0,23.9,0,19.6,0.006
15035,"Sésame, graine décortiquée","fruits, légumes, légumineuses et oléagineux",fruits à coque et graines oléagineuses,620,20.4,10.3,51,11.6,0.48,7.9,0.12,60,6.36,345,370,6.73,24.4,0.2,3.33,0,0,115,0,0.39,0
15037,"Cacahuète, grillée à sec, salée","fruits, légumes, légumineuses et oléagineux",fruits à coque et graines oléagineuses,615,21.6,17.9,47.7,7.4,3.7,7,1.8,,,,,,,,0,,,,,0.047,0
15038,"Sésame, grillé, graine décortiquée","fruits, légumes, légumineuses et oléagineux",fruits à coque et graines oléagineuses,582,17,9.14,48,16.9,0.48,6.72,0.098,131,7.78,346,406,10.2,,,3.33,0,0,96,0,,0
15039,"Châtaigne ou marron, appertisé","fruits, légumes, légumineuses et oléagineux",fruits à coque et graines oléagineuses,145,1.96,28.8,1.4,4,3.9,0.4,0.13,21.1,0.5,24.1,359,,,,0,,,58,,,0
15041,"Amande, émondée, sans sel ajouté","fruits, légumes, légumineuses et oléagineux",fruits à coque et graines oléagineuses,631,21.4,8.76,52.5,9.9,4.63,3.95,0.048,236,3.28,268,659,2.97,,,0.33,0,0,49,0,,0
15042,"Amande, grillée, salée","fruits, légumes, légumineuses et oléagineux",fruits à coque et graines oléagineuses,647,20,12.2,53.9,8.46,3.94,5.68,0.95,268,3.73,279,713,3.31,,,0.083,0,0,55,0,0.006,0
15043,"Noix de macadamia, grillée, salée","fruits, légumes, légumineuses et oléagineux",fruits à coque et graines oléagineuses,724,7.04,9.95,70.2,9.5,4.4,11,0.9,70,2.65,118,363,1.29,,,0,0.7,0,10,0,,0
15044,"Pistache, grillée, sans sel ajouté","fruits, légumes, légumineuses et oléagineux",fruits à coque et graines oléagineuses,631,18.4,14.9,51.6,10.2,7.75,6.45,0.012,107,4.03,102,1010,2.34,4.7,,13,3,0,51,0,0.25,0
15045,"Tournesol, graine, grillé, salé","fruits, légumes, légumineuses et oléagineux",fruits à coque et graines oléagineuses,626,21.2,12.7,51,8.3,3.3,2.2,2.63,70,5,129,850,36,,,0.42,1.4,0,237,0,,0
15046,"Noix de pécan, salées","fruits, légumes, légumineuses et oléagineux",fruits à coque et graines oléagineuses,731,10.2,5,73,3,4.9,7.1,1,,,,,,,,0,,,,,,0
15047,"Chia, graine, séchée","fruits, légumes, légumineuses et oléagineux",fruits à coque et graines oléagineuses,454,16.5,7.72,30.7,34.4,,3.33,0.04,631,7.72,335,407,4.58,,,0,1.6,,49,0,17.8,0
15048,"Mélange apéritif de graines et fruits séchés, sans sel ajouté","fruits, légumes, légumineuses et oléagineux",fruits à coque et graines oléagineuses,493,8.29,51,26.3,6.36,7,5.07,0.3,160,4,121,712,2,,,0,,,,,,0
15049,"Mélange apéritif de graines et raisins secs, sans sel ajouté","fruits, légumes, légumineuses et oléagineux",fruits à coque et graines oléagineuses,541,12.5,31.8,37.2,9.6,29.4,4.96,0.018,90,3.1,160,750,2.4,10,2.5,0.88,0.25,0.125,34.4,0,0.03,0.01
15050,"Noisette grillée, salée","fruits, légumes, légumineuses et oléagineux",fruits à coque et graines oléagineuses,664,13.4,7.67,61.2,9.43,2.91,6.43,0.83,,,,,,,,0,,,,,,0
15052,"Lin, brun, graine","fruits, légumes, légumineuses et oléagineux",fruits à coque et graines oléagineuses,533,18,3.56,42.2,26.9,1.4,4.61,0.095,210,5.7,300,750,5.1,10,10,0.21,,0.125,71.6,,21,0.01
15053,"Cacahuète, grillée, sans sel ajouté","fruits, légumes, légumineuses et oléagineux",fruits à coque et graines oléagineuses,644,23.5,14.4,51.9,5.7,6.01,6.01,1,52.4,1.7,176,656,2.9,8.3,1.25,1.25,1,0.125,26.4,0,0.04,0.016
15054,"Noix de cajou, grillée, sans sel ajouté","fruits, légumes, légumineuses et oléagineux",fruits à coque et graines oléagineuses,618,17.4,21.3,48.1,8.4,6.64,8.24,0.015,39,5.4,260,610,5,10,,0.66,0.25,0.125,30.2,,0.07,0.037
15055,"Noix de cajou, grillée à sec, sans sel ajouté","fruits, légumes, légumineuses et oléagineux",fruits à coque et graines oléagineuses,630,17.4,23.5,49,5.7,6.63,8.87,0.02,38,5.7,280,680,5.6,20,,0.78,0.25,0.125,25.6,,0.09,0.01
15057,"Cacahuète, grillée, aromatisée","fruits, légumes, légumineuses et oléagineux",fruits à coque et graines oléagineuses,598,22.8,14.6,46.6,7.8,3.62,8.73,1.92,,,,,,,,0,,,,,,0
15059,"Mélange apéritif de graines grillées, salées","fruits, légumes, légumineuses et oléagineux",fruits à coque et graines oléagineuses,637,18.6,9.69,54.7,10.5,4.55,8.91,0.95,,,,,,,,0,,,,,,0
15062,"Amande, grillée, salée, goût fumé","fruits, légumes, légumineuses et oléagineux",fruits à coque et graines oléagineuses,629,18.6,9.01,54,8.25,4.56,4.31,1.23,,,,,,,,0,,,,,,0
15063,"Chanvre ou chènevis, graine décortiquée","fruits, légumes, légumineuses et oléagineux",fruits à coque et graines oléagineuses,617,30.8,5.38,48.8,4,1.5,4.6,0.013,70,7.95,700,1200,9.9,,,0.58,0.5,,110,,8.68,0
15064,"Courge, graine, séchée","fruits, légumes, légumineuses et oléagineux",fruits à coque et graines oléagineuses,618,29.5,5.39,49.1,6,1.4,8.66,0.018,46,8.82,592,809,7.81,,,0.75,1.9,0,58,0,0.12,0
15065,"Fruits à coques et cacahuète, salé (aliment moyen)","fruits, légumes, légumineuses et oléagineux",fruits à coque et graines oléagineuses,630,20.4,17.6,50.1,7.13,5.15,8.28,1.35,80.1,2.44,194,572,3.81,3.81,5.91,1.08,0.22,0,63.9,0,0.057,0
15066,"Fruits à coques et cacahuète, sans sel ajouté (aliment moyen)","fruits, légumes, légumineuses et oléagineux",fruits à coque et graines oléagineuses,632,15.5,10.5,55,10.7,5.55,5.89,0.009,106,3.53,172,835,2.79,11.6,9.64,3.01,0.7,0.1,56,0,0.088,0.012
15202,Beurre de cacahuète ou pâte d'arachide,"fruits, légumes, légumineuses et oléagineux",fruits à coque et graines oléagineuses,643,22.2,17.3,51.4,5,10.5,10.1,1.07,49,1.74,168,558,2.51,7.2,1.25,0,0,0,87,0,0.027,0
15203,Tahin ou purée de sésame,"fruits, légumes, légumineuses et oléagineux",fruits à coque et graines oléagineuses,631,17.7,13.8,53.4,7,0.49,7.48,0.19,284,6.69,95,437,4.62,,,3.33,4.2,0,98,0,,0
20901,"Soja, graine entière","fruits, légumes, légumineuses et oléagineux",fruits à coque et graines oléagineuses,441,36.5,20.9,19.9,9.3,7.33,2.88,0.005,277,15.7,280,1800,4.89,8.8,3.3,1.08,6,0,375,0,1.29,0
9081,"Blé dur (grains entiers), précuit, cuit, sans sel ajouté",produits céréaliers,"pâtes, riz et céréales",153,5.36,28.2,1.1,3.5,0.18,0.19,0.043,16.2,0.43,16.9,86.7,0.25,2.06,6.5,1.25,1,0,10.2,0,0.026,0.001
9103,"Riz complet, cuit, sans sel ajouté",produits céréaliers,"pâtes, riz et céréales",187,3.87,37.6,1.8,2.1,0.13,0.43,0.035,28.6,0.44,57.8,70.5,0.9,1,1.25,1.25,1,0,29.4,0.094,0.023,0.002
9104,"Riz blanc, cuit, sans sel ajouté",produits céréaliers,"pâtes, riz et céréales",155,3.15,33.2,0.7,1.4,0,0.17,0.045,6.3,0.125,9.03,21.9,0.25,1,6.5,1.25,1,0,9.9,0.032,0.006,0.001
9105,"Riz blanc étuvé, cuit, sans sel ajouté",produits céréaliers,"pâtes, riz et céréales",146,2.95,31.7,0.56,1.1,0.11,0.074,0.006,11.1,0.05,10,41.7,0.05,2.5,5,0,0,0,12.1,0,,0
9107,"Riz blanc, précuit, cuit, sans sel ajouté",produits céréaliers,"pâtes, riz et céréales",,,28.1,1.3,1,0,,0.003,18,0.2,11,54,0.7,4.1,5,0,0,0,4,0,,0
9110,"Riz rouge, cuit, sans sel ajouté",produits céréaliers,"pâtes, riz et céréales",141,3.45,28.2,0.69,4,0,,0.009,19.9,0.5,54.5,75.4,0.5,2.5,5,2.08,,,9,,,0
9111,"Riz sauvage, cuit, sans sel ajouté",produits céréaliers,"pâtes, riz et céréales",102,3.8,19.7,0.34,1.8,0.73,0.049,0.007,3,0.6,32,101,1.34,,,0.17,0,0,26,0,,0
9113,"Riz semi-complet, cuit, sans sel ajouté",produits céréaliers,"pâtes, riz et céréales",165,3.63,34.4,1,1.7,0,0.22,0.063,6.99,0.3,29.7,37.2,0.86,1,1.25,1.25,1,,4,,0.015,0.002
9124,"Riz thaï, cuit, sans sel ajouté",produits céréaliers,"pâtes, riz et céréales",143,2.38,31.4,0.8,0.25,0,0.14,0.04,5.82,0.125,3.83,14.7,0.57,1,6.5,1.25,1,0.125,26.3,,0.002,0.001
9125,"Riz basmati, cuit, sans sel ajouté",produits céréaliers,"pâtes, riz et céréales",148,3.03,32.9,0.4,0.25,0,0.14,0.045,7,0.125,5.26,14,0.51,4.29,6.5,1.25,1,0.125,8.77,,0.003,0.001
9313,Flocons d'avoine bouillis/cuits à l'eau,produits céréaliers,"pâtes, riz et céréales",69.1,2.54,10.3,1.52,1.7,0.23,0.31,0.01,9,0.9,27,70,1,,0.3,0,0,0,6,0,0.018,0
9322,"Orge perlée, bouilli/cuite à l'eau, sans sel ajouté",produits céréaliers,"pâtes, riz et céréales",119,2.26,24.4,0.44,3.8,0.28,0.093,0.007,11,1.33,22,93,0.82,,0.5,0.42,0,0,16,0,,0
9331,"Mil, cuit, sans sel ajouté",produits céréaliers,"pâtes, riz et céréales",116,3.51,22.4,1,1.3,0.13,0.17,0.005,3,0.63,44,62,0.91,,,0.17,0,0,19,0,,0
9341,"Quinoa, bouilli/cuit à l'eau, sans sel ajouté",produits céréaliers,"pâtes, riz et céréales",149,4.66,27.9,1.1,3.8,0.87,0.14,0.015,23,1.6,71,220,1.2,10,,0.21,0,0,49.9,0,0.07,0.01
9615,"Polenta ou semoule de maïs, cuite, sans sel ajouté",produits céréaliers,"pâtes, riz et céréales",76.1,1.38,16.9,0.15,1.6,0.1,0.005,0.005,4.7,0.21,4,24,0.11,10,10,0.44,0.25,,2.5,0.03,0.005,0.01
9683,"Semoule ou graine de couscous, cuite, sans sel ajouté",produits céréaliers,"pâtes, riz et céréales",164,5.81,31,0.9,2.8,3.36,0.21,0.038,15,0.76,25.9,133,0.75,9.5,1.25,1.25,1,0,3.5,0,0.027,0.002
9685,"Semoule ou graine de couscous complète, cuite, sans sel ajouté",produits céréaliers,"pâtes, riz et céréales",142,4.28,26.8,1,3.7,1.38,0.21,0.04,14,0.74,28.3,136,0.83,5,1.25,1.25,1,,3.6,,0.028,0.002
9686,"Semoule ou graine de couscous semi-complète, cuite, sans sel ajouté",produits céréaliers,"pâtes, riz et céréales",170,5.59,32.4,1,3.2,1.15,0.22,0.02,20.4,1.1,37.4,166,1.3,5,6.5,1.25,1,,3.6,,0.031,0.002
9691,"Boulgour de blé, cuit, sans sel ajouté",produits céréaliers,"pâtes, riz et céréales",131,4.31,24.1,1,3.7,0,0.16,0.033,30.9,0.67,28.5,67.1,0.82,1,6.5,1.25,1,0,10.8,0,0.028,0.001
9811,"Pâtes sèches, standard, cuites, sans sel ajouté",produits céréaliers,"pâtes, riz et céréales",167,6.1,31.4,1.1,2.2,0.87,0.2,0.048,18,0.68,21.9,52.1,0.51,4.21,6.5,1.25,1,0,5.2,0.014,0.028,0.002
9816,"Pâtes fraîches, aux oeufs, cuites, sans sel ajouté",produits céréaliers,"pâtes, riz et céréales",168,5.76,32,1.3,1.5,0,,0.042,24.1,1.1,20.9,61,0.5,,,3.08,,0.1,9.2,0.24,,0
9822,"Pâtes sèches, aux oeufs, cuites, sans sel ajouté",produits céréaliers,"pâtes, riz et céréales",134,4.57,23,2,2,0.8,0.42,0.005,23,0.57,16,25,0.53,10,10,1.21,0.25,0.125,24.1,0.14,0.025,0.01
9824,"Pâtes sèches, sans gluten, cuites, sans sel ajouté",produits céréaliers,"pâtes, riz et céréales",163,3.09,34.4,1.1,1,0.49,0.29,0.015,9.6,0.48,23,32,0.46,10,10,0.21,0.25,,12.7,0.09,0.02,0.01
9871,"Pâtes sèches, au blé complet, cuites, sans sel ajouté",produits céréaliers,"pâtes, riz et céréales",179,7.35,31.3,1.4,5.1,0.94,0.27,0.055,25.1,1.5,45.8,98.7,1.4,9.9,6.5,1.25,1,0,4.3,0.021,0.054,0.002
9875,"Pâtes sèches, sans gluten (à base de riz et maïs), cuites, sans sel ajouté",produits céréaliers,"pâtes, riz et céréales",170,3.15,36.6,0.8,1.3,0,0.35,0.006,9.6,0.13,8.6,15,0.19,10,,0.43,,,6.32,,0.005,0.01
9876,"Pâtes sèches, sans gluten (à base de lentilles corail), cuites, sans sel ajouté",produits céréaliers,"pâtes, riz et céréales",168,11.7,25.1,0.8,4.9,1.03,0.16,0.006,29,2.7,59,240,1.8,10,,1.58,,,23.1,,0.07,0.01
9877,"Pâtes sèches, semi-complètes, cuites, sans sel ajouté",produits céréaliers,"pâtes, riz et céréales",173,5.71,31.8,1.2,4.5,0.99,0.22,0.038,22.2,1,37.3,98.9,1,3.26,1.25,1.25,1,,3.8,,0.037,0.002
9901,"Vermicelle de riz, cuite, sans sel ajouté",produits céréaliers,"pâtes, riz et céréales",86.6,1.43,20.1,0.25,0.25,0.1,0.005,0.024,5.2,0.08,1.3,2.2,0.15,10,10,0,0.25,0.125,6.57,0,0.005,0.01
9903,"Vermicelle de soja, cuite, sans sel ajouté",produits céréaliers,"pâtes, riz et céréales",60,0.29,14.4,0.1,0.8,0,,0.006,14.2,0.5,2.9,1.2,0.5,2.5,5,2.08,,,10,,,0
25510,"Gnocchi à la pomme de terre, cuit",produits céréaliers,"pâtes, riz et céréales",178,5.01,34.1,2.05,1.75,1.1,0.26,1.01,5.1,0.7,18.8,184,0.5,5,60,1,,0.25,27.1,0.15,0.024,0
51511,"Frik (blé dur immature concassé), cuit, sans sel ajouté",produits céréaliers,"pâtes, riz et céréales",76,2.04,14,0.48,3.5,0,,0.005,19.6,1,30.4,95.5,0.5,2.5,5,2.08,,,18,,,0
9001,"Épeautre, cru",produits céréaliers,"pâtes, riz et céréales",344,14.6,59.5,2.43,10.7,6.68,0.41,0.02,27,4.44,136,388,3.28,,,0.42,0,,45,0,0.065,0
9003,"Blé de Khorasan, cru",produits céréaliers,"pâtes, riz et céréales",342,14.5,59.5,2.13,11.1,7.74,0.2,0.013,22,3.77,130,403,3.68,,,0.42,0,,,,0.048,0
9060,"Blé dur complet, cru",produits céréaliers,"pâtes, riz et céréales",342,13.7,59.3,2.47,11.8,1.8,0.45,0.005,34,3.52,144,431,4.16,4.1,2.7,0,0,0,43,0,0.06,0
9080,"Blé dur complet, précuit, à cuire",produits céréaliers,"pâtes, riz et céréales",359,13.7,67.7,1.83,6.67,0.83,0.37,0.01,55,0,50,950,0,,0,0,0,0,331,0,,0
9100,"Riz blanc, cru",produits céréaliers,"pâtes, riz et céréales",350,7.02,77.5,0.79,1.53,0.12,0.16,0.008,13.3,1.94,27.7,92.3,1.12,9.42,6.54,0,0,0,7.67,0,0.004,0
9101,"Riz blanc étuvé, cru",produits céréaliers,"pâtes, riz et céréales",361,7.33,79.4,1.02,1.65,0.33,0.25,0.01,71,0.74,27,174,1.02,14.3,5.1,0,0,0,8,0,0.008,0
9102,"Riz complet, cru",produits céréaliers,"pâtes, riz et céréales",350,7.02,71.4,2.8,5,0,0.56,0.01,11.1,0.5,118,219,2,2.5,5,2.08,0,0,48,0,0.026,0
9108,"Riz sauvage, cru",produits céréaliers,"pâtes, riz et céréales",344,11.1,69.2,0.94,5.9,0.9,0.15,0.007,6.95,0.5,90.1,298,3.7,2.5,5,2.08,0,0,49,0,,0
9109,"Riz rouge, cru",produits céréaliers,"pâtes, riz et céréales",352,7.97,70.6,3,4.5,0,,0.028,13.5,0.5,130,288,2.1,2.5,5,2.08,,,15,,,0
9119,"Riz thaï ou basmati, cru",produits céréaliers,"pâtes, riz et céréales",351,7.08,78.4,0.63,1.06,0,0.18,0.032,,,,,,,,0,,,,,0.006,0.01
9121,"Riz, mélange de variétés (blanc, complet, rouge, sauvage, etc.), cru",produits céréaliers,"pâtes, riz et céréales",355,7.14,78.1,1,1.5,0.5,0.2,0.025,,,,,,,,0,,,,,,0
9310,"Avoine, crue",produits céréaliers,"pâtes, riz et céréales",378,16.9,55.7,6.9,10.6,1.2,1.22,0.005,54,4.72,177,429,3.97,9,,0,0,0,56,0,0.073,0
9320,"Orge complète, crue",produits céréaliers,"pâtes, riz et céréales",334,12.5,56.2,2.3,17.3,0.8,0.48,0.03,33,3.6,133,452,2.77,6.15,,1.08,0,0,19,0,0.073,0
9321,"Orge perlée, crue",produits céréaliers,"pâtes, riz et céréales",346,9.91,68.6,1.16,9.1,0.8,0.24,0.023,29,2.5,79,280,2.13,,,1.08,0,0,23,0,,0
9330,"Mil complet, cru",produits céréaliers,"pâtes, riz et céréales",360,11,64.3,4.22,8.5,,0.72,0.013,8,3.01,114,195,1.68,16,5,0,0,0,85,0,0.12,0
9340,"Quinoa, cru",produits céréaliers,"pâtes, riz et céréales",358,13.2,58.1,6.07,7,,0.71,0.013,47,4.57,197,563,3.1,,,0.67,,0,184,0,0.13,0
9345,"Amarante, crue",produits céréaliers,"pâtes, riz et céréales",369,13.5,58.6,7.02,6.7,1.68,1.46,0.01,159,7.61,248,508,2.87,,,0.083,4.2,0,82,0,0.041,0
9360,"Sorgho complet, cru",produits céréaliers,"pâtes, riz et céréales",349,10.6,65.4,3.46,6.7,2.48,0.61,0.005,13,3.36,165,363,1.67,43,,0,0,0,20,0,0.054,0
9380,"Sarrasin complet, cru",produits céréaliers,"pâtes, riz et céréales",362,13.3,67.5,3.4,4,,0.74,0.003,18,2.2,231,460,2.4,,2.5,0,0,0,30,0,0.078,0
9390,"Seigle complet, cru",produits céréaliers,"pâtes, riz et céréales",332,10.3,60.8,1.63,15.1,0.98,0.2,0.005,24,2.63,110,510,2.65,4.25,2.7,0.58,0,0,38,0,0.089,0
9610,"Semoule de blé dur, crue",produits céréaliers,"pâtes, riz et céréales",350,11.8,69.8,1.28,3.7,1,0.23,0.003,17,1.23,47,186,1.05,1,3.5,0,0,0,72,0,0.028,0
9612,"Mélange de céréales et légumes secs, cru",produits céréaliers,"pâtes, riz et céréales",354,13.7,59,4,11,4.5,0.5,0.99,,,70,,,,,0,,,,,,0
9614,"Polenta ou semoule de maïs, précuite, à cuire",produits céréaliers,"pâtes, riz et céréales",350,7.88,74,1.8,3.2,0,,0.004,1.55,0.5,35,144,0.5,2.5,5,2.08,,,35,,,0
9681,"Graine de couscous (semoule de blé dur précuite), à cuire",produits céréaliers,"pâtes, riz et céréales",366,12.3,72.7,1.32,4.5,3.5,0.26,0.018,24,1.08,44,166,0.83,,,0,0,0,20,0,0.014,0.005
9690,"Boulgour de blé, cru",produits céréaliers,"pâtes, riz et céréales",347,11.7,65.8,1.42,10.5,0.41,0.23,0.043,35,2.46,164,410,1.93,3.2,2.7,0.42,0,0,27,0,0.035,0
9810,"Pâtes sèches, standard, crues",produits céréaliers,"pâtes, riz et céréales",364,12,72.7,1.6,2.91,2.58,0.33,0.016,21,1.3,53,223,1.41,20.1,1.2,0,0,0,18,0,0.018,0
9815,"Pâtes fraîches, aux oeufs, crues",produits céréaliers,"pâtes, riz et céréales",283,10.1,53.8,1.87,3.17,2.54,0.49,0.35,35,1.29,,,,,,,,,,,,0
9821,"Pâtes sèches, aux oeufs, crues",produits céréaliers,"pâtes, riz et céréales",381,14,68,4.72,3.15,2.19,1.34,0.085,35,1.9,58,244,1.92,32.5,7.04,17.2,0,0.3,29,0.29,0.058,0
9863,"Pâtes ou nouilles asiatiques sèches, au blé et aux oeufs, nature, crues",produits céréaliers,"pâtes, riz et céréales",371,11.9,71,3,4,0.5,1,0.99,,,,,,,,,,,,,,0
9870,"Pâtes sèches, au blé complet, crues",produits céréaliers,"pâtes, riz et céréales",353,11.8,67.6,2.2,6.1,1.8,0.36,0.016,32.1,3.2,82.2,378,1.9,5.8,10,0,0,0,22.4,0,0.037,0
9874,"Pâtes sèches, sans gluten, crues",produits céréaliers,"pâtes, riz et céréales",358,6.06,79,1.5,1,0.5,0.3,0.008,,,,,,,,0,,,,,0.01,0.005
9900,"Vermicelles de riz sèches, crues",produits céréaliers,"pâtes, riz et céréales",365,7.44,80.5,1,1.2,0,0.3,0.03,14.2,0.5,13,20.3,1.3,2.5,5,2.08,,,10,,,0
9902,"Vermicelles de soja sèches, crues",produits céréaliers,"pâtes, riz et céréales",343,0.29,84.7,0.14,1.6,0,0,0.039,25.2,0.5,9.6,13.2,0.5,2.5,5,2.08,,,7,,,0
26264,"Gnocchi à la pomme de terre, à cuire",produits céréaliers,"pâtes, riz et céréales",176,4.66,35,1.42,2.2,3.18,0.3,1.18,,,,,,,,,,,,,,0
26265,"Gnocchi à la semoule, à cuire",produits céréaliers,"pâtes, riz et céréales",200,6.2,37,2.6,1.9,9.9,0.34,2.21,,,,,,,,,,,,,0.015,0
51510,"Frik (blé dur immature concassé), cru",produits céréaliers,"pâtes, riz et céréales",323,9.62,55.8,2.25,19.3,0,,0.011,50.3,5.2,114,512,3.6,2.5,5,2.08,,,68.2,,,0
54035,"Gari, semoule de manioc fermentée et séchée",produits céréaliers,"pâtes, riz et céréales",340,1.12,81.6,0.73,1.4,,,0.15,32.8,2.78,19,206,1.5,,,0,5,,,0,,0
7000,Pain (aliment moyen),produits céréaliers,pains et assimilés,276,8.18,55,1.36,3.86,2.38,0.34,1.25,26.4,1.25,27,163,0.71,9.82,3.18,0.36,0.3,0.25,22.2,,0.064,0.009
7001,"Pain blanc (par ex. : baguette, boule…)",produits céréaliers,pains et assimilés,287,8.27,58.3,1.4,2.7,2.3,0.45,1.25,22,1.2,23,180,0.73,10,10,0,0.25,0.125,26.8,,0.04,0.01
7002,Pain au levain,produits céréaliers,pains et assimilés,261,7.41,53.1,1.3,2.1,2.4,0.17,1.25,18.7,1.3,18.7,124,0.53,,,0,,,13.8,,0.024,0
7007,"Pain de tradition française (par ex. : baguette, boule…)",produits céréaliers,pains et assimilés,279,8.15,56.7,1,3.8,2.1,0.27,1.27,20,1.2,24,150,0.65,10,0.1,0.21,0.25,0.25,19.8,,0.03,0.01
7009,"Pain blanc précuit, à finir de cuire, préemballé",produits céréaliers,pains et assimilés,265,7.13,53.9,1.2,3.5,2.67,0.4,1.1,49.8,0.68,20.4,143,0.57,1,1.25,9.25,1,0,16,0.05,0.05,0.002
7010,Pain bis (à la farine T80 ou T110),produits céréaliers,pains et assimilés,265,8.6,54,0.33,4.2,2.39,0.045,1.17,27.5,1.31,33,178,1.2,,,0,,,22.4,,0.009,0
7013,"Pain sans gluten précuit, à finir de cuire, préemballé",produits céréaliers,pains et assimilés,234,2.88,39.8,5.29,7.22,2.65,1.1,1.16,,,,,,,,0,,,,,,0
7098,"Pain aux céréales et/ou aux graines, préemballé",produits céréaliers,pains et assimilés,282,8.27,39.7,7.6,5.8,4.9,0.76,1.15,32.4,1.5,64.4,230,1.3,5,1.25,9.25,1,0,8.44,0.05,0.91,0.004
7099,"Pain de campagne, préemballé",produits céréaliers,pains et assimilés,257,6.68,48.7,2.81,3.75,2.63,0.38,1.32,,,,,,,,0,,,,,,0
7100,Pain de campagne,produits céréaliers,pains et assimilés,253,7.52,50,1.3,4.3,2.5,0.42,1.18,23,1.5,33,190,0.88,10,10,0.21,0.25,0.125,30.2,,0.04,0.01
7106,"Pain complet au seigle, préemballé",produits céréaliers,pains et assimilés,213,5.7,39.5,0.9,8.2,4.17,0.24,1.24,19.9,0.96,35.1,202,1.2,1,6.5,1.25,1,,4,,0.044,0.002
7107,"Pain aux graines sans gluten, préemballé",produits céréaliers,pains et assimilés,266,4.74,38.8,8.55,6.76,3.05,1.11,1.22,,,64,,,,,,,,,,1.2,0
7109,"Pain de mie complet, sans croûte, préemballé",produits céréaliers,pains et assimilés,245,7.07,42.8,3.2,6.6,5.91,0.5,1.12,42.2,1.4,50.7,199,0.82,2.9,1.25,1.25,1,,3.4,,0.22,0.003
7110,Pain complet ou intégral (à la farine T150),produits céréaliers,pains et assimilés,234,8.66,41.2,1.7,7.3,2.41,0.56,1.17,83.2,2,54.2,236,1.2,2.43,1.25,1.25,1,0.86,35.6,0,0.052,0.002
7111,"Pain de mie complet, préemballé",produits céréaliers,pains et assimilés,257,7.3,41.8,4.1,7.3,5.63,0.57,1.07,42.3,1.5,52,213,0.88,3.76,1.25,1.25,1,,2.3,,0.29,0.003
7113,"Pain de mie aux céréales et/ou graines, préemballé",produits céréaliers,pains et assimilés,290,8.84,43.5,6.6,5.9,5.6,1.07,1.07,74.5,1.4,46.3,215,1.1,2,1.25,9.25,1,0,14.2,0.05,0.48,0.005
7114,"Pain azyme, préemballé",produits céréaliers,pains et assimilés,372,10.7,74.9,1.67,5.41,3.14,0.32,0.076,,3.3,110,190,,,,,,,,,,0
7115,Pain au son,produits céréaliers,pains et assimilés,244,8.3,44.4,1.94,6.21,2.04,0.2,1.17,30.5,2.05,54.1,253,1.19,3.8,,,,,13.1,,0.049,0
7116,"Pain de mie blanc sans gluten, préemballé",produits céréaliers,pains et assimilés,242,3.36,41.2,5.1,7.4,5.16,0.98,0.99,45.7,0.61,14.9,135,0.25,1,1.25,9.25,1,0,10,0.05,0.27,0.003
7117,"Pain de mie blanc, sans sucres ajoutés, préemballé",produits céréaliers,pains et assimilés,290,7.01,48.1,5.9,4,6.13,0.74,1.14,21,0.85,22.1,130,0.53,1,1.25,9.25,1,0,5.55,0.05,0.44,0.004
7125,Pain de seigle et froment,produits céréaliers,pains et assimilés,260,8.27,51.5,1,4.5,2.4,0.32,1.13,33,1.2,27,170,0.86,10,10,0.21,0.25,0.25,49.3,0,0.029,0.01
7130,"Pain sans gluten, préemballé",produits céréaliers,pains et assimilés,249,4.58,37.1,6.6,9.9,5.9,0.92,1.08,51.6,1.3,38.1,170,0.81,1,16,9.25,1,0,17.2,0.05,0.76,0.004
7160,"Pain blanc, sans sel ajouté",produits céréaliers,pains et assimilés,282,8.7,57,1.17,2.68,4.5,0.3,0.013,42,,21.3,129,0.75,4.7,6,0,,,23,,,0
7170,Pain panini,produits céréaliers,pains et assimilés,254,7.48,50.6,1.1,4.2,2.3,0.2,0.98,34.5,0.9,29,148,,,,0.5,,0,39,0.1,,0
7180,Pain pita,produits céréaliers,pains et assimilés,249,7.48,48.8,1.5,3.7,2.51,0.2,1.2,52.7,1,18.1,134,0.5,2.5,5,2.083,,,21,,,0
7200,"Pain de mie blanc, préemballé",produits céréaliers,pains et assimilés,279,7.06,50.4,4.37,2.83,6.14,0.54,1.07,88,0.7,17,120,0.47,10,10,0.21,0.25,0,13.3,,0.21,0.01
7201,"Pain de mie blanc, sans croûte, préemballé",produits céréaliers,pains et assimilés,266,6.93,50.2,3.23,2.89,7.5,0.48,1.07,87,0.74,20,110,0.49,10,10,0.208,0.25,,18.6,,0.22,0.01
7210,"Pain de mie brioché, préemballé",produits céréaliers,pains et assimilés,312,7.78,51.4,7.26,3.03,10.5,1.33,1.13,65,0.7,17,110,0.67,10,10,10.7,0.25,0.125,14.5,0.26,0.37,0.025
7255,Pain aux céréales et/ou graines,produits céréaliers,pains et assimilés,269,9.58,46.9,3.2,5.2,2.2,0.45,1.13,40,1.6,53,230,1.1,10,10,1.21,0.25,0.25,30.5,,0.47,0.01
7256,"Muffin anglais complet, petit pain spécial, préemballé",produits céréaliers,pains et assimilés,205,10.9,31,1.7,8.1,7.88,0.35,0.92,73.6,1.8,56,221,1.3,3.5,1.25,9.25,1,0,3.5,0.05,0.063,0.002
7257,"Muffin anglais, petit pain spécial, préemballé",produits céréaliers,pains et assimilés,228,9.06,42.5,1.1,3.8,6.17,0.43,0.9,162,1.6,20.5,131,0.85,3,1.25,9.25,1,0,7.3,0.05,0.046,0.002
7258,Pain bagel,produits céréaliers,pains et assimilés,301,9.83,53,4.58,2.7,6.48,1.08,1.02,37.3,1.83,36.3,122,0.95,,,0.17,0,0,25,0,,0
7259,"Pain pour burger ou hot dog (bun), préemballé",produits céréaliers,pains et assimilés,283,8.21,47.2,4.9,3.5,6.46,0.84,1.13,62.7,0.82,25.5,130,0.75,4,1.25,9.25,1,0,8.15,0.05,0.26,0.003
7260,"Pain blanc, fait maison (avec farine pour machine à pain)",produits céréaliers,pains et assimilés,256,7.81,52.1,0.9,2.6,,0.17,1.45,21,0.85,20,130,0.62,25,18.5,0.42,0.6,,30.3,,0.021,0
7261,"Pain de campagne, fait maison (avec farine pour machine à pain)",produits céréaliers,pains et assimilés,240,7.98,46.7,0.9,5.1,,0.18,1.34,20,1.3,34,210,1.1,25,22,0.42,1.33,,25.6,,0.025,0
7262,"Pain pour burger ou hot dog (bun) complet, préemballé",produits céréaliers,pains et assimilés,296,8.56,48.2,6.16,5.18,6.74,0.94,1.05,,,,,,,,,,,,,,0
7263,"Bretzel, pain frais",produits céréaliers,pains et assimilés,330,9.18,54.6,7.1,3.8,3.58,0.95,3.35,53,0.84,25,170,0.88,10,,0.208,0.25,,26.4,,0.45,0.01
7813,"Tortilla souple (à garnir), à base de maïs",produits céréaliers,pains et assimilés,316,6.08,58,5.57,3.57,2.37,1.13,1.4,23,0.81,20,120,0.63,10,10,1.058,0.25,,24.5,,0.21,0.01
7815,"Tortilla souple (à garnir), à base de blé",produits céréaliers,pains et assimilés,320,8.01,53,7.48,2.89,2.12,1.39,1.41,45,0.76,19,150,0.57,10,10,10.7,,,39.4,,0.26,0.01
23805,Blinis,produits céréaliers,pains et assimilés,270,5.94,34.6,11.5,2.23,4.57,1.51,1.26,38.9,0.6,14.2,137,0.45,2.5,30,23,0,0.25,33,0.28,0.06,0.005
7004,"Pain blanc, passé au grille-pain",produits céréaliers,pains et assimilés,317,9.46,64,1.3,3.7,1.4,0.52,1.51,20,0.97,25,140,0.65,10,10,1,0.25,0.125,19.6,,0.01,0.019
7300,Biscotte classique,produits céréaliers,pains et assimilés,394,10,73.2,5.43,4.32,6.92,1.29,1.36,29,1.1,24,160,0.79,10,10,53,0,0.125,22.3,,0.07,0.01
7301,Biscotte briochée,produits céréaliers,pains et assimilés,440,8.61,72.1,11.3,5.7,9.87,5.04,1.15,56,0.87,23.4,243,0.67,3,27,12.3,1,0,4.9,0.05,0.18,0.007
7302,Biscotte au germe de blé,produits céréaliers,pains et assimilés,386,10.1,69.9,5.4,6.6,5.1,0.97,1.28,25.5,1.3,39.5,207,1.3,5,1.25,9.25,1,0,7.7,0.05,0.08,0.004
7310,"Biscotte, sans sel ajouté",produits céréaliers,pains et assimilés,402,10.6,74.7,5.1,5.6,6.91,0.98,0.007,25.1,1.4,30.1,186,0.94,3,1.25,9.25,1,0,0.5,0.05,0.11,0.004
7330,Biscotte aux céréales,produits céréaliers,pains et assimilés,404,11.5,68.1,7.3,7.6,4.81,1.02,1.79,39.2,1.8,61.6,255,1.4,5,1.25,9.25,1,0,5.2,0.05,0.63,0.005
7340,Biscotte au blé complet,produits céréaliers,pains et assimilés,389,11.3,66,5.9,11,4.96,1.14,1.23,40.8,2.7,80.8,339,1.8,5.1,1.25,9.25,1,0,3.4,0.05,0.068,0.004
7347,Cracker de table aux graines,produits céréaliers,pains et assimilés,445,14.3,49.9,17.7,11.6,1.67,2.51,1.86,,,,,,,,,,,,,,0
7348,Cracker de table au fromage et aux graines,produits céréaliers,pains et assimilés,455,17.9,47.3,18.5,10.4,2.24,5.84,1.87,,,,,,,,,,,,,,0
7349,Cracker de table au blé complet,produits céréaliers,pains et assimilés,436,12.6,55.6,15.4,10.1,4.82,3.88,1.58,,2.7,76.9,,,,34,,,,,,,0
7351,Cracker de table au froment,produits céréaliers,pains et assimilés,442,10.4,68.6,12.3,4.1,1.63,5.66,1.87,24.8,1.2,28.9,159,0.87,7,1.25,9.25,1,0,5.2,0.05,0.08,0.007
7352,Galette de riz complet soufflé,produits céréaliers,pains et assimilés,381,8.39,77.9,3,3.4,0.55,0.75,0.22,13.2,1.2,134,297,2.1,5.5,6.5,1.25,1,,5.4,,0.038,0.002
7353,Galette de céréales soufflées,produits céréaliers,pains et assimilés,388,10.1,77.9,2.9,3.7,0.94,0.66,0.21,21.4,2,129,339,2.6,3,1.25,1.25,1,,27.5,,0.05,0.002
7354,Galette de maïs soufflé,produits céréaliers,pains et assimilés,387,7.02,83.5,1.9,3,0.74,0.45,0.36,2.5,0.61,39,169,0.75,3,1.25,1.25,1,,11.4,,0.039,0.002
7357,"Galette de céréale(s) soufflée(s), aux graines",produits céréaliers,pains et assimilés,382,8.53,77.7,3.88,4.63,0.58,0.77,0.43,,,,,,,,,,,,,,0
7359,"Tartine croustillante au seigle, source ou riche en fibres",produits céréaliers,pains et assimilés,342,9.29,57.4,3,21.9,1.96,0.42,0.99,61.3,3.6,128,615,4.2,3.78,31.6,9.25,1,0,5.2,0.05,0.13,0.002
7399,"Toast ou pain grillé brioché aux raisins secs, tranches, préemballé",produits céréaliers,pains et assimilés,405,10.7,74.3,5.9,4.03,18.8,2.45,0.62,,,,,,,,,,,,,,0
7400,"Pain grillé au froment, tranches, préemballé",produits céréaliers,pains et assimilés,399,9.75,71.8,6.2,6.4,3.24,2.12,1.48,27.5,1.1,26.9,193,0.78,4,1.25,9.25,1,0,5,0.05,0.06,0.004
7402,"Pain grillé au blé complet, tranches, préemballé",produits céréaliers,pains et assimilés,390,10.3,69.4,5.6,8,3.03,1.84,1.7,37.6,1.7,50.4,259,1.2,3.21,6.5,1.25,1,,8.4,,0.063,0.004
7403,"Pain grillé brioché, tranches, préemballé",produits céréaliers,pains et assimilés,427,10.2,67.6,11.3,4.9,8.4,5,1.04,40.5,1.1,25.1,217,0.9,6,6.5,11.8,1,0,3.9,0.05,0.18,0.006
7407,Petit pain grillé suédois au froment,produits céréaliers,pains et assimilés,411,8.66,71.6,8.4,5.2,9.26,1.18,0.86,19.8,0.86,21.3,151,0.64,1,1.25,9.25,1,0,7.1,0.05,0.45,0.005
7409,Petit pain grillé suédois aux céréales et graines,produits céréaliers,pains et assimilés,404,10.4,68.6,8.14,5.14,3.24,1,1.16,,,,,,,,,,,,,,0
7410,"Tartine craquante extrudée, classique",produits céréaliers,pains et assimilés,385,9.01,75.8,3.6,4.8,7.8,0.79,1.6,63.3,1.7,27,240,0.84,3.3,14.6,9.25,1,0,4.1,0.05,0.2,0.003
7414,"Tartine craquante extrudées, source ou riche en fibres",produits céréaliers,pains et assimilés,376,9.86,71.3,3.5,7.2,5.06,0.98,1.32,48.7,3.5,69.6,315,1.3,3.04,6.5,42,1,0,4.2,0.05,0.059,0.003
7419,"Petit pain grillé suédois au blé complet, sans sucres ajoutés",produits céréaliers,pains et assimilés,391,10.8,65,7.2,9.4,3.11,0.8,1.41,35.2,1.9,62.2,285,1.3,5.3,1.25,9.25,1,0,4.9,0.05,0.46,0.004
7420,Petit pain grillé suédois au blé complet,produits céréaliers,pains et assimilés,402,9.69,65.8,8.6,9.3,5.68,0.93,1.27,29.4,1.7,53.8,251,1.3,2.18,1.25,9.25,1,0,4.1,0.05,0.56,0.005
7421,Petit pain grillé suédois aux fruits,produits céréaliers,pains et assimilés,386,8.85,73.8,4.9,3.8,11.5,0.5,1,,,,,,,,,,,,,0.15,0.005
7422,Petit pain grillé suédois brioché,produits céréaliers,pains et assimilés,421,9.43,69.4,10.6,3.31,8.84,2.44,1.01,,,,,,,,,,,,,,0
7425,"Pain grillé aux céréales, tranches, préemballé",produits céréaliers,pains et assimilés,417,12.8,70,7.33,7.5,7,2.41,1.58,30,9,66,300,1.5,1.7,4,0,0,0,57,0,,0
7431,"Croûton, à tartiner, préemballé",produits céréaliers,pains et assimilés,374,12.3,70,2.85,7,7.5,1.45,1.3,,,,,,,,,,,,,,0
7432,"Croûton nature, préemballé",produits céréaliers,pains et assimilés,459,9.21,62.4,17.9,3.72,3.64,2.66,1.83,27,1.5,24,190,0.67,10,10,,,0.125,37.1,,0.033,0.01
7500,Chapelure,produits céréaliers,pains et assimilés,365,9.41,74.3,1.6,5.4,4.29,0.46,0.72,26.8,1.1,31.3,208,0.81,2,1.25,9.25,1,0,4.3,0.05,0.05,0.002
7525,"Gressin, nature (sans sésame)",produits céréaliers,pains et assimilés,428,11.4,68.8,10.5,4.25,1.93,3.21,1.94,48,1.2,66.3,213,1.4,2.5,20,,7,,80,0.26,0.026,
38500,"Croûton, à l'ail, aux fines herbes ou aux oignons, préemballé",produits céréaliers,pains et assimilés,484,8.87,59,22.9,3.37,4.33,3.04,2.56,31,1.1,27,200,0.67,10,10,,,0.125,57.1,,0.029,0.01
38501,"Croûton, au fromage, préemballé",produits céréaliers,pains et assimilés,535,8.24,52.3,32,2.67,4,5.21,1.7,,,,,,,,,,,,,,0
9230,"Pop-corn ou maïs éclaté, à l'huile, salé",produits céréaliers,biscuits apéritifs,477,8.3,50.2,24.6,10.6,2.02,11.9,2.61,9.6,2.3,,182,2.48,6.15,2.5,,,0,43,,0,
9231,"Pop-corn ou maïs éclaté, sans huile, non salé",produits céréaliers,biscuits apéritifs,419,11,59.7,12.3,12.8,0.6,4.57,0.02,7,3.19,144,329,3.08,,2.5,7.42,0.25,0,31,0,0.26,0
9232,"Pop-corn ou maïs éclaté, au caramel",produits céréaliers,biscuits apéritifs,421,6.53,73.2,9.83,6.8,35.9,3.8,0.08,,,,,,,,,,,,,,
38104,"Chips, beignet ou pétale à la crevette",produits céréaliers,biscuits apéritifs,508,3.1,63.7,26.6,1,7.1,2.4,1.53,46,1.4,15.5,41.5,0.5,1.5,194,3.08,,0.1,5.1,0.22,0.062,
38105,"Chips de maïs ou tortilla chips, aromatisé",produits céréaliers,biscuits apéritifs,499,6.53,59.1,25.4,4.16,2.79,10.4,1.49,134,1.38,87,259,1.43,4.18,7.5,0,0,0,43,,0.049,
38106,"Biscuit ou cracker apéritif, soufflé, goût pomme de terre",produits céréaliers,biscuits apéritifs,475,4.59,60.6,23,3.74,1.39,6.49,3.08,33.8,1.37,40.2,710,0.69,0.95,0,,,,69,,0.087,
38107,"Biscuit ou cracker apéritif, mini bretzel ou sticks",produits céréaliers,biscuits apéritifs,376,11.2,73.7,3.13,4.32,2,1.4,4.43,21,1.3,28,160,0.77,10,10,,,,44,0.038,0.018,0.01
38109,"Biscuit apéritif, mini-chou fourré, préemballé",produits céréaliers,biscuits apéritifs,651,9.75,28.2,54.7,1.44,5.54,41.9,1.49,,,,,,,,,,,,,,
38399,Biscuit ou cracker apéritif (aliment moyen),produits céréaliers,biscuits apéritifs,480,10.2,61.2,20.9,3.34,4.41,10.6,2.59,28.2,2.52,30,153,0.79,,8.32,,0,,,,0.058,0.002
38401,"Biscuit ou cracker apéritif, à base de blé, au fromage",produits céréaliers,biscuits apéritifs,519,14.8,47,29.4,3.86,4.36,13.8,1.88,236,3.3,26.5,148,1.4,,8,41.7,,0,100,,0.074,0.008
38402,"Biscuit ou cracker apéritif, à base de blé, nature ou aromatisé",produits céréaliers,biscuits apéritifs,499,10.4,59.1,23.8,3.12,5.45,12.2,2.32,28,2.75,30.5,152,0.8,,8,,0,,,,0.061,0
38403,"Biscuit ou cracker apéritif, à base de blé, nature, allégé en matière grasse",produits céréaliers,biscuits apéritifs,410,6.53,73.1,9.33,3.67,3.97,4.67,3,72,2.9,29,152,0.75,,8,0,0,0,100,0,0.038,0
38404,"Biscuit ou cracker apéritif, soufflé, goût cacahuète",produits céréaliers,biscuits apéritifs,487,13.3,54.8,22.9,3.99,3.13,5.94,1.88,,,,,,,,,,,,,0.053,0.009
38405,"Biscuit ou cracker apéritif, tuile, à base de pomme de terre",produits céréaliers,biscuits apéritifs,521,4.63,59.1,28.8,3.31,2.86,9.02,1.62,,,,,,,,,,,,,0.088,
38406,"Cacahuète enrobée d'un biscuit salé ou aromatisé, pour apéritif",produits céréaliers,biscuits apéritifs,518,15.8,45.4,29.7,3.18,4.51,7.8,2.82,,,,,,,,,,,,,,
38407,"Biscuit ou cracker apéritif, feuilleté (flûtes, torsades, palmiers…), sans fromage",produits céréaliers,biscuits apéritifs,476,10.9,59.7,20.7,3.68,1.74,13.1,2.55,,,,,,,,,,,,,0.08,
38408,"Biscuit apéritif, crêpe dentelle fourrée, préemballée",produits céréaliers,biscuits apéritifs,555,9.3,48.8,35.6,1.25,14.2,23.3,1.73,,,,,,,,,,,,,,
38410,"Biscuit ou cracker apéritif, feuilleté (flûtes, torsades, palmiers…), au fromage",produits céréaliers,biscuits apéritifs,524,13.1,50.2,29.6,2.2,2.14,19.1,2.53,,,,,,,,,,,,,,
38411,"Biscuit ou cracker apéritif, à base de blé, assortiment",produits céréaliers,biscuits apéritifs,501,8.88,58.2,25.3,2.78,6.87,5.76,1.88,,,,,,,,,,,,,,
38413,"Biscuit ou cracker apéritif, gaufrette fourrée",produits céréaliers,biscuits apéritifs,585,10.4,39.6,42.4,2.19,9.44,37.4,1.86,,,,,,,,,,,,,,
38414,"Gressin, au sésame",produits céréaliers,biscuits apéritifs,443,12.8,59.3,15.7,4.64,3.06,5.24,1.7,,,,,,,,,,,,,,
38415,"Gressin, au sésame, allégé en matière grasse",produits céréaliers,biscuits apéritifs,427,14,56.8,13.9,6.77,1.9,3.1,1.81,,,,,,,,,,,60,,,
38416,"Biscuit ou cracker apéritif, à base de riz et cacahuètes enrobées, mélange japonais",produits céréaliers,biscuits apéritifs,409,10.8,72,8.27,1.94,10.1,1.91,1,,,,,,,,,,,,,,
38417,"Chips de maïs ou tortilla chips, nature",produits céréaliers,biscuits apéritifs,488,6.1,62.6,22.5,4.33,1.1,7.5,0.88,106,1.52,84,182,1.38,,,0.083,0,0,12,0.36,0.23,0
38419,"Biscuit ou cracker apéritif, soufflé, goût bacon",produits céréaliers,biscuits apéritifs,513,6.5,62.2,25.9,2.45,1.55,8.55,2.2,,,,490,,,,,,,,,0.034,0.008
38420,"Biscuit ou cracker apéritif, soufflé, nature",produits céréaliers,biscuits apéritifs,464,7.17,64,19.2,3.53,3.74,7.84,2.67,,,,500,,,6,,,,,,0.084,0
38421,"Biscuit ou cracker apéritif, soufflé, goût fromage",produits céréaliers,biscuits apéritifs,510,7.29,57.6,27.3,2.64,3.26,12.8,2.24,,,,,,,,,,,,,,
38422,"Biscuit ou cracker apéritif, soufflé, sans précision (aliment moyen)",produits céréaliers,biscuits apéritifs,535,10.5,48.8,32.6,2.12,9.63,27.3,1.61,,,,,,,,,,,,,,
4090,Fécule de pomme de terre,produits céréaliers,farines,348,0,86.3,0.2,0.55,,0.039,0.009,27.5,0.84,6,33.5,0.16,0.4,0.49,0,0,0,,0,0.064,0
9410,Farine de blé tendre ou froment T110,produits céréaliers,farines,343,9.61,68.6,1.5,6.8,1.6,0.27,0.065,27,2.2,73,280,1.9,10,10,0.42,0.25,0.125,25.7,0,0.06,0.01
9415,Farine de blé tendre ou froment T150,produits céréaliers,farines,342,11.4,64.9,1.52,10.2,1.77,0.22,0.035,31.9,2.7,85.1,407,2.5,,,0,0.25,,52.4,,0.04,0
9435,Farine de blé tendre ou froment T65,produits céréaliers,farines,346,10,71.5,1,3.5,1.5,,0.03,25.3,1.31,30.4,176,0.8,4.4,,0,,,18.3,,,0
9436,Farine de blé tendre ou froment T55 (pour pains),produits céréaliers,farines,350,9.03,73.7,1,3.2,1.5,0.19,0.065,23,1,27,180,0.81,10,10,0.083,0.25,0.125,15.4,0,0.04,0.01
9437,Farine de blé tendre ou froment avec levure incorporée,produits céréaliers,farines,350,9.12,74,1,2.5,2.5,0.5,,,,,,,,,0,,,,,,0
9440,Farine de blé tendre ou froment T45 (pour pâtisserie),produits céréaliers,farines,355,8.44,76.5,0.82,2.5,0.44,0.13,0.098,21.2,1.38,22.5,144,0.75,2.76,2.5,0,0,0,18,0,0.012,0
9445,Farine de blé tendre ou froment T80,produits céréaliers,farines,355,9.95,73.2,1.18,4.2,1.77,0.17,0.003,25.4,1.5,45.6,206,1.3,,,0,0.25,,53.8,,0.026,0
9480,Farine d'épeautre (grand épeautre),produits céréaliers,farines,352,11.4,64,3,9.3,1.3,0.5,0.065,31,3,92,360,2.8,10,10,0,0.25,0.125,59.3,,0.08,0.01
9510,Amidon de maïs ou fécule de maïs,produits céréaliers,farines,365,0.26,90.4,0.05,0.9,0,0.009,0.023,2,0.47,3,3,0.06,2.8,0.6,0,0,0,1,0,,0
9520,Farine de riz,produits céréaliers,farines,357,7.62,73.9,2.5,3.3,0.9,0.46,0.065,9.5,0.79,110,270,1.4,10,10,0,0.25,0.125,25.1,0,0.04,0.01
9530,Farine de seigle T170,produits céréaliers,farines,315,15.9,44.8,2.22,23.8,2.31,0.27,0.005,37,4.97,160,717,5.04,,4.6,0.58,0,0,,0,,0
9532,Farine de seigle T85,produits céréaliers,farines,345,9.82,68.7,1.33,8,0.93,0.15,0.005,13,0.91,32,224,1.33,,,0,0,0,,0,,0
9533,Farine de seigle T130,produits céréaliers,farines,344,7.24,70.9,1.12,9.5,1.59,0.22,0.009,23.8,1.8,64.6,356,1.9,2.5,,0,0.25,0,50.3,0,0.044,0
9540,Farine de sarrasin,produits céréaliers,farines,348,11.5,68.4,2.19,4.2,0.03,0.58,0.06,23.8,2.5,157,577,2.3,4.9,,0,0.25,0,66.8,0,0.03,0
9545,Farine de maïs,produits céréaliers,farines,362,5.59,80.9,1.39,1.9,0.64,0.17,0.003,2,0.91,18,90,0.37,6.2,0.6,8.08,0,0,,0,0.024,0
9550,Farine d'orge,produits céréaliers,farines,337,10.5,64.4,1.6,10.1,0.8,0.34,0.01,32,2.68,96,309,2,1,5,0,0,0,,0,0.074,0
9555,Farine de millet,produits céréaliers,farines,350,10.2,63.2,4.1,9.7,0.5,0.76,0.065,12,3.8,140,280,3.1,10,10,0,0.25,0.125,54.5,,0.05,0.01
9570,Farine de châtaigne,produits céréaliers,farines,362,5.69,70.4,3.43,12.6,,0.52,,61.6,0.05,67.9,,1.1,,,0,16,,215,,0.12,0
9580,Farine de pois chiche,produits céréaliers,farines,359,22.4,47,6.69,10.8,10.9,0.69,0.16,45,4.86,166,846,2.81,,,2.08,0,0,,0,,0
20915,Farine de soja complète,produits céréaliers,farines,457,34.5,25.7,20.7,9.6,7.5,2.99,0.033,206,6.37,429,2520,3.92,11,0.5,6,0,0,,0,1.45,0
96781,Amidon de riz,produits céréaliers,farines,343,0.6,85,0,0,,,,,,,,,,,0,,0,,,,0
23399,"Pâte brisée, préemballée, cuite (aliment moyen)",produits céréaliers,pâtes à tarte,473,7.47,46.4,26.4,8.5,4.9,4.14,1.73,16.5,0.5,12.8,116,0.5,2.5,5,10.5,0,0.1,8,0.03,0.26,
23402,"Pâte à pizza fine, préemballée, crue",produits céréaliers,pâtes à tarte,285,7.57,47.4,6.6,1.6,2.9,1.29,1.81,,,,,,,,,,,,,0.46,
23410,"Pâte brisée, matière grasse végétale, préemballée, crue",produits céréaliers,pâtes à tarte,392,5.17,42.7,21.7,1.67,3,11.3,1.15,,,,,,,,,,,,,0.35,
23412,"Pâte brisée, matière grasse végétale, préemballée, cuite",produits céréaliers,pâtes à tarte,473,7.47,46.4,26.4,8.5,4.9,4.14,1.73,16.5,0.5,12.8,116,0.5,2.5,5,10.5,0,0.1,8,0.03,0.26,
23414,"Pâte brisée, pur beurre, préemballée, crue",produits céréaliers,pâtes à tarte,390,5.93,45,20,2,2.5,13,1.69,,,,,,,,,,,,,0.095,
23415,"Pâte brisée, pur beurre, surgelée, préemballée, crue",produits céréaliers,pâtes à tarte,387,5.65,43.3,20.7,1.6,7.55,11.5,0.83,,,,,,,,,,,,,,
23416,"Pâte brisée, pur beurre, préemballée, cuite",produits céréaliers,pâtes à tarte,497,7.58,61.1,23.9,1.7,3.22,16.1,1.25,17,0.68,12,120,0.41,10,10,4.567,0.25,0.125,17.9,,0.11,0.01
23420,"Pâte feuilletée, matière grasse végétale, crue",produits céréaliers,pâtes à tarte,385,5.75,41,21.4,1.5,2.3,10.5,1.13,,1.3,,94,0.5,,,4,0,1.76,7,,0.19,0.005
23424,"Pâte feuilletée, pur beurre, préemballée, crue",produits céréaliers,pâtes à tarte,370,5.47,40,20,3,3,14,1.68,,,,,,,,,,,,,0.08,0.022
23425,"Pâte feuilletée, pur beurre, surgelée, préemballée, crue",produits céréaliers,pâtes à tarte,398,4.99,35.3,25.8,1.4,1.33,17.7,0.86,,,,,,,,,,,,,,
23426,"Pâte feuilletée, pur beurre, préemballée, cuite",produits céréaliers,pâtes à tarte,560,5.73,42,40.5,1.2,1.05,28.3,1.11,,,,,,,13,,,,,,,
23430,"Feuille de brick ou khatfa, préemballée, cuite à sec sans matière grasse",produits céréaliers,pâtes à tarte,277,6.16,57.1,1.76,3,7,0.28,,110,1.1,23.7,175,3.18,2.5,17.5,2.083,,,12.4,,,
23440,"Pâte sablée, préemballée, crue",produits céréaliers,pâtes à tarte,419,5.31,50,21.8,0.95,13,9.94,0.25,,,,,,,,,,,,,0.17,0.015
23442,"Pâte sablée, préemballée, cuite",produits céréaliers,pâtes à tarte,504,5.7,64.3,24.6,1.5,22.9,11.8,0.27,11,0.27,7.3,66,0.23,10,10,17,0.25,0.125,81.6,0.005,0.29,0.01
23444,"Pâte sablée, pur beurre, préemballée, crue",produits céréaliers,pâtes à tarte,383,5.95,53.6,15.8,1.65,13.4,10.6,0.035,,,,,,,,,,,,,0.085,
23445,"Pâte phyllo ou pâte filo, crue",produits céréaliers,pâtes à tarte,289,7.1,50.7,6,1.9,0.18,1.47,1.21,11,3.21,15,74,0.49,,,0,0,0,18,0,,0
23446,"Pâte sablée, pur beurre, surgelée, préemballée, crue",produits céréaliers,pâtes à tarte,423,4.9,60.9,17.5,1.2,21.3,12,0.17,,,,,,,,,,,,,,
23448,"Pâte sablée, pur beurre, préemballée, cuite",produits céréaliers,pâtes à tarte,469,6.2,63,20.9,1.9,20.1,13.7,0.47,20,0.68,18,100,0.52,10,10,172,0.25,0.125,99,0.096,0.12,0.015
37001,"Pâte à pizza, préemballée, crue",produits céréaliers,pâtes à tarte,240,7.05,44.2,3.45,2.2,1.4,0.25,1.31,,,,,,,,,,,,,,
51550,"Feuille de brick ou khatfa, préemballée",produits céréaliers,pâtes à tarte,283,7,59,1.5,2.5,2,0.1,3.25,,,,,,,,,,,,,,
96778,"Pâte à pizza, préemballée, cuite",produits céréaliers,pâtes à tarte,321,7.75,54.6,7.1,2.5,3.3,1.74,1.7,22,0.6,16,150,0.59,25,10,0.417,0.25,,25.8,0.019,0.27,0.006
6584,"Viande blanche, cuite (aliment moyen)","viandes, oeufs, poissons",viandes cuites,177,28,0.1,7.12,0.002,0.002,2.45,0.18,9.95,0.88,30.5,372,2.1,16.7,7.36,9.9,0.81,0.32,7.35,0.63,0.084,0.016
6585,"Viande rouge, cuite (aliment moyen)","viandes, oeufs, poissons",viandes cuites,170,26.3,0.025,7.22,0,0,2.81,0.21,9.88,2.73,28.4,351,5.14,8.67,5.94,0.068,,,,2.34,0.028,
6999,Viande cuite (aliment moyen),"viandes, oeufs, poissons",viandes cuites,174,27.2,0.14,7.18,0.008,0.007,2.59,0.2,9.97,1.67,29.6,364,3.38,13.3,6.7,9.28,0.74,0.26,7.91,1.34,0.06,0.012
36042,"Volaille, viande cuite (aliment moyen)","viandes, oeufs, poissons",viandes cuites,152,27.8,0.031,4.36,0,0,1.23,0.2,7.07,0.86,34.1,384,1.5,14.4,7.53,9.63,0.85,0.16,8.22,0.48,0.036,0.017
36900,"Volaille, cuite (aliment moyen)","viandes, oeufs, poissons",viandes cuites,167,27.3,0.033,6.37,0.003,0.004,2.07,0.25,9.06,1.1,32.2,369,1.63,15.3,7.54,12,1.21,0.26,7.79,0.6,0.063,0.021
6100,"Boeuf, entrecôte, partie maigre grillée/poêlée","viandes, oeufs, poissons",viandes cuites,198,25.5,0,10.7,0,0,4.75,0.15,12,2.55,23,279,6.34,12.3,6,7,0,0.1,6,1.85,0.037,0.001
6101,Boeuf braisé,"viandes, oeufs, poissons",viandes cuites,240,32.1,0,12.4,0,0,5.72,0.15,,5.9,24.3,,10.5,,6,,,,,,0.015,
6104,"Boeuf, gîte à la noix cuit","viandes, oeufs, poissons",viandes cuites,102,21,0.2,1.9,0,0,0.8,,,,,,,,,,,,,,,
6105,"Boeuf, faux-filet rôti/cuit au four","viandes, oeufs, poissons",viandes cuites,194,28.8,0,8.71,0,0,3.62,,,2.41,,,4.21,13.8,,,,,,1.19,0.032,0.001
6110,"Boeuf, faux-filet grillé/poêlé","viandes, oeufs, poissons",viandes cuites,182,27.1,0,8.17,0,0,3.39,0.14,20,2.26,22,336,3.95,12.9,6,0,0,0.2,8,1.19,0.03,0.004
6123,"Boeuf, plat de côtes braisé ou bouilli/cuit à l'eau","viandes, oeufs, poissons",viandes cuites,269,37.3,0,13.3,0,0,5.58,0.13,12,1.41,15,224,8.02,18.4,,0,0,0.7,5,2.57,0.044,0.004
6131,"Boeuf, hampe grillée/poêlée","viandes, oeufs, poissons",viandes cuites,174,21.6,0,9.76,0,0,4.36,,,3.79,,,5.11,13.4,,,,,,4.6,0.043,0.003
6141,"Boeuf, joue, braisée ou bouillie/cuite à l'eau","viandes, oeufs, poissons",viandes cuites,236,39.2,0,8.82,0,0,3.19,,,2.04,,,4.75,25.3,,,,,,7.23,0.071,0.01
6151,"Boeuf, jarret bouilli/cuit à l'eau","viandes, oeufs, poissons",viandes cuites,161,31,0,4.1,0,0,1.13,,,3.9,,,11,2.8,,,,,,1.2,,
6161,"Boeuf, tende de tranche grillée/poêlée","viandes, oeufs, poissons",viandes cuites,141,28.7,0,2.92,0,0,0.98,,,2.75,,,4.32,12.6,,,,,,1.16,0.017,0.003
6162,"Boeuf, tende de tranche rôtie/cuite au four","viandes, oeufs, poissons",viandes cuites,146,29.8,0,3.03,0,0,1.03,,,2.93,,,4.48,13,,,,,,1.16,0.018,0.003
6200,"Boeuf, steak ou bifteck grillé/poêlé","viandes, oeufs, poissons",viandes cuites,128,27.6,0,1.95,0,0,0.98,0.16,7.07,2.21,28.9,371,5.39,5,6,0,,,,2.7,0.004,
6205,"Boeuf, onglet grillé/poêlé","viandes, oeufs, poissons",viandes cuites,171,23,0,8.8,0,0,,,,4,,,6,4.1,,,,,,3.9,,
6207,"Boeuf, rumsteck grillé/poêlé","viandes, oeufs, poissons",viandes cuites,138,29,0,2.1,0,0,0.81,0.16,5.83,2.6,27.7,406,4.8,16.6,1.25,8,1,0,4.85,1.8,0.021,0.013
6208,"Boeuf, boule de macreuse grillée/poêlée","viandes, oeufs, poissons",viandes cuites,144,26.7,0,4.11,0,0,1.53,,,2.86,,,5.62,13,,,,,,1.89,0.023,0.003
6210,"Boeuf, rosbif rôti/cuit au four","viandes, oeufs, poissons",viandes cuites,126,24.1,0.3,3.16,0,0,0.62,0.05,10.1,3.1,32,369,5.43,16.1,2.5,0,,0,11.7,1.3,0.023,0
6211,"Boeuf, bavette d'aloyau grillée/poêlée","viandes, oeufs, poissons",viandes cuites,162,25,0,6.94,0,0,2.73,,,3.38,24.8,,8.33,13.5,,,,,,3.12,0.035,0.002
6214,"Boeuf, boule de macreuse rôtie/cuite au four","viandes, oeufs, poissons",viandes cuites,147,27.3,0,4.2,0,0,1.59,,,3.03,,,5.74,13.3,,,,,,1.89,0.024,0.003
6230,"Boeuf, à bourguignon ou pot-au-feu, cuit","viandes, oeufs, poissons",viandes cuites,172,34,0,4.05,0,0,2.77,0.15,,4.3,,,9.7,4.1,6,0,,,4.5,1.2,0.016,0.006
6241,"Boeuf, collier braisé","viandes, oeufs, poissons",viandes cuites,184,33,0,5.8,0,0,1.97,,,4.5,,,9.3,5.9,,,,,,1.9,0.015,0.006
6251,"Boeuf, steak haché 5% MG cuit","viandes, oeufs, poissons",viandes cuites,155,25.5,0,5.85,0,0,2.89,0.16,7,2.83,22,347,6.43,,6.1,3,0,0,7,2.47,0.042,0
6253,"Boeuf, steak haché 10% MG cuit","viandes, oeufs, poissons",viandes cuites,210,26.1,0,11.8,0,0,4.63,0.17,13,2.71,22,333,6.37,,6.1,3,0,0,8,2.56,0.045,0
6255,"Boeuf, steak haché 15% MG cuit","viandes, oeufs, poissons",viandes cuites,239,23.6,0,16.1,0,0,5.9,0.21,15,2.6,29.5,318,4.9,2.5,6.1,3,0,0,9,2.3,0.032,0.003
6257,"Boeuf, steak haché 20% MG cuit","viandes, oeufs, poissons",viandes cuites,265,23,0,19.2,0,0,8.14,0.19,24,2.48,20,304,4.3,19.4,6.1,3,0,0,27.4,3.31,0.073,0
6259,"Boeuf, steak haché, cuit (aliment moyen)","viandes, oeufs, poissons",viandes cuites,229,23.8,0,14.9,0,0,5.57,0.2,14.2,2.63,28.3,321,5.08,2.82,6.1,3,0,0,9.06,2.34,0.034,0.003
6271,"Boeuf, paleron, braisé ou bouilli/cuit à l'eau","viandes, oeufs, poissons",viandes cuites,251,36.8,0.2,11.4,0,0,4.5,0.17,14,1.63,22,298,9.57,17.7,,7,0,0.1,8,2.77,0.054,0.005
6310,"Boeuf, queue bouillie/cuite à l'eau","viandes, oeufs, poissons",viandes cuites,196,28,0,9.3,0,0,3.72,,,2.9,,,8,,,,,,,1.1,,
6511,"Veau, côte grillée/poêlée","viandes, oeufs, poissons",viandes cuites,156,25.1,0,6.24,0,0,2.11,0.25,29,1.3,22.5,305,6.54,8.98,31,69.3,0.5,0.25,10,2.82,0.016,0
6512,"Veau, carré grillé/poêlé","viandes, oeufs, poissons",viandes cuites,171,28,0,6.6,0,0,2.64,,,1,,,7.6,,,,,,,1.7,,
6520,"Veau, escalope cuite","viandes, oeufs, poissons",viandes cuites,147,31,0,2.5,0,0,0.82,0.15,10.8,1,29.5,,3.21,6.22,6,,,,,2,0.011,0.011
6523,"Veau, noix grillée/poêlée","viandes, oeufs, poissons",viandes cuites,147,29.1,0,3.44,0,0,1.06,,,0.92,,,3.52,9.26,,,,,,2.08,0.008,0.001
6524,"Veau, noix rôtie/cuite au four","viandes, oeufs, poissons",viandes cuites,147,29.1,0,3.44,0,0,1.06,,,0.73,,,3.52,9.26,,,,,,2.08,0.008,0.001
6531,"Veau, filet rôti/cuit au four","viandes, oeufs, poissons",viandes cuites,212,24.8,0.5,12.3,0,0,5.26,0.23,19,0.87,25,325,3.03,13,6,0,0,0,15,1.24,,0
6551,"Veau, rôti cuit","viandes, oeufs, poissons",viandes cuites,143,28.1,0,3.39,0,0,1.22,0.17,6,0.9,28,393,3.08,,,0,0,,16,1.18,,
6562,"Veau, épaule grillée/poêlée","viandes, oeufs, poissons",viandes cuites,166,27.6,0,6.17,0,0,2.07,,,1.16,,,5.3,9.2,,,,,,2.69,0.017,0.001
6563,"Veau, épaule braisée ou bouillie","viandes, oeufs, poissons",viandes cuites,219,36.4,0,8.14,0,0,2.91,,,0.74,,,6.99,12.1,,,,,,2.69,0.024,0.002
6564,"Veau, viande, cuite (aliment moyen)","viandes, oeufs, poissons",viandes cuites,164,29.1,0.011,5.25,0,0,1.87,0.19,15.7,0.99,26.9,,5.01,8.6,,,,,,2.11,0.015,0.001
6581,"Veau, jarret braisé ou bouilli","viandes, oeufs, poissons",viandes cuites,207,37.4,0,6.43,0,0,1.95,,,0.77,,,8.81,11.1,,,,,,2.3,0.019,0.002
6582,"Veau, tête, bouillie/cuite à l'eau","viandes, oeufs, poissons",viandes cuites,187,21,0,11.4,0,0,4.18,,,0.7,,,1.6,,,,,,,2.3,,
6591,"Veau, collier braisé ou bouilli","viandes, oeufs, poissons",viandes cuites,233,34.9,0,10.4,0,0,3.5,,,0.65,,,7.54,12.7,,,,,,2.01,0.031,0.037
28010,"Porc, épaule cuite","viandes, oeufs, poissons",viandes cuites,253,30,0,14.8,0,0,5.56,0.12,18,1.58,20,318,4.23,16,,2,0.6,1,5,0.58,0.059,0
28101,"Porc, côte grillée/poêlée","viandes, oeufs, poissons",viandes cuites,211,29.6,0,10.3,0,0,4.11,0.14,7.3,0.7,29,470,2.4,20,10,10.5,0.25,0.43,10.1,0.66,0.24,0.015
28103,"Porc, rouelle de jambon cuite","viandes, oeufs, poissons",viandes cuites,266,36.9,0,13.1,0,0,,0.18,,1.7,,444,3.46,21,,,,,,,,
28105,"Porc, carré cuit","viandes, oeufs, poissons",viandes cuites,206,34.1,0.6,7.45,0,0,3.03,0.097,,0.89,,402,2.11,12.4,,,,,,0.43,0.025,
28202,"Porc, filet maigre, en rôti, cuit","viandes, oeufs, poissons",viandes cuites,198,28.3,0,9.39,0,0,,0.15,5.5,1.29,32.5,436,2.69,,2.5,1,1,0.25,27.1,0.79,,
28203,"Porc, filet mignon cuit","viandes, oeufs, poissons",viandes cuites,168,26.1,0,7.1,0,0,2.58,0.13,7.27,1.1,24.6,344,1.98,10.1,,,,,,1.02,0.042,
28205,"Porc, viande, cuite (aliment moyen)","viandes, oeufs, poissons",viandes cuites,207,29.4,0.22,9.89,0,0,3.69,0.12,9.97,0.85,28.4,385,2.44,16.2,6.41,5.42,0.25,0.5,7.14,0.57,0.12,0.007
28301,"Porc, rôti cuit","viandes, oeufs, poissons",viandes cuites,163,30.5,0.65,4.31,0,0,1.32,0.081,6.97,0.64,32.6,330,1.74,14,3.1,1,0,0.5,0,0.33,0.013,0
28401,"Porc, travers braisé","viandes, oeufs, poissons",viandes cuites,332,23.1,0,26.6,0,0,10.8,0.12,30.4,1.2,18,226,3,2.5,2.5,4,0.56,0.25,21.9,0.67,0.17,0
28451,"Porc, échine rôtie/cuite au four","viandes, oeufs, poissons",viandes cuites,295,26.2,0,21.2,0,0,,0.15,18,1.09,28,425,4.2,39.1,5,2,0.6,0.7,1,0.88,0.068,
28461,"Porc, escalope de jambon cuite","viandes, oeufs, poissons",viandes cuites,200,36,0,6.2,0,0,1.85,0.19,6.77,0.87,35.4,512,2.33,13.2,,,,,,1.12,0.023,
36004,"Poulet, cuisse, viande et peau rôtie/cuite au four","viandes, oeufs, poissons",viandes cuites,205,25.9,0,11.3,0,0,4.44,0.23,14.6,1.2,25.1,324,2.16,17.3,5,8.5,3,0.25,5.33,0.42,0.15,0.033
36005,"Poulet, viande et peau rôties/cuites au four","viandes, oeufs, poissons",viandes cuites,204,28.9,0,9.88,0,0,3.08,0.4,19.4,0.68,39.6,414,1.27,5.66,5,48,0,1.5,5,0.52,0.16,0.045
36006,"Poulet, cuisse, viande rôtie/cuite au four","viandes, oeufs, poissons",viandes cuites,171,24.8,0,8.03,0,0,2.2,0.26,11.6,1.2,22.6,252,2.3,29,,11.8,0,0.13,5.8,0.36,0.048,0.03
36018,"Poulet, filet sans peau grillé/poêlé","viandes, oeufs, poissons",viandes cuites,141,30.1,0,2,0,0,0.58,0.14,4.7,0.39,37,440,0.72,10,10,10.5,1.43,0.125,9.55,0.18,0.03,0.01
36030,"Poulet, cuisse, viande bouillie/cuite à l'eau","viandes, oeufs, poissons",viandes cuites,188,24.8,0.7,9.52,0,0,,0.23,5.8,1.2,26.2,262,2.4,,3,10,2.2,0.25,7.5,0.49,,
36031,"Poulet, cuisse, viande et peau bouillie/cuite à l'eau","viandes, oeufs, poissons",viandes cuites,187,26.1,0.275,9.1,0,0.1,2.64,0.18,15,0.96,23,250,2.3,10,10,10.7,0.25,0.125,16.3,0.39,0.15,0.01
36032,"Poulet, poitrine, viande et peau rôties/cuites au four","viandes, oeufs, poissons",viandes cuites,189,29.8,0,7.78,0,0,2.19,0.18,14,1.07,27,245,1.02,,,28,0,0.1,4,0.32,,0.04
36033,"Poulet, aile, viande et peau rôties/cuites au four","viandes, oeufs, poissons",viandes cuites,247,23.8,0,16.9,0,0,4.98,0.25,18,0.84,19,212,1.64,,,12,0,0.2,9,0.35,0.16,0.01
36041,"Poulet, filet sans peau grillé/poêlé, bio","viandes, oeufs, poissons",viandes cuites,144,31.1,0,1.8,0,0,0.62,0.12,4.5,0.36,34,420,0.64,20,10,10.5,0.25,0.43,8.97,0.19,0.02,0.01
36302,"Dinde, viande rôtie/cuite au four","viandes, oeufs, poissons",viandes cuites,151,29.1,0,3.84,0,0,1.13,0.25,9.66,1.14,44.3,483,3.75,5,6,4,0,0.3,9,0.94,0.043,0.012
36306,"Dinde, escalope grillée/poêlée","viandes, oeufs, poissons",viandes cuites,124,28.5,0,1.09,0,,0.51,0.16,5.42,0.49,44.4,462,1.22,6.48,4,1,0.75,0.25,,0.61,0.018,
36308,"Dinde, escalope rôtie/cuite au four","viandes, oeufs, poissons",viandes cuites,139,30.1,0,2.08,0,0,0.59,0.25,9,0.71,32,249,1.72,30.8,,3,0,0.3,9,0.39,0.02,0.008
21007,"Mouton, gigot rôti/cuit au four","viandes, oeufs, poissons",viandes cuites,,,0,14,0,0,,,,,,,,,,,,,,,0.084,0.005
21501,"Agneau, côtelette grillée/poêlée","viandes, oeufs, poissons",viandes cuites,240,25.7,0,15.2,0,0,6.65,0.31,19.7,,20.1,,3.5,9.97,5,5.5,,,,2.8,0.11,0.02
21503,"Agneau, gigot rôti/cuit au four","viandes, oeufs, poissons",viandes cuites,169,26.8,0,6.85,0,0,2.63,0.19,21.8,1.4,30.7,301,4.01,10.3,5,0,0,,17,1.88,0.051,0.017
21506,"Agneau, épaule rôtie/cuite au four","viandes, oeufs, poissons",viandes cuites,252,30.5,0,14.5,0,0,5.26,0.24,8.8,2.2,25.4,376,4.7,2.5,8.6,7.5,6.9,0.25,24.2,2.72,,
21507,"Agneau, épaule maigre rôtie/cuite au four","viandes, oeufs, poissons",viandes cuites,197,24.9,0,10.8,0,0,4.08,0.17,19,2.13,25,265,6.04,6,5,0,0,0.1,25,2.7,,0
21508,"Agneau, collier braisé ou bouilli","viandes, oeufs, poissons",viandes cuites,365,33.6,0,25.6,0,0,,,,0.66,,,7.14,13.9,,,,,,2.06,,
21509,"Agneau, côte filet grillée/poêlée","viandes, oeufs, poissons",viandes cuites,157,26.3,0,5.78,0,0,2.21,,,1.27,,,3.55,10.1,,,,,,1.22,0.038,0.006
21512,"Agneau, côte première grillée/poêlée","viandes, oeufs, poissons",viandes cuites,185,26.1,0,9.01,0,0,3.67,0.18,22,1.27,20,271,3.43,9.36,,0,0,,15,1.38,0.06,0.004
21513,"Agneau, selle, partie maigre rôtie/cuite au four","viandes, oeufs, poissons",viandes cuites,153,26.1,0,5.45,0,0,2.01,0.16,18,1.21,23,246,3.67,10.3,,0,0,0.1,19,1.53,0.039,0.008
21518,"Agneau, gigot grillé/poêlé","viandes, oeufs, poissons",viandes cuites,174,27.6,0,7.08,0,0,2.63,,,1.51,,,4.15,10.7,,,,,,1.88,0.051,0.009
21519,"Agneau, gigot braisé","viandes, oeufs, poissons",viandes cuites,222,35.2,0,9.03,0,0,3.46,,,0.97,,,5.28,13.6,,,,,,1.88,0.067,0.012
21520,"Agneau, selle, partie maigre grillée/poêlée","viandes, oeufs, poissons",viandes cuites,153,26.1,0,5.45,0,0,2.05,,,1.28,,,3.67,10.3,,,,,,1.53,0.039,0.008
21522,"Agneau, côte ou côtelette, cuite (aliment moyen)","viandes, oeufs, poissons",viandes cuites,157,26.3,0,5.78,0,0,2.21,,,1.27,,,3.55,10.1,,,,,,1.22,0.038,0.006
21523,"Agneau, viande, cuite (aliment moyen)","viandes, oeufs, poissons",viandes cuites,193,28.5,0,8.78,0,0,3.14,,,1.56,,,4.33,9.2,,,,,,2,0.05,0.009
21524,"Agneau, côte ou côtelette, grillée/poêlée (aliment moyen)","viandes, oeufs, poissons",viandes cuites,157,26.3,0,5.78,0,0,2.21,,,1.27,,,3.55,10.1,,,,,,1.22,0.038,0.006
14000,"Chevreuil, viande rôtie/cuite au four","viandes, oeufs, poissons",viandes cuites,174,32.6,0,4.8,0,0,1.25,0.17,18,6.14,28.5,348,3.33,8.9,4,0,0,,6,0.8,,
14003,"Sanglier, viande rôtie/cuite au four","viandes, oeufs, poissons",viandes cuites,153,28.3,0,4.38,0,0,1.3,0.15,16,1.12,27,396,3.01,,,0,0,0,6,0.7,,0
14007,"Cerf, viande rôtie/cuite au four","viandes, oeufs, poissons",viandes cuites,150,30.2,0,3.19,0,0,1.25,0.14,7,4.47,24,335,2.75,,,0,0,,,,,
14008,"Gibier à poil, cuit (aliment moyen)","viandes, oeufs, poissons",viandes cuites,160,30.2,0,4.36,0,0,1.26,0.15,16.4,3.17,27.7,373,3.03,,,0,0,0,6.21,1.34,,0
36402,"Faisan, viande rôtie/cuite au four","viandes, oeufs, poissons",viandes cuites,239,32.4,0,12.1,0,0,3.91,0.11,16,1.43,22,271,1.37,,4,57,2.3,0.2,5,0.72,,0
36603,"Gibier à plumes, viande, cuit (aliment moyen)","viandes, oeufs, poissons",viandes cuites,203,24.9,0,11.5,0,0,4.05,0.69,6.9,4.1,31.3,367,2.09,23.2,9.75,24.7,1.89,0.51,9.41,2.73,0.044,
6902,"Cheval, viande rôtie/cuite au four","viandes, oeufs, poissons",viandes cuites,138,28,0,2.85,0,0,2.41,0.1,4.8,3.4,28.1,333,3.1,5,4,18,0.5,0.25,10,4.05,0.069,0.002
6906,"Cheval, tende de tranche grillée/poêlée","viandes, oeufs, poissons",viandes cuites,135,27.9,0,2.58,0,0,0.77,,,3.99,,,3.32,7.47,,,,,,1.63,0.13,0
6907,"Cheval, faux-filet grillé/poêlé","viandes, oeufs, poissons",viandes cuites,163,26.6,0,6.27,0,0,2.1,,,3.3,,,2.25,7.54,,,,,,1.51,0.4,0
6908,"Cheval, entrecôte grillée/poêlée","viandes, oeufs, poissons",viandes cuites,169,28.2,0,6.24,0,0,1.99,,,3.38,,,3.18,7.92,,,,,,1.44,0.39,0
6909,"Cheval, faux-filet rôti/cuit au four","viandes, oeufs, poissons",viandes cuites,173,28.3,0,6.68,0,0,2.23,,,3.3,,,2.4,8.03,,,,,,1.51,0.43,0
6910,"Cheval, tende de tranche rôtie/cuite au four","viandes, oeufs, poissons",viandes cuites,144,29.7,0,2.75,0,0,0.82,,,3.99,,,3.53,7.96,,,,,,1.63,0.14,0
21801,"Chevreau, viande cuite","viandes, oeufs, poissons",viandes cuites,136,27.1,0,3.03,0,0,0.93,0.22,17,3.73,,405,5.27,,,0,0,0,5,1.19,,0
34000,"Lapin, viande braisée","viandes, oeufs, poissons",viandes cuites,197,30.4,0,8.41,0,0,2.51,0.093,20,2.37,20,300,2.37,,3,0,0,0,9,6.51,,0
34002,"Lapin, viande cuite","viandes, oeufs, poissons",viandes cuites,167,20.5,0.5,9.2,0,0,3.42,0.16,13.5,2.27,21.8,340,1.79,73,,0,0,,1.05,2.2,0.15,
34004,"Lapin de garenne, viande cuite","viandes, oeufs, poissons",viandes cuites,164,33,0,3.51,0,0,1.05,0.11,18,4.85,31,343,2.38,,,0,0,0,8,6.51,,0
36051,"Chapon, viande et peau rôties/cuites au four","viandes, oeufs, poissons",viandes cuites,221,29,0,11.7,0,,3.26,0.12,14,1.49,24,255,1.74,,,,0,,6,0.33,,0.04
36102,"Caille, viande et peau cuites","viandes, oeufs, poissons",viandes cuites,206,26.8,0,10.9,0,0,3.51,0.13,15,4.43,22,216,3.1,,3,70,2.3,0.2,6,0.36,0.23,0.012
36200,"Canard, viande et peau rôties/cuites au four","viandes, oeufs, poissons",viandes cuites,331,19,0,28.4,0,0,9.67,0.15,11,2.7,16,204,1.86,,,63,0,0.1,6,0.3,,0
36202,"Canard, viande rôtie/cuite au four","viandes, oeufs, poissons",viandes cuites,194,23.3,0,11.2,0,0,3.95,0.39,6.78,3.35,35.8,392,1.92,9.08,4,23,0,0.1,10,2.9,0.07,0
36205,"Canard, magret grillé/poêlé","viandes, oeufs, poissons",viandes cuites,188,26.7,0,9.05,0,0,3.35,1.09,5,4.8,31.2,390,2.1,34,15,17.3,3.5,0.93,10,3.3,0.017,
36502,"Oie, viande rôtie/cuite au four","viandes, oeufs, poissons",viandes cuites,230,29,0,12.7,0,,,0.19,14,2.87,25,388,3.17,,4,12,0,0.1,12,0.49,,0
36503,"Oie, viande et peau rôties/cuites au four","viandes, oeufs, poissons",viandes cuites,298,25.2,0,21.9,0,0,6.87,0.18,13,2.83,22,329,2.62,,,21,0,0.1,2,0.41,,0
36602,"Pigeon, viande rôtie/cuite au four","viandes, oeufs, poissons",viandes cuites,213,23.9,0,13,0,0,3.74,0.14,17,5.91,26,256,3.83,,4,28,2.9,0.2,6,0.41,,0.02
36801,"Autruche, viande cuite","viandes, oeufs, poissons",viandes cuites,168,26.2,0,7.07,0,0,,0.2,8,3.43,23,323,4.33,,,0,0,0.1,14,5.74,,
40003,"Cervelle, agneau, cuite","viandes, oeufs, poissons",viandes cuites,142,12.6,0.19,10.2,0,,2.6,0.34,12,1.68,14,205,1.36,,1,0,12,,5,9.25,,0.59
40004,"Cervelle, porc, braisée","viandes, oeufs, poissons",viandes cuites,174,12.4,0.025,13.8,0,,3.14,0.33,14,1.5,15,230,1.2,70,10,10.5,14,0.25,2.5,5.11,0.008,0.462
40007,"Cervelle, veau, cuite","viandes, oeufs, poissons",viandes cuites,135,11.5,0.6,9.63,0,,2.18,0.39,16,1.67,16,214,1.61,,1,0,13,,3,9.65,,
40053,"Coeur, boeuf, cuit","viandes, oeufs, poissons",viandes cuites,133,23,0,4.5,0,0,1.81,0.15,5,6.7,21,219,2.3,,3,0,,0.1,5,11.5,0.012,0
40056,"Coeur, poulet, cuit","viandes, oeufs, poissons",viandes cuites,177,26.4,0.1,7.92,0,,2.26,0.12,19,9.03,20,132,7.3,,,8,1.8,,80,7.29,,0
40057,"Coeur, dinde, cuit","viandes, oeufs, poissons",viandes cuites,167,24.9,0,7.52,0,0,1.9,0.35,21,6.96,28,203,4.6,,,16,,0,8,13.9,0.049,0.014
40059,"Coeur, agneau, cuit","viandes, oeufs, poissons",viandes cuites,179,25,1.93,7.91,0,,3.14,0.16,14,5.52,24,188,3.68,,,0,7,,2,11.2,,0.1
40103,"Foie, agneau, cuit","viandes, oeufs, poissons",viandes cuites,162,23,4.37,5.8,0,,1.81,0.31,9,4.1,23,352,4.7,,5,7780,17.6,0.51,457,60,,0
40105,"Foie, génisse, cuit","viandes, oeufs, poissons",viandes cuites,165,26.3,2.2,5.71,0,0,1.69,0.19,6.14,5.8,17.8,351,3.82,1.1,2.5,7740,20,0.51,536,83.1,0.032,0.041
40107,"Foie, veau, cuit","viandes, oeufs, poissons",viandes cuites,140,19,9.23,3.02,0,,0.98,0.21,9,4.5,28.3,450,4.6,40.9,5,10500,13.2,2.52,592,52.6,0,0
40109,"Foie, volaille, cuit","viandes, oeufs, poissons",viandes cuites,164,25.8,0,6.4,0,,2.5,0.25,6.6,12,24,340,3.9,90,10,18700,0.25,1.29,1440,50.5,0.05,0.1
40113,"Foie, porc, cuit","viandes, oeufs, poissons",viandes cuites,159,26,3.76,4.4,0,,1.41,0.12,10,17.9,14,150,6.72,,,5410,23.6,,163,18.7,,0.03
40116,"Foie, poulet, cuit","viandes, oeufs, poissons",viandes cuites,160,24.5,0.86,6.51,0,0,2.06,0.19,11,11.6,25,263,3.98,,5,3980,27.9,0,578,16.9,0.012,0
40118,"Foie, dinde, cuit","viandes, oeufs, poissons",viandes cuites,182,27,0,8.18,0,0,2.3,0.25,19,1.79,26,153,4.53,,,10800,22.6,,691,28.2,0.033,0.069
40201,"Langue, veau, cuite","viandes, oeufs, poissons",viandes cuites,237,21,0,17,0,,4.83,0.16,9,2.6,18,162,3.8,,,0,6,,9,6.8,,
40203,"Langue, boeuf, cuite","viandes, oeufs, poissons",viandes cuites,236,23.7,0.22,15.6,0,0,6.05,0.16,14.5,3.5,9.44,184,2.2,1.1,5,0,1.3,0.4,7,6.62,0.071,0
40303,"Ris, agneau, cuit","viandes, oeufs, poissons",viandes cuites,228,22.8,0.25,15.1,0,,6.84,0.13,12,2.12,19,291,2.68,,,0,20,,13,5.54,,
40305,"Ris, veau, braisé ou grillé/poêlé","viandes, oeufs, poissons",viandes cuites,174,21,9.52,5.8,0,0,1.65,0.15,4,0.5,24,435,1,,4,0,39.4,0,20,4.9,0,0
40401,"Rognon, cuit (aliment moyen)","viandes, oeufs, poissons",viandes cuites,165,26.3,0.018,6.68,0,0,2.08,0.25,,7.03,,,4.05,,10,130,,0.46,,32.3,,
40403,"Rognon, boeuf, cuit","viandes, oeufs, poissons",viandes cuites,171,27,0,7,0,0,2.2,0.24,19,9.5,12,135,3.1,,10,0,,1.1,83,26,0.011,0
40405,"Rognon, porc, cuit","viandes, oeufs, poissons",viandes cuites,144,25.4,0,4.7,0,,1.51,0.2,13,5.29,18,143,4.15,,10,78,10.6,0,41,7.79,,0
40406,"Rognon, agneau, braisé","viandes, oeufs, poissons",viandes cuites,131,23.7,0.99,3.62,0,0,1.23,0.38,18,12.4,20,178,3.8,,10,137,12,0,81,78.9,,0.1
40408,"Rognon, veau, braisé ou grillé/poêlé","viandes, oeufs, poissons",viandes cuites,167,26,0,7,0,0,2.14,0.28,,5,,,4.9,,10,260,,0,,42,,
40601,"Abat, cuit (aliment moyen)","viandes, oeufs, poissons",viandes cuites,159,27.4,2.18,4.58,0.225,0.06,1.54,0.97,9.21,7.85,18.9,261,4.88,29.7,18.2,990,8.85,0.6,168,22.7,0.012,0.011
40701,"Gésier, canard, confit, appertisé","viandes, oeufs, poissons",viandes cuites,148,32.4,0,2.1,0.5,0.1,0.7,1.92,8.5,9.4,18.3,214,6,37,32,2.25,0.5,0.25,10,6.8,0.003,0.004
6001,"Boeuf, côte crue","viandes, oeufs, poissons",viandes crues,251,18.7,0,19.6,0,0,,0.16,11,2.8,18,355,,,2.4,,0,,6.9,1.4,,
6002,"Boeuf, épaule crue","viandes, oeufs, poissons",viandes crues,130,21.4,0,4.97,0,0,1.96,0.18,12,2.62,25,395,6.78,7.25,1.43,3,0,0.55,3,2.73,0.003,0.001
6003,"Boeuf, basse-côte crue","viandes, oeufs, poissons",viandes crues,201,19,1.45,13.2,0,0.25,5.94,0.17,,2.75,,,5.97,8.68,,,,,,1.22,0.05,0.002
6102,"Boeuf, gîte à la noix cru","viandes, oeufs, poissons",viandes crues,187,20.7,0,11.5,0,0,4.54,0.14,20,1.74,22,327,3.82,5.24,2.41,0,0,0.4,11,1.49,0.079,0
6103,"Boeuf, entrecôte crue","viandes, oeufs, poissons",viandes crues,231,19.4,0,17.1,0,0,8.07,0.075,8,2.21,20,246,4.25,8.13,3.55,4,0,0.1,3,1.85,0.053,0
6106,"Boeuf, rond de gîte cru","viandes, oeufs, poissons",viandes crues,111,22.9,0.38,2.02,0,0.25,0.73,0.15,,2.08,,,3.28,6.9,,,,,,0.93,0.017,0.01
6111,"Boeuf, faux-filet cru","viandes, oeufs, poissons",viandes crues,152,22.3,0.6,6.74,0,0,,0.082,24,2.26,21,315,3.26,10.6,2.6,0,0,0.55,11,1.19,,
6116,"Boeuf, filet cru","viandes, oeufs, poissons",viandes crues,132,21.6,0.22,4.95,0,0.25,2.06,0.15,,2.57,,,3.22,8.83,,,,,,1.73,0.022,0.005
6122,"Boeuf, plat de côtes cru","viandes, oeufs, poissons",viandes crues,287,18.4,0,23.7,0,0,10.6,0.12,9,1.9,14,232,3.08,6.68,,0,0,,5,2.57,0.06,0
6130,"Boeuf, hampe crue","viandes, oeufs, poissons",viandes crues,154,19,0,8.63,0,0,3.91,0.15,6,3.68,19,242,4.51,11.8,,4,0,0.1,3,4.61,0.039,0.007
6140,"Boeuf, joue crue","viandes, oeufs, poissons",viandes crues,136,22.3,0.4,5.02,0,0,1.81,0.18,,3.18,,,2.7,14.4,,,,,,7.24,0.04,
6150,"Boeuf, jarret cru","viandes, oeufs, poissons",viandes crues,,,0,4.25,0,0,1.22,,,,,,,,,,,,,,,
6160,"Boeuf, tende de tranche crue","viandes, oeufs, poissons",viandes crues,116,23.1,0.57,2.34,0,0,0.8,0.078,13,2.75,12,317,3.46,10.1,0.9,3,0,0.4,4,1.16,0.014,0.006
6201,"Boeuf, steak ou bifteck cru","viandes, oeufs, poissons",viandes crues,229,18.7,0.06,17.2,0,0,6.91,0.15,7,1.91,19,306,3.75,5.62,4.95,17.5,0,0.6,6,2.95,0.14,0
6202,"Boeuf, boule de macreuse crue","viandes, oeufs, poissons",viandes crues,118,21.8,0,3.36,0,0,1.23,0.097,6,2.86,22,354,4.59,10.7,,0,0,,7,1.89,0.018,
6204,"Boeuf, onglet cru","viandes, oeufs, poissons",viandes crues,138,19.9,0.62,6.18,0,0.25,2.76,0.18,,3.63,,,4.67,8.12,,,,,,3.6,0.03,0.003
6206,"Boeuf, rumsteck cru","viandes, oeufs, poissons",viandes crues,118,23.5,0.4,2.5,0,0,0.78,0.14,13,2.33,12,312,3.68,9.3,0.9,3,0,0.5,4,1.64,0.003,0.002
6212,"Boeuf, bavette d'aloyau crue","viandes, oeufs, poissons",viandes crues,133,20.4,0,5.67,0,0,2.2,0.085,25,3.31,22,328,6.8,11,,0,0,,11,3.12,0.028,0
6231,"Boeuf, à bourguignon ou pot-au-feu, cru","viandes, oeufs, poissons",viandes crues,164,24,0,7.5,0,0,2.7,0.1,18,2.1,,,,,,,,,,,,
6240,"Boeuf, collier cru","viandes, oeufs, poissons",viandes crues,198,20.1,0.78,12.7,0,0.25,5.41,0.17,,2.42,,,6.06,6.64,,,,,,1.3,0.072,0.006
6250,"Boeuf, steak haché 5% MG cru","viandes, oeufs, poissons",viandes crues,130,21.9,0.3,4.59,0,0,1.64,0.097,9,2.65,22,346,4.54,6.72,3.8,4,0,0.1,5,2.12,0.024,0
6252,"Boeuf, steak haché 10% MG cru","viandes, oeufs, poissons",viandes crues,170,20,0,10,0,0,3.93,0.17,12,2.24,20,321,4.79,13.9,6.8,4,0,0.1,6,2.21,0.036,0
6254,"Boeuf, steak haché 15% MG cru","viandes, oeufs, poissons",viandes crues,215,20.2,0.47,14.8,0,0,6.86,0.1,15,2.64,18,295,4.8,6.78,3.9,4,0,0.1,6,1.9,0.069,0.003
6256,"Boeuf, steak haché 20% MG cru","viandes, oeufs, poissons",viandes crues,249,17.2,0,20,0,0,7.58,0.17,18,1.94,17,270,4.18,12.7,6.8,4,0,0.1,7,2.14,0.051,0
6270,"Boeuf, paleron cru","viandes, oeufs, poissons",viandes crues,144,21.2,0,6.54,0,0,2.59,0.12,11,2.5,25,343,5.51,10.2,,3,0,0.1,3,2.77,0.031,0
6311,"Boeuf, queue crue","viandes, oeufs, poissons",viandes crues,203,21.5,0.23,12.9,0,0.25,4.41,0.28,,2.55,,,4.52,5.45,,,,,,1.47,0.042,0.005
6510,"Veau, côte crue","viandes, oeufs, poissons",viandes crues,189,18.3,0,12.9,0,0,4.84,0.11,13,1.26,22,290,4.29,5.62,2.8,0,0,,12,2.82,0.036,0
6513,"Veau, carré cru","viandes, oeufs, poissons",viandes crues,128,19.3,0.4,5.44,0,0,2.26,0.21,21,1,25,327,3.2,,,0,0,0,15,1.37,,0
6521,"Veau, escalope crue","viandes, oeufs, poissons",viandes crues,114,20.5,0.58,3.28,0,0,0.83,0.097,9.79,1.8,21,380,2.56,7.2,2.52,0,,,5,2,0.061,0.072
6522,"Veau, noix,crue","viandes, oeufs, poissons",viandes crues,111,21.8,0,2.58,0,0,0.79,0.16,5,0.92,26,367,2.64,6.95,,0,0,0,14,2.08,0.006,0
6530,"Veau, filet cru","viandes, oeufs, poissons",viandes crues,95,20.6,0,1.4,0,0,0.5,0.24,12,2,,,,,2.4,,,,,,,
6535,"Veau, steak haché 20% MG cru","viandes, oeufs, poissons",viandes crues,243,16.7,0.4,19.5,0,0,8.5,0.19,11,0.84,,,,,,,,,,,,
6536,"Veau, steak haché 15% MG cru","viandes, oeufs, poissons",viandes crues,208,18.2,0,15,0,0,6.2,0.17,,,,,,,,,,,,,,
6540,"Veau, poitrine crue","viandes, oeufs, poissons",viandes crues,203,17.5,0,14.8,0,0,3.1,0.18,7,0.53,18,286,2.33,8,2.8,0,,,,,,
6550,"Veau, rôti cru","viandes, oeufs, poissons",viandes crues,145,27.3,0,3.96,0,0,2.27,0.2,9,1.9,,,,9.11,2.5,,,,,,0.024,0.1
6560,"Veau, épaule crue","viandes, oeufs, poissons",viandes crues,124,20.7,0,4.63,0,0,1.55,0.15,22,1.16,24,311,3.98,6.9,2.8,0,0,0.5,11,2.69,0.013,
6580,"Veau, pied cru","viandes, oeufs, poissons",viandes crues,184,19.1,0,12,0,0,,0.12,11,2.9,15,320,,,,,0,,6.9,1.4,,
6583,"Veau, jarret cru","viandes, oeufs, poissons",viandes crues,118,21.3,0,3.66,0,0,1.11,0.21,9,1.2,,,5.01,6.29,,,,,,2.3,0.011,
6590,"Veau, collier cru","viandes, oeufs, poissons",viandes crues,133,19.8,0,5.92,0,0,1.99,0.15,,1.01,,,4.29,7.21,,,,,,2.02,0.018,0.025
28001,"Porc, épaule crue","viandes, oeufs, poissons",viandes crues,178,18.9,0.38,11.2,0,0,4.41,0.12,13.5,0.65,18,335,2.59,9.25,1,3.5,0.7,1.25,5,0.49,0.054,0.003
28002,"Porc, poitrine crue","viandes, oeufs, poissons",viandes crues,253,17,0,20.5,0,0,7.89,0.14,6.68,0.52,18.8,293,1.84,20,1.98,0,0,0.19,1.67,0.37,0.11,0
28009,"Porc, palette crue","viandes, oeufs, poissons",viandes crues,208,24.8,0,12.1,0,0,4.57,0.18,15,1.2,24,380,3.3,25,10,10.5,,0.25,2.5,1.44,0.14,0.006
28100,"Porc, côte crue","viandes, oeufs, poissons",viandes crues,164,19.8,0.38,9.3,0,0,3.75,0.12,7.05,0.66,22.2,350,2.31,20,3.4,3,0,0.6,0,0.35,0.043,0.002
28102,"Porc, rouelle de jambon crue","viandes, oeufs, poissons",viandes crues,149,20.2,0,7.56,0,0,,0.14,,1.13,,366,1.93,10.3,,,,,,,,
28104,"Porc, carré cru","viandes, oeufs, poissons",viandes crues,146,22.7,0.4,5.94,0,0,2.4,0.094,,0.57,,379,1.44,6.57,,,,,,0.33,0.021,
28204,"Porc, filet mignon cru","viandes, oeufs, poissons",viandes crues,123,21.2,0.4,4.09,0,0,1.69,0.11,8.99,0.82,27.6,395,1.68,0.2,,0,0,0.3,0,0.31,0.018,0.002
28300,"Porc, rôti cru","viandes, oeufs, poissons",viandes crues,153,22.3,0.5,6.86,0,0,2.84,0.1,6.51,0.5,27.9,349,1.58,9.22,3.73,0,0,0.7,1,0.31,0.026,
28302,"Porc, échine crue","viandes, oeufs, poissons",viandes crues,238,17.1,0.1,18.8,0,0,5.4,0.18,7.64,1.08,19.6,250,1.76,17.9,3.13,9,,0.24,,0.56,,
28400,"Porc, travers cru","viandes, oeufs, poissons",viandes crues,237,18,0.6,18,0,0,7.16,0.12,8.49,0.6,19.6,330,2.1,20,0.8,0,0,2.3,0,0.38,0.091,0
28460,"Porc, escalope de jambon crue","viandes, oeufs, poissons",viandes crues,129,21.5,0,4.76,0,0,1.97,0.12,6.39,0.6,27,392,1.66,20,,2,0,0.3,0,0.28,0.022,0
28470,"Porc, bardière découennée crue","viandes, oeufs, poissons",viandes crues,744,4.51,0.1,80.6,0,0.1,28.7,0.1,,,,,,,,,,,,,,
28471,"Porc, gorge découennée crue","viandes, oeufs, poissons",viandes crues,475,11.6,0.14,47.5,0,0.14,16,0.17,,,,,,,,,,,,,,
28472,"Porc, hachage sans jarret, sans bateau, découenné, dégraissé, désossé, cru","viandes, oeufs, poissons",viandes crues,187,18.9,0.23,12.3,0,0.23,4.14,0.2,,,,,,,,,,,,,,
28473,"Porc, jambon sans jarret, sans bateau, découenné, dégraissé, désossé, cru","viandes, oeufs, poissons",viandes crues,141,20.9,0.28,6.3,0,0.28,2.11,0.18,,,,,,,,,,,,,,
28474,"Porc, jambonneau arrière, découenné, dégraisssé, désossé, cru","viandes, oeufs, poissons",viandes crues,148,20.2,0.28,7.31,0,0.28,2.4,0.22,,,,,,,,,,,,,,
28475,"Porc, maigre 90/10 cru","viandes, oeufs, poissons",viandes crues,212,18.8,0.24,15.1,0,0.24,5.46,0.17,,,,,,,,,,,,,,
28476,"Porc, maigre 80/20 cru","viandes, oeufs, poissons",viandes crues,293,17.3,0.26,24.7,0,0.26,9.16,0.17,,,,,,,,,,,,,,
28477,"Porc, palette, découennée, dégraissée, désossée, crue","viandes, oeufs, poissons",viandes crues,174,19.9,0.25,10.4,0,0.25,3.58,0.2,,,,,,,,,,,,,,
28479,"Porc, poitrine cutter, sans mouille, crue","viandes, oeufs, poissons",viandes crues,323,15.9,0.22,28.7,0,0.22,10.2,0.18,,,,,,,,,,,,,,
28480,"Porc, rôti filet avec chaînette, cru","viandes, oeufs, poissons",viandes crues,146,22.3,0.37,6.2,0,0.37,2.21,0.16,,,,,,,,,,,,,,
36000,"Poule, viande et peau crues","viandes, oeufs, poissons",viandes crues,255,17.6,0.4,20.3,0,0,5.71,0.18,10,1.04,20,204,1.19,8,1.57,52,0,,6,0.32,0.15,0.06
36001,"Poule, viande crue","viandes, oeufs, poissons",viandes crues,142,21.3,0,6.32,0,0,1.57,0.2,10,1.09,24,251,1.4,12.4,1.45,32,3.3,0.2,7,0.38,0.02,0.08
36002,"Poulet, cuisse, viande et peau crue","viandes, oeufs, poissons",viandes crues,192,17.3,0,13.5,0,0,3.85,0.22,6.7,0.68,21,280,1.4,10,10,33.6,3.26,0.125,12.9,0.4,0.22,0.01
36003,"Poulet, viande crue","viandes, oeufs, poissons",viandes crues,109,20.9,0,2.89,0,0,0.73,0.19,11,0.96,24,234,1.37,12.4,1.2,14.5,2.3,0.1,7,0.37,0.099,0.019
36007,"Poulet blanc, viande et peau crues","viandes, oeufs, poissons",viandes crues,122,20.8,0,4.3,0,,,0.2,9.73,0.65,25.1,250,1.07,7.26,4.1,,,,,,,
36008,"Poulet fermier, viande et peau crues","viandes, oeufs, poissons",viandes crues,120,22,0,3.5,0,0,2.3,0.21,10.2,0.78,24.9,267,1.27,8.95,4.1,,,,,,,
36014,"Poule, cuisse crue","viandes, oeufs, poissons",viandes crues,131,19.6,0,5.92,0,0,1.51,0.27,9.5,0.99,21.5,234,2.07,,,24,4.6,0,7,0.44,0.027,0.056
36016,"Poulet, viande et peau crues","viandes, oeufs, poissons",viandes crues,173,21.5,0.3,9.54,0,0,2.46,0.15,7.5,3.41,24.5,263,1.5,10,3.18,26,1.6,0.2,6,2.21,0.033,0.025
36017,"Poulet, filet sans peau cru","viandes, oeufs, poissons",viandes crues,110,23.4,0,1.5,0,0,0.44,0.11,3.3,0.33,32,390,0.52,10,10,10.5,4.89,0.125,14.6,0.17,0.02,0.01
36019,"Poulet, haut de cuisse, viande crue","viandes, oeufs, poissons",viandes crues,116,19.7,0,4.12,0,0,1.1,0.24,7,0.81,23,242,1.58,,,7,0,0,4,0.61,0.03,0.009
36020,"Poulet éviscéré sans abats, cru","viandes, oeufs, poissons",viandes crues,210,18.6,0,15.1,0,,,0.18,11,0.9,20,189,,,,,1.6,,6,0.31,,
36022,"Poulet, pilon cru","viandes, oeufs, poissons",viandes crues,155,18.1,0,9.2,0,0,2.46,0.27,8,0.71,18,211,1.86,,,14,0,0.1,3,0.53,0.077,0.01
36023,"Poulet, aile, viande et peau crues","viandes, oeufs, poissons",viandes crues,181,20.4,0,11,0,0,3.04,0.22,16,0.54,17,230,1.1,10,10,39.6,0.25,0.125,39.7,1.73,0.17,0.01
36024,"Poulet, cuisse, viande crue","viandes, oeufs, poissons",viandes crues,114,19.3,0,4.05,0,0,1.03,0.23,10.3,0.99,22.3,229,1.8,,2,16.7,3.1,0,7.67,0.42,0.025,0.036
36029,"Poulet, poitrine, viande et peau crues","viandes, oeufs, poissons",viandes crues,167,20.9,0,9.25,0,0,2.66,0.16,11,0.74,25,220,0.8,,,24,0,0.4,4,0.34,0.061,0.03
36037,"Poulet, cuisse, viande et peau crues bio","viandes, oeufs, poissons",viandes crues,193,18.1,0,13.3,0,0,3.82,0.19,6.6,0.92,21,300,1.5,50,10,38.2,1.39,0.46,5.17,0.56,0.32,0.025
36038,"Poulet, cuisse, viande et peau crues label rouge","viandes, oeufs, poissons",viandes crues,173,19.1,0,10.6,0,0,3.03,0.21,6.1,1,23,330,1.8,20,10,34,1.09,0.73,6.04,0.48,0.1,0.015
36039,"Poulet, filet sans peau cru, bio","viandes, oeufs, poissons",viandes crues,118,24.6,0,1.8,0,0,0.54,0.095,3.6,0.32,29,350,0.51,10,10,10.5,0.99,0.32,14,0.25,0.03,0.01
36040,"Poulet, filet sans peau cru, label rouge","viandes, oeufs, poissons",viandes crues,113,25.2,0,1,0,0,0.3,0.1,3.6,0.3,30,370,0.54,10,10,10.5,1.12,0.125,12,0.21,0.005,0.01
36300,"Dinde, viande et peau crues","viandes, oeufs, poissons",viandes crues,137,21.6,0,5.64,0,0,1.46,0.28,11,0.86,25,224,1.78,24,1.5,17,0,0.3,7,1.22,0.066,0.005
36301,"Dinde, viande crue","viandes, oeufs, poissons",viandes crues,108,22.6,0,1.93,0,0,0.46,0.3,11,0.86,27,235,1.84,9.9,1.5,9,0,0.2,7,1.24,0.005,0.002
36304,"Dinde, escalope crue","viandes, oeufs, poissons",viandes crues,108,23.7,0,1.48,0,0,0.29,0.28,11,0.73,28,242,1.28,10,,6,0,0.1,7,0.63,0.009,0.002
36305,"Dinde, cuisse, viande et peau crues","viandes, oeufs, poissons",viandes crues,149,19.7,0,7.85,0,0,2.24,0.23,14,1.36,21.5,241,2.71,,,13.5,0,0.5,8,1.12,0.11,0.02
36307,"Dinde, cuisse, viande crue","viandes, oeufs, poissons",viandes crues,108,21.3,0,2.5,0,0,0.68,0.31,11,1.04,25,226,2.59,28,,13,0,0.3,7,2.05,,0.003
36310,"Dinde, aile crue","viandes, oeufs, poissons",viandes crues,192,20.2,0,12.3,0,,3.28,0.14,14,1.26,21,240,1.54,,,3,0,,7,0.39,,0.01
36311,"Dinde, haut de cuisse cru","viandes, oeufs, poissons",viandes crues,,,0,3.69,0,0,0.78,0.19,4,1.42,22,269,2.95,,,19,0,0.5,7,2.17,0.029,0.007
21001,"Mouton, viande crue","viandes, oeufs, poissons",viandes crues,137,20.6,0,6.11,0,0,,0.22,9.5,2.29,24.6,279,3.6,2.97,4,,,,,,,
21003,"Mouton, épaule crue","viandes, oeufs, poissons",viandes crues,228,17.3,0.1,17.6,0,0,8.13,0.21,8.5,1.77,14.5,298,3.5,0.4,3,45,1,0.4,2,3.6,0.4,0
21004,"Mouton, pied cru","viandes, oeufs, poissons",viandes crues,204,18.1,0,14.6,0,0,,0.19,10,1.5,16,295,,,,,,,,2.2,,
21005,"Mouton, tête crue","viandes, oeufs, poissons",viandes crues,204,18.1,0,14.6,0,0,,0.19,10,1.5,16,295,,,,,,,,2.2,,
21006,"Mouton, gigot cru","viandes, oeufs, poissons",viandes crues,225,18,0,17,0,0,,0.2,10,2.5,23,380,3.7,2,1.8,,,,,,0.083,0.03
21500,"Agneau, côtelette crue","viandes, oeufs, poissons",viandes crues,333,15.4,0,30.1,0,0,14,0.17,9.32,1.73,15.5,279,2.53,2.7,2.97,45,1,0.43,6.8,1.2,0.45,0.016
21502,"Agneau, gigot cru","viandes, oeufs, poissons",viandes crues,128,20,0.48,5.13,0,0,1.97,0.12,10,1.51,22,231,3,7.73,1.85,45,0,0.4,18,2.17,0.038,0.07
21504,"Agneau, épaule crue","viandes, oeufs, poissons",viandes crues,170,18.3,0.45,10.6,0,0.25,3.87,0.2,16,1.63,21,230,3.43,7.53,1.85,0,0,0.4,19,1.65,0.057,0.005
21505,"Agneau, épaule maigre crue","viandes, oeufs, poissons",viandes crues,139,19.6,0,6.76,0,0,2.42,0.18,15,1.66,24,274,4.77,,,0,0,0.1,23,2.78,,0
21514,"Agneau, collier cru","viandes, oeufs, poissons",viandes crues,195,18,0,13.7,0,0,5.79,0.2,,1.14,,,3.82,7.41,,,,,,2.18,0.091,
21515,"Agneau, selle crue","viandes, oeufs, poissons",viandes crues,236,17.5,0,18.4,0,0,7.95,0.14,15,1.16,21,214,2.11,5.73,0.7,0,0,0.4,17,1.73,0.12,
21516,"Agneau, côte filet crue","viandes, oeufs, poissons",viandes crues,232,17.6,0,18,0,0,7.75,0.18,9,1.15,,,2.08,5.7,,,,,,1.47,0.12,
21517,"Agneau, côte première crue","viandes, oeufs, poissons",viandes crues,276,16.9,0,23.1,0,0,10,0.2,8,1.12,,,1.84,4.81,,,,,,1.64,0.15,
21521,"Agneau, côte ou côtelette, crue (aliment moyen)","viandes, oeufs, poissons",viandes crues,262,16.6,0.35,21.5,0,0.065,9.37,0.19,8.77,1.39,,,2.55,5.18,,,,,,1.52,0.2,
21525,"Agneau, côte découverte crue","viandes, oeufs, poissons",viandes crues,205,16.3,1.38,15,0,0.25,5.69,0.21,,1.58,,,3.77,7.5,,,,,,1.77,0.08,0.005
14002,"Sanglier, viande crue","viandes, oeufs, poissons",viandes crues,150,21.5,0,7.14,0,0,2.62,0.21,8.95,1.43,21.3,342,2.93,6.9,2,0,0,0.36,2,0.85,0.033,
14004,"Lièvre, viande crue","viandes, oeufs, poissons",viandes crues,111,21.6,0,2.67,0,0,0.98,0.15,11.6,1.8,26,318,1.7,10,0.58,0,0,0,10,1,0.49,0
14005,"Chevreuil, viande crue","viandes, oeufs, poissons",viandes crues,110,23,0,2,0,0,1,0.053,5,3.4,,,,,,,,,,,,
14006,"Cerf, viande crue","viandes, oeufs, poissons",viandes crues,114,23,0,2.42,0,0,0.95,0.13,5,3.4,23,318,2.09,,,0,0,,4,6.31,,0
36401,"Faisan, viande crue","viandes, oeufs, poissons",viandes crues,126,23.2,0,3.73,0,0,1.27,0.097,14.3,1.22,20.3,261,1.02,14,5,51.5,5.83,,6.5,0.82,0.082,0
36403,"Faisan, viande et peau crues","viandes, oeufs, poissons",viandes crues,164,23.2,0,7.95,0,0,3.51,0.09,15,1.58,20,243,0.96,,5,73,5.3,,6,0.77,0.093,0
6900,"Cheval, viande crue","viandes, oeufs, poissons",viandes crues,132,20.2,0.5,5.5,0,0,2.04,0.14,9.09,3.82,24,321,3.48,6,1.1,21,0.6,0.45,8,2.73,0.43,
6901,"Cheval, steak ou bifteck cru","viandes, oeufs, poissons",viandes crues,129,21.4,0.4,4.6,0,0,1.44,0.13,6,3.82,24,360,2.9,12.2,1.2,0,1,,,3,,
6903,"Cheval, tende de tranche crue","viandes, oeufs, poissons",viandes crues,106,22.7,0,1.68,0,0,0.48,,,3.06,,,2.32,5.22,,,,,,1.63,0.087,
6904,"Cheval, faux-filet cru","viandes, oeufs, poissons",viandes crues,121,22.2,0,3.58,0,0,1.17,,,2.55,,,1.91,5.35,,,,,,1.51,0.26,
6905,"Cheval, entrecôte crue","viandes, oeufs, poissons",viandes crues,118,22.1,0,3.34,0,0,1.08,,,2.84,,,2.51,5.37,,,,,,1.44,0.24,
21800,"Chevreau, viande crue","viandes, oeufs, poissons",viandes crues,103,20.6,0,2.31,0,0,0.71,0.21,13,2.83,,385,4,,,0,0,,5,1.13,,
34001,"Lapin, viande crue","viandes, oeufs, poissons",viandes crues,188,20.4,0.58,11.6,0,0,4.74,0.14,13,1.57,19,330,1.57,15.6,1.46,0,0,0,10,2.9,0.28,0
34003,"Lapin de garenne, viande crue","viandes, oeufs, poissons",viandes crues,108,21.8,0,2.32,0,0,0.69,0.13,12,3.2,29,378,,,,0,0,,,,,
36050,"Chapon, viande et peau crues","viandes, oeufs, poissons",viandes crues,195,19.9,0,12.8,0,0,1.5,0.14,11,1.09,21,217,1.17,,,37,1.7,,6,0.34,,
36100,"Caille, viande et peau crues","viandes, oeufs, poissons",viandes crues,140,19.6,0,6.8,0,0,1.91,0.13,13,3.97,23,216,2.42,,1.5,73,6.1,0.5,8,0.43,,
36101,"Caille, viande crue","viandes, oeufs, poissons",viandes crues,128,21.8,0,4.53,0,0,1.32,0.13,13,4.51,25,237,2.7,,1.5,17,7.2,,7,0.47,,0.01
36201,"Canard, viande crue","viandes, oeufs, poissons",viandes crues,127,18.3,0,5.95,0,0,2.32,0.19,11,2.4,19,271,1.9,23,1.2,24,5.8,0.1,25,0.4,0.079,0
36203,"Canard, cuisse avec peau, sans os, crue","viandes, oeufs, poissons",viandes crues,104,18.7,0.3,3.1,0,,1.05,0.26,,,,,,,,,,,,,,
36204,"Canard, viande et peau crues","viandes, oeufs, poissons",viandes crues,273,17.4,0,22.6,0,0,7.47,0.14,5.1,2.2,20,310,2.1,10,10,39.3,0.25,0.68,24.9,1.65,0.15,0.01
36206,"Canard, magret cru","viandes, oeufs, poissons",viandes crues,337,17.9,0.1,29.4,0,0.1,8.95,0.21,5,,,,,,,,,,,,,
36500,"Oie, viande crue","viandes, oeufs, poissons",viandes crues,155,22.8,0,7.13,0,0,2.79,0.22,13,2.57,24,420,2.34,24,,12,7.2,1,31,0.49,0.1,0
36501,"Oie, viande et peau crues","viandes, oeufs, poissons",viandes crues,366,15.9,0,33.6,0,0,9.78,0.18,12,2.5,18,308,1.72,24,1.2,17,4.2,1,4,0.34,0.21,0
36600,"Pigeon, viande crue","viandes, oeufs, poissons",viandes crues,213,18,0,15.7,0,0,5.2,0.13,12.5,4.03,23.5,218,2.45,,,50.5,6.2,0.4,6.5,0.44,0,0.035
36700,"Pintade, viande crue","viandes, oeufs, poissons",viandes crues,128,22,0,4.46,0,0,1.21,0.17,11,0.81,23,207,1.17,,,20,1.5,0.4,5.5,0.36,,0.04
36702,"Pintade, poitrine crue","viandes, oeufs, poissons",viandes crues,107,25.1,0,0.7,0,0,0.23,0.13,4,0.3,,360,1,,,,0,0.3,9,,0.01,
36703,"Pintade, cuisse crue","viandes, oeufs, poissons",viandes crues,118,22.8,0.2,2.9,0,0.2,0.94,0.18,9,1.55,,340,1.9,,,,0,0.3,17,,0.03,
36800,"Autruche, viande crue","viandes, oeufs, poissons",viandes crues,159,20.2,0,8.7,0,0,,0.18,7,2.91,20,291,3.51,,,0,0,,7,4.61,,
40002,"Cervelle, agneau, crue","viandes, oeufs, poissons",viandes crues,121,10.4,0.49,8.58,0,,2.19,0.28,9,1.75,12,296,1.17,,,0,16,,3,11.3,,0.49
40005,"Cervelle, porc, crue","viandes, oeufs, poissons",viandes crues,128,10.3,1.02,9.21,0,,2.08,0.3,10,1.6,14,258,1.27,9,0.6,0,13.5,,6,2.19,,0.45
40006,"Cervelle, veau, crue","viandes, oeufs, poissons",viandes crues,116,10.3,0.33,8.21,0,,1.91,0.32,10,2.13,14,315,1.11,11.6,0.62,0,14,,3,12.2,,
40052,"Coeur, boeuf, cru","viandes, oeufs, poissons",viandes crues,103,18.5,0.6,2.95,0,0,0.74,0.2,7,5.14,21,287,1.49,23.5,1.9,0,2,0.93,3,8.44,0.026,0
40054,"Coeur, poulet, cru","viandes, oeufs, poissons",viandes crues,149,15.6,0.71,9.33,0,,2.66,0.19,12,5.96,15,176,6.59,,,9,3.2,,72,7.29,0.07,0
40055,"Coeur, dinde, cru","viandes, oeufs, poissons",viandes crues,135,16.7,0.4,7.44,0,0,1.92,0.32,18,3.7,21,179,3.21,,,81.9,3,0.4,6,13.3,0.093,0.008
40058,"Coeur, agneau, cru","viandes, oeufs, poissons",viandes crues,118,16.5,0.21,5.68,0,0.21,2.25,0.22,6,4.6,17,316,1.87,,,0,5,0.51,2,10.3,,0.07
40060,"Coeur, porc, cru","viandes, oeufs, poissons",viandes crues,114,17.3,1.32,4.36,0,0,1.16,0.14,5,4.68,19,294,2.8,12.1,1.55,8,5.3,0.68,4,3.79,0,0
40062,"Coeur, veau, cru","viandes, oeufs, poissons",viandes crues,105,17.2,0.08,3.98,0,,1.07,0.19,5,4.24,18,261,1.47,14,1.95,0,8,1,2,13.8,0,0.03
40102,"Foie, agneau, cru","viandes, oeufs, poissons",viandes crues,137,21.8,0.16,5.45,0,0.16,1.45,0.14,7,6.43,19,313,4,48.7,4,441,4,0.45,230,95.8,0.029,
40104,"Foie, génisse, cru","viandes, oeufs, poissons",viandes crues,136,21,3.33,4.3,0,0,1.66,0.15,6.48,5.92,17.8,307,3.57,39.3,6.77,6430,27,0.76,700,95.6,0.007,0.11
40106,"Foie, veau, cru","viandes, oeufs, poissons",viandes crues,120,15.5,5.64,3.4,0,0,1.31,0.16,4.9,4.6,18,320,5.3,40,10,13800,9.75,0.62,1180,46.5,0.05,0.08
40108,"Foie, volaille, cru","viandes, oeufs, poissons",viandes crues,134,21.5,1.25,4.75,0,0,1.5,0.22,12,9,,,,,,,25,,,,,
40110,"Foie, lapin, cru","viandes, oeufs, poissons",viandes crues,134,19,5.39,4,0,3.75,1.09,0.17,12.3,6.61,24.2,335,2.04,75.1,2.69,4540,9,,5,,,
40111,"Foie, poulet, cru","viandes, oeufs, poissons",viandes crues,114,16.9,0.73,4.83,0,0,1.56,0.18,8,8.99,19,230,2.67,56.9,2.7,3290,17.9,0.25,588,16.6,0.006,0
40115,"Foie, dinde, cru","viandes, oeufs, poissons",viandes crues,123,18.3,0,5.5,0,0,1.66,0.33,20,8.94,24,214,3.37,,,8060,24.5,1.3,677,19.7,0.038,0.054
40119,"Foie, porc, cru","viandes, oeufs, poissons",viandes crues,124,20.6,1.06,4.2,0,1.06,1.66,0.34,9,23.3,18,273,5.76,43.5,6.7,6500,25.3,1.05,212,26,0,0.019
40120,"Foie, oie, cru","viandes, oeufs, poissons",viandes crues,129,16.4,6.32,4.28,0,,1.59,0.35,43,30.5,24,230,3.07,61,2.9,9310,4.5,,738,54,0.01,0
40121,"Foie, canard, cru","viandes, oeufs, poissons",viandes crues,131,18.7,3.52,4.64,0,,1.44,0.35,11,30.5,24,230,3.07,124,,12000,4.5,,738,54,0,0
40202,"Langue, boeuf, crue","viandes, oeufs, poissons",viandes crues,195,16.8,0.82,13.8,0,0.3,4.69,0.17,6,2.27,16,315,3.31,11.9,2.15,0,3.1,0,7,5.1,0.077,0
40204,"Langue, veau, crue","viandes, oeufs, poissons",viandes crues,181,16.9,0.83,12.2,0,,5.1,0.23,4.39,2.3,17,241,3.4,2,2.15,0,2.7,0,19,4,0.1,0
40205,"Langue, porc, crue","viandes, oeufs, poissons",viandes crues,222,16.3,0.5,17.2,0,0,5.96,0.28,16,3.35,18,243,3.01,12,1.7,0,4.4,1.15,4,2.84,0.056,0
40207,"Langue, agneau, crue","viandes, oeufs, poissons",viandes crues,167,15.4,1.75,10.9,0,0.25,3.52,0.25,,2.3,,,2.08,13.8,,,,,,3.9,0.035,0
40302,"Ris, agneau, cru","viandes, oeufs, poissons",viandes crues,148,14.8,0.17,9.82,0,0,4.44,0.19,8,2.3,21,420,1.93,6,1.9,0,18,1,13,6,0.13,
40304,"Ris, veau, cru","viandes, oeufs, poissons",viandes crues,96.5,17.2,0,3.07,0,0,0.81,0.17,3,1.05,23,488,1.55,6,2.5,0,49.2,0.25,22,3.33,0,0
40402,"Rognon, boeuf, cru","viandes, oeufs, poissons",viandes crues,95.7,17.1,0.85,2.65,0,0,0.5,0.42,13,7.04,17,262,1.52,118,8.73,419,9.4,1.1,98,21.1,0.013,0
40404,"Rognon, porc, cru","viandes, oeufs, poissons",viandes crues,99.5,16.5,1.1,3.25,0,0,1.04,0.3,9,4.89,17,229,2.75,187,6.35,59,13.3,1,42,8.49,0.007,0
40407,"Rognon, agneau, cru","viandes, oeufs, poissons",viandes crues,93.9,14.7,1.08,3.43,0,0.25,0.93,0.52,13,3.97,17,277,2.37,93.5,7,95,11,,28,31.5,0.013,0.043
40409,"Rognon, veau, cru","viandes, oeufs, poissons",viandes crues,94.5,15.8,0.85,3.12,0,,0.96,0.45,11,3.36,16,272,1.97,81.7,5.6,92,5,1,21,28.2,0.006,0.07
40502,"Tripes, boeuf, crues","viandes, oeufs, poissons",viandes crues,81.5,12.1,0,3.69,0,0,1.29,0.24,69,0.59,13,67,1.42,,,0,3,0,5,1.39,0.007,0
40600,"Sang, boeuf, cru","viandes, oeufs, poissons",viandes crues,82.1,19.5,0.8,0.12,0,0.8,0.04,0.6,4,46.5,,107,0.2,,,12.8,,0.1,7,,,
40700,"Gésier, poulet, cru","viandes, oeufs, poissons",viandes crues,99.1,16.8,0,3.53,0,0,1.01,0.19,11,2.49,15,237,2.72,,1.2,19,3.7,0.6,5,1.21,0.004,0
30900,Charcuterie (aliment moyen),"viandes, oeufs, poissons",charcuteries et alternatives végétales,241,18.6,1.94,17.5,0.27,0.73,6.73,2.22,16.3,2.08,20.8,351,2.21,10.8,10.6,249.167,,0.48,11.5,0.99,0.16,0.018
8429,Jambon persillé en gelée,"viandes, oeufs, poissons",charcuteries et alternatives végétales,151,19,0.48,7.9,0,0.3,2.8,1.67,12,0.72,15,280,1.7,10,10,19.1,10.4,0.32,11.8,0.38,0.08,0.01
28700,Jambon de porc à cuire ou jambon à rôtir/cuire au four,"viandes, oeufs, poissons",charcuteries et alternatives végétales,163,18.8,1.75,9,0.25,1,4,1.8,7.67,0.88,22,338,2.15,,,2.5,0.8,0.47,8,0.62,0.014,0
28727,Filet de bacon,"viandes, oeufs, poissons",charcuteries et alternatives végétales,118,23.1,0.7,2.6,0,0.1,1.07,3.18,3.8,0.4,23,470,1.4,10,10,10.5,6.55,0.125,49.1,0.38,0.019,0.01
28803,"Jambon cuit, fumé","viandes, oeufs, poissons",charcuteries et alternatives végétales,135,20,0.79,5.8,0.1,0.62,2.36,1.93,4.3,1.84,23.5,435,4.35,14,2.5,0,,0.63,17.4,0.28,0.056,0.096
28900,"Jambon cuit, supérieur","viandes, oeufs, poissons",charcuteries et alternatives végétales,113,21,0.76,2.83,0.095,0.69,1.1,1.87,10,0.54,22.5,362,2,10.4,2.5,0,18.1,0.25,16,0.31,0.012,0.074
28901,"Jambon cuit, supérieur, avec couenne","viandes, oeufs, poissons",charcuteries et alternatives végétales,118,20.4,0.91,3.59,0.25,0.86,1.2,1.96,,,,,,,,,,,,,0.035,
28902,"Jambon cuit, supérieur, découenné","viandes, oeufs, poissons",charcuteries et alternatives végétales,117,20.5,0.77,3.52,0.05,0.76,1.36,1.87,,1.5,,440,6.5,,,0,,,0,,,
28905,Jambon à l'os braisé,"viandes, oeufs, poissons",charcuteries et alternatives végétales,198,21.6,0.3,12.3,0,0,4.68,2.97,7,0.87,19,286,2.32,,,0,,0.7,3,0.64,,0
28906,"Jambon cuit, supérieur, découenné dégraissé","viandes, oeufs, poissons",charcuteries et alternatives végétales,115,20.3,0.14,3.66,0.32,0.14,1.24,1.82,10,0.8,22.6,313,2.2,11,6,0,,0.7,2.7,0.32,0.012,0
28907,"Jambon cuit, supérieur, dégraissé découenne, à teneur réduite en sel","viandes, oeufs, poissons",charcuteries et alternatives végétales,121,20.8,0.74,3.83,0.21,0.74,1.5,1.48,,,,,,,,,,,,,,
28910,"Jambon cuit, choix","viandes, oeufs, poissons",charcuteries et alternatives végétales,125,19.5,1.7,4.5,0.08,1.7,1.78,2.1,,,,,,,,,,,,,,
28911,"Épaule de porc, cuite, choix, découennée dégraissée","viandes, oeufs, poissons",charcuteries et alternatives végétales,124,18,2.8,4.5,0.25,1.35,1.4,2.33,,,,,,,,,,,,,,
28912,"Jambon cuit, choix, avec couenne","viandes, oeufs, poissons",charcuteries et alternatives végétales,137,19.4,0.55,6.3,0,0.1,,2.53,,,,,,,,,,,,,,
28913,"Jambon cuit, choix, découenné dégraissé","viandes, oeufs, poissons",charcuteries et alternatives végétales,115,19.6,1.88,3.24,0.15,1.32,1.18,1.96,10,,,358,,,,,,,,,,
28917,Rond de jambon cuit,"viandes, oeufs, poissons",charcuteries et alternatives végétales,182,20.3,1.4,10.6,0,,,,,,,,,,,,,,,,,
28922,"Dés, allumettes, râpé ou haché de jambon","viandes, oeufs, poissons",charcuteries et alternatives végétales,120,17.9,2.08,4.46,0.36,1.69,1.81,2.06,,,,,,,,,,,,,,
28924,"Épaule de porc, cuite, standard, découennée dégraissée","viandes, oeufs, poissons",charcuteries et alternatives végétales,123,13.7,2.89,5.98,1.3,2.89,2.23,2.82,,,,,,,,,,,,,0.035,
28925,"Jambon cuit, de Paris, découenné dégraissé","viandes, oeufs, poissons",charcuteries et alternatives végétales,115,20,1.08,3.42,0,,,,,,,,,,,,,,,,,
28929,"Dés, allumettes, râpé ou haché de jambon de volaille","viandes, oeufs, poissons",charcuteries et alternatives végétales,132,18,1.58,5.88,0.5,1.25,2.35,2.2,,,,,,,,,,,,,,
28960,"Jambonneau, cuit","viandes, oeufs, poissons",charcuteries et alternatives végétales,157,20,5.43,6,0.4,0.65,2.25,1.99,,,,,,,,,,,,0.32,0.038,
28963,Jambon de poulet ou blanc de poulet en tranche,"viandes, oeufs, poissons",charcuteries et alternatives végétales,105,20.7,1.39,1.79,0.53,1.13,0.54,1.86,6.3,0.34,29,380,0.58,25,10,10.5,17.9,0.25,5.64,0.29,0.027,0.011
28964,Jambon de dinde ou blanc de dinde en tranche,"viandes, oeufs, poissons",charcuteries et alternatives végétales,99.3,20.9,0.023,1.67,0.39,0.023,0.54,1.9,7.1,0.35,26,370,0.92,25,10,10.5,26.3,0.25,17.3,0.6,0.032,0.005
28965,"Jambon de volaille ou blanc de volaille, à teneur réduite en sel, en tranche","viandes, oeufs, poissons",charcuteries et alternatives végétales,108,21.3,1.6,1.65,0.71,1.23,0.53,1.38,,,,,,,,,,,,,,
28800,Jambon cru,"viandes, oeufs, poissons",charcuteries et alternatives végétales,239,25.9,4.27,13.2,0,0.75,5.09,5.67,10.4,0.97,36.2,591,2.37,5.66,1.2,0,13,0.6,1.24,0.33,0.1,0.005
28801,Jambon cru fumé,"viandes, oeufs, poissons",charcuteries et alternatives végétales,246,24.2,0.98,16.1,0,0.53,6.72,5.17,7.58,1.58,20,252,0.28,24.2,2.5,0,13,0.25,1.5,1,0.11,0.003
28804,"Jambon cru fumé, allégé en matière grasse","viandes, oeufs, poissons",charcuteries et alternatives végétales,142,27.7,0.1,3.4,0,,0.71,4.24,,,,,,,,,,,,,0.02,0
28811,Jambon de Bayonne,"viandes, oeufs, poissons",charcuteries et alternatives végétales,243,28,4.51,12.6,0,0.5,4.93,5.75,,,,554,,,,,13,,,,0.083,0.002
28812,Jambon sec,"viandes, oeufs, poissons",charcuteries et alternatives végétales,230,28.7,0.48,12.6,0,0.33,4.99,5.7,,,,,,,,,,,,,0.043,
28844,Jambon sec de Parme,"viandes, oeufs, poissons",charcuteries et alternatives végétales,248,27.2,0.3,15.4,0,0.3,5.42,5.53,16,0.7,,,,,,,13,,,,,
28845,Jambon sec Serrano,"viandes, oeufs, poissons",charcuteries et alternatives végétales,235,30.4,0.76,12.3,0,0.36,5.2,5.02,,,,,,,,,,,,,0.071,
28850,Coppa,"viandes, oeufs, poissons",charcuteries et alternatives végétales,284,25,1,20,0,0.5,6.83,5.3,,,,,,,12,,,,,,0.063,
28858,Pancetta ou poitrine roulée sèche,"viandes, oeufs, poissons",charcuteries et alternatives végétales,349,20.2,2.49,28.8,0,0.43,12.4,4.14,6.2,0.71,18,370,2.5,10,10,10.5,14.3,0.66,18.3,0.93,0.16,0.01
30300,Saucisson sec,"viandes, oeufs, poissons",charcuteries et alternatives végétales,418,24.2,5.48,33.1,0.73,2.55,11.3,4.75,14.4,1.27,32,583,2.7,5,7,0,5,0.5,1.64,0.67,0.21,0.024
30301,Saucisson sec pur porc,"viandes, oeufs, poissons",charcuteries et alternatives végétales,417,28.7,1.79,32.3,0,1.4,12.2,4.46,15.8,1.68,26.7,525,3.6,11.8,4.1,,5,0.55,1.35,0.68,0.27,0.01
30302,"Saucisson sec pur porc, qualité supérieure","viandes, oeufs, poissons",charcuteries et alternatives végétales,368,27.7,2.1,27.6,0.25,1.9,10.9,4.22,10,1.6,29.5,510,3.5,5,,,5,0.45,2.8,0.66,0.2,
30304,Rosette ou fuseau,"viandes, oeufs, poissons",charcuteries et alternatives végétales,392,24.2,4.86,30.7,0,1.46,11.8,4.56,44,1.2,40.3,488,2.9,7,36.2,1,2.3,1.11,25.3,0.82,0.17,
30308,Saucisson sec de Lyon pur porc,"viandes, oeufs, poissons",charcuteries et alternatives végétales,255,12.8,0.83,22,1,0.83,6.5,2.54,,,,,,,,,5,,,,,
30309,Saucisse sèche,"viandes, oeufs, poissons",charcuteries et alternatives végétales,460,27.3,4.04,37.1,0.59,1.21,14.5,4.74,,,,,,,7,,,,,,,
30311,Saucisson sec aux noix et/ou noisettes,"viandes, oeufs, poissons",charcuteries et alternatives végétales,477,27.7,1.78,39.7,0.75,1.04,14.1,4.31,,,,,,,,,,,,,,
30314,Saucisson sec allégé en matière grasse,"viandes, oeufs, poissons",charcuteries et alternatives végétales,286,34.6,1.57,15.7,0.5,1.57,5,5.8,,,,,,,,,,,,,,
30005,Chipolata cuite,"viandes, oeufs, poissons",charcuteries et alternatives végétales,283,18.8,0.8,22.4,0,0.4,8.27,2.15,19,0.79,23,370,2,10,10,10.5,11,0.46,2.5,0.81,0.27,0.01
30011,Saucisse de Toulouse cuite,"viandes, oeufs, poissons",charcuteries et alternatives végétales,279,18.8,1.28,22.1,0,0.6,8.2,1.71,11.5,0.9,18.2,650,2.2,9,8,15.3,0.5,0.25,10,0.41,0.18,0.094
30050,Chair à saucisse crue,"viandes, oeufs, poissons",charcuteries et alternatives végétales,323,14.7,0.6,29.1,0,,,1.39,14.1,1.2,17.1,293,2.3,,6,,,,,,,
30051,"Chair à saucisse, pur porc, crue","viandes, oeufs, poissons",charcuteries et alternatives végétales,258,16.9,0,21.2,0,,7.87,0.14,14,0.88,19,287,2.2,,,2,0.7,0,5,0.7,,
30052,Farce porc et boeuf crue,"viandes, oeufs, poissons",charcuteries et alternatives végétales,309,11.8,4.4,26.5,2.6,,,,,,,,,,,,,,,,,
30102,Saucisse fumée à cuire,"viandes, oeufs, poissons",charcuteries et alternatives végétales,336,15.6,,30.4,0,0,,2.04,,,,,,,,,,,,,,
30104,Saucisse de Morteau,"viandes, oeufs, poissons",charcuteries et alternatives végétales,398,16,1.17,36.6,0,0.5,,2.6,,,,,,,7,,,,,,,
30105,"Saucisse de Montbéliard, à cuire","viandes, oeufs, poissons",charcuteries et alternatives végétales,322,17.3,1.72,27.3,0,0.5,10,2.33,29.9,0.5,26.8,311,2,2.5,29.7,6.5,0.25,0.25,28.5,0.63,0.28,
30108,Saucisse de Morteau bouillie/cuite à l'eau,"viandes, oeufs, poissons",charcuteries et alternatives végétales,323,15.2,0,29.1,0,0,12.2,2.02,8.4,0.8,15,230,1.9,7,9,12.3,0.5,0.25,10,0.49,0.26,
30110,Saucisse de Toulouse crue,"viandes, oeufs, poissons",charcuteries et alternatives végétales,321,13.3,0.64,29.5,0,0.5,11.3,1.89,28.9,0.9,21.7,,2.22,11.2,7,,,,,,0.24,0.094
30115,Chipolata crue,"viandes, oeufs, poissons",charcuteries et alternatives végétales,253,15.8,1,20.6,0.4,0.32,7.61,1.58,10,0.48,16.6,404,1.76,5.44,7,0,,0.19,1.5,0.36,0.17,
30125,Saucisse alsacienne fumée ou gendarme,"viandes, oeufs, poissons",charcuteries et alternatives végétales,300,19,,24.9,0,,8.56,2.75,18.3,2.2,21.3,283,1.5,,2,6,16.8,0.25,8,0.95,0.17,
30130,Saucisse de volaille façon charcutière,"viandes, oeufs, poissons",charcuteries et alternatives végétales,239,15.6,1.14,19.1,0,0.9,6.2,1.75,8,,,,,,,,,,,,,
30131,Saucisse de volaille type knack,"viandes, oeufs, poissons",charcuteries et alternatives végétales,236,14,1.82,18.9,0,1.01,5.34,1.87,,,,,,,,,,,,,0.44,0.01
30134,Saucisse de Francfort,"viandes, oeufs, poissons",charcuteries et alternatives végétales,279,13.7,3.37,23.4,0.25,1,9,2,16.5,0.91,11.9,164,1.4,5.48,14,0,,0.26,1.6,0.42,0.22,
30150,Merguez crue,"viandes, oeufs, poissons",charcuteries et alternatives végétales,301,13.8,1.15,26.8,0,1.15,11.2,2.01,22.1,,23.3,,2.78,2.38,7,,,,,,,
30151,Merguez crue (aliment moyen),"viandes, oeufs, poissons",charcuteries et alternatives végétales,381,12.8,,36.3,0,,,,,,,,,,,,,,,,,
30152,"Merguez, pur boeuf, crue","viandes, oeufs, poissons",charcuteries et alternatives végétales,436,11,,43.5,0,,,,,,,,,,,,,,,,,
30153,"Merguez, boeuf et porc, crue","viandes, oeufs, poissons",charcuteries et alternatives végétales,415,11.5,,41,0,,,,,,,,,,,,,,,,,
30154,"Merguez, boeuf, mouton et porc, crue","viandes, oeufs, poissons",charcuteries et alternatives végétales,358,14.6,,33.3,0,,,,,,,,,,,,,,,,,
30155,"Merguez, boeuf et mouton, cuite","viandes, oeufs, poissons",charcuteries et alternatives végétales,283,19.8,1.8,21.8,0,1.6,12,2.33,38,2.04,22.8,513,3.3,5,25,69.7,0.5,0.25,10,1.45,0.19,0.064
30156,"Merguez, boeuf et mouton, crue","viandes, oeufs, poissons",charcuteries et alternatives végétales,315,14,2.8,27.6,0,0,,1.58,,,,,,,,,,,,,,
30176,Saucisse de foie,"viandes, oeufs, poissons",charcuteries et alternatives végétales,374,11.7,0.9,35.9,0.3,0.9,12,2.03,41,5.3,,143,2.7,58,,102,2,1.09,23,,,
30177,Diot cru,"viandes, oeufs, poissons",charcuteries et alternatives végétales,342,18,,30,0,,,2.25,,,,,,,,,,,,,,
30742,"Saucisse de Strasbourg ou knack, à cuire","viandes, oeufs, poissons",charcuteries et alternatives végétales,291,12.4,1.39,25.9,1.37,1.06,10.9,1.99,23.7,1.12,13.4,204,1.13,5,7,0,9.4,0.26,1.6,0.42,0.22,0.004
30743,"Saucisse de Strasbourg ou knack, à teneur réduite en sel, à cuire","viandes, oeufs, poissons",charcuteries et alternatives végétales,284,12,1.5,25.3,0.8,1.37,9.83,1.48,,,,,,,,,,,,,,
30746,Saucisse cocktail,"viandes, oeufs, poissons",charcuteries et alternatives végétales,290,12.7,1.46,25.9,0.27,1.09,9.59,2.1,31.6,0.65,20,305,1.1,5,10.5,3.5,8.8,0.25,24.2,0.8,0.23,
30750,Saucisse viennoise crue,"viandes, oeufs, poissons",charcuteries et alternatives végétales,233,10.3,,21.3,0,,,,,,,,,,,,,,,,,
30764,Saucisse de jambon pur porc,"viandes, oeufs, poissons",charcuteries et alternatives végétales,236,15.7,3.96,17.5,0,0.7,6.8,2,,,,,,,,,,,,,,
30766,Saucisse de bière,"viandes, oeufs, poissons",charcuteries et alternatives végétales,319,13,,29.7,0,,,,,,,,,,,,,,,,,
30778,Saucisse de langue à la pistache,"viandes, oeufs, poissons",charcuteries et alternatives végétales,294,15.3,,25.8,0,,,,,,,,,,,,,,,,,
30780,Saucisse (aliment moyen),"viandes, oeufs, poissons",charcuteries et alternatives végétales,286,17.4,1.22,23.4,0.24,0.81,9.62,2.06,21.7,1.24,19.6,414,2.14,8.48,11.9,31.033,5.76,0.33,6.3,0.77,0.23,0.04
8120,Confit de foie de porc,"viandes, oeufs, poissons",charcuteries et alternatives végétales,320,15.4,1.3,28.1,0.5,1,10.4,1.61,,,,,,,,,,,,,,
8125,Confit de foie de volaille,"viandes, oeufs, poissons",charcuteries et alternatives végétales,361,13.7,6.22,31,1,0.4,11,1.46,,,,,,,,,,,,,,
8201,Pâté au poivre vert,"viandes, oeufs, poissons",charcuteries et alternatives végétales,358,10.1,1.45,34.6,0,,,,,,,,,,,,,,,,,
8206,Pâté au jambon,"viandes, oeufs, poissons",charcuteries et alternatives végétales,302,14.7,1.04,26.5,0.39,0.43,11.4,1.68,18,,26,,,,,,,,,,,
8211,Pâté ou terrine de campagne,"viandes, oeufs, poissons",charcuteries et alternatives végétales,323,15.5,1.5,28.2,0,0.62,10.4,1.54,12.3,6.1,15.4,212,3.13,17.2,10,0,5.9,0.2,24,3.94,0.39,0.03
8212,"Pâté ou terrine de campagne, à teneur réduite en sel","viandes, oeufs, poissons",charcuteries et alternatives végétales,324,13.8,4.2,27.9,0.25,1.78,10.7,1.22,,,,,,,,,,,,,,
8214,Pâté breton,"viandes, oeufs, poissons",charcuteries et alternatives végétales,363,11,2.88,34,0.5,1,13,1.67,,,,,,,,,,,,,,
8232,Terrine de canard,"viandes, oeufs, poissons",charcuteries et alternatives végétales,322,13.2,5.64,27.1,0.54,0.47,9.91,1.39,23,5.2,16,210,2.6,40,10,4350,12.9,0.75,343,13.6,0.25,0.035
8240,Pâté de lapin,"viandes, oeufs, poissons",charcuteries et alternatives végétales,286,14.7,1.73,24.5,0.15,0.73,9.47,1.45,12.5,3.05,26,311,,,4,4000,0.74,0.47,,1,,
8242,Terrine de lapin,"viandes, oeufs, poissons",charcuteries et alternatives végétales,266,19,6.44,18,1,1,7,1.68,,,,,,,,,,,,,,
8245,Pâté de gibier,"viandes, oeufs, poissons",charcuteries et alternatives végétales,293,14.2,3.28,24.7,0.5,1.7,10.5,1.83,,,,,,,,,,,,,,
8250,Pâté ou terrine aux champignons (forestier),"viandes, oeufs, poissons",charcuteries et alternatives végétales,328,12.6,5.93,28.1,0.58,1.95,10.6,1.73,,,,,,,,,,,,,,
8300,"Pâté de foie de porc, supérieur","viandes, oeufs, poissons",charcuteries et alternatives végétales,358,13,6.5,31,0.3,1.57,14.8,1.62,,,,,,,,,10.5,,,,,
8305,Pâté de foie de porc,"viandes, oeufs, poissons",charcuteries et alternatives végétales,355,10.8,2.91,33.3,0.2,1.38,11.6,1.68,17.6,5.32,12.3,144,2.09,17.5,30.2,8800,11.3,0,138,6.55,0.33,0.007
8312,Mousse de foie de porc supérieure ou crème de foie,"viandes, oeufs, poissons",charcuteries et alternatives végétales,324,11.1,10.9,26.1,0.72,2.18,10.5,1.43,,,,,,,,,,,,,,
8313,Mousse de foie de porc,"viandes, oeufs, poissons",charcuteries et alternatives végétales,286,12,3.39,24.9,0.75,1.89,9.34,1.72,18.5,4.02,11.7,180,2.36,16.9,,2750,,0.26,9.84,3.11,0.21,0.006
8315,Mousse de canard,"viandes, oeufs, poissons",charcuteries et alternatives végétales,394,10.1,7.07,36.1,0.45,2.05,13.7,1.58,,,,,,,,,,,,,0.37,
8316,Pâté de foie de volaille,"viandes, oeufs, poissons",charcuteries et alternatives végétales,316,13.7,1.21,28.3,0.84,0.63,11.4,1.53,,,,,,,10,,10.5,0.4,,,,
8326,Pâté de foie d'oie,"viandes, oeufs, poissons",charcuteries et alternatives végétales,459,11.4,4.67,43.8,0,,14.5,1.74,70,5.5,13,138,0.92,,,1000,2,,60,9.4,,0
8332,Pâté (aliment moyen),"viandes, oeufs, poissons",charcuteries et alternatives végétales,325,14.6,1.91,28.7,0.12,0.81,10.6,1.58,13.7,5.86,15.2,203,2.93,17.5,13,0,6.91,0.19,48.1,4.45,0.38,0.026
8391,Pâté en croûte,"viandes, oeufs, poissons",charcuteries et alternatives végétales,303,9.96,21.7,19.3,1.5,1.5,8.12,1.72,19.7,1.1,15.8,151,1.3,,6,267,4.5,0.25,30,0.72,0.15,0.018
8000,Rillettes traditionnelles de porc,"viandes, oeufs, poissons",charcuteries et alternatives végétales,391,13,3.73,36,0,0,14,0.85,,1,,,,,,,,,,,0.32,0
8001,Rillettes pur porc,"viandes, oeufs, poissons",charcuteries et alternatives végétales,413,16.7,0.13,38.3,0.21,0.1,15.2,0.97,6.9,0.91,15,240,2.3,10,10,27.1,0.25,0.48,14.3,1.06,0.31,0.025
8002,Rillettes supérieures de porc,"viandes, oeufs, poissons",charcuteries et alternatives végétales,402,15.5,0.17,37.7,0.05,0.13,14.9,1.13,,,,,,,,,,,,,,0
8010,Rillettes de Tours (porc),"viandes, oeufs, poissons",charcuteries et alternatives végétales,522,18,0.1,50,0,,,,,,,,,,,,,,,,,0
8015,Rillettes du Mans (porc),"viandes, oeufs, poissons",charcuteries et alternatives végétales,420,15.6,4.79,37.6,0.21,0.13,14.8,1.28,,,,,,,,,,,,,0.3,0
8025,Rillettes pur oie,"viandes, oeufs, poissons",charcuteries et alternatives végétales,417,14.7,0.1,39.8,0,,,1.3,,,,,,,,,,,,,,0
8026,Rillettes de canard,"viandes, oeufs, poissons",charcuteries et alternatives végétales,377,15.3,1.03,34.6,0,0,11.2,1.25,140,1.6,19,210,2.5,10,10,27.5,,0.125,15,1.76,0.31,0.025
8030,Rillettes d'oie,"viandes, oeufs, poissons",charcuteries et alternatives végétales,364,14.9,0.99,33.4,0,,9.82,1.29,10,1,13,200,1.6,10,10,37,,2.53,11.6,0.99,0.32,0.01
8040,Rillettes de poulet,"viandes, oeufs, poissons",charcuteries et alternatives végétales,340,16.4,0.49,30.3,0.25,0.36,10.7,1.19,,,,,,,,,,,,,,0
8903,"Quenelle de veau en sauce, appertisée","viandes, oeufs, poissons",charcuteries et alternatives végétales,169,3.52,14.8,10.3,1.39,0.94,4.56,1.17,,,,,,,,,,,,,,0
8910,"Quenelle de volaille, à cuire","viandes, oeufs, poissons",charcuteries et alternatives végétales,189,9.37,14.7,10.1,1.1,1.2,1.5,0.74,,,,,,,,,,,,,,0
8912,"Quenelle de volaille en sauce, appertisée","viandes, oeufs, poissons",charcuteries et alternatives végétales,138,3.55,10.3,8.92,1.2,1.92,4.95,1.1,,,,,,,,,,,,,,0
8932,"Quenelle de poisson en sauce, appertisée","viandes, oeufs, poissons",charcuteries et alternatives végétales,135,3.79,10.5,8.51,0.72,0.97,3.95,1.11,,,,,,,,,,,,,0.053,0
8933,"Quenelle de poisson, à cuire","viandes, oeufs, poissons",charcuteries et alternatives végétales,245,8.1,23.6,12.7,2.15,1.9,8.2,0.95,27.7,0.84,11.9,98.8,0.82,,,,,,,,0.25,0.012
8937,"Quenelle nature, à cuire","viandes, oeufs, poissons",charcuteries et alternatives végétales,226,6.88,14.7,15.1,1.1,0.66,3.95,0.88,31.1,0.82,12.4,100,0.57,11.1,6.5,64.2,1,0,14.4,0.05,0.67,0.026
8109,"Confit de canard, viande (cuisse), sans peau, appertisé, réchauffé","viandes, oeufs, poissons",charcuteries et alternatives végétales,195,32,0,7.4,0,,2.31,1.89,13,2.3,17,300,5.5,40,10,10.5,0.25,1.14,23.8,4.24,0.03,0.015
8110,"Confit de canard, appertisé","viandes, oeufs, poissons",charcuteries et alternatives végétales,273,25.7,0.15,18.8,0.4,0.14,7.26,1.44,5.3,2.7,18.8,241,5.7,28,17,22.3,0.5,1.8,10,2.95,0.034,
8111,"Canard, magret fumé","viandes, oeufs, poissons",charcuteries et alternatives végétales,362,18,0.5,32,0,0.5,12,2.75,,,,,,,,,,,,,,0
8321,"Foie gras, canard, entier, cuit","viandes, oeufs, poissons",charcuteries et alternatives végétales,526,8.41,0.026,54.6,0.35,0.026,23,1.11,5.68,4.13,9.33,135,1.19,12.3,,5400,31,0.2,,15,0.06,0
8323,"Foie gras, canard, bloc, sans morceaux","viandes, oeufs, poissons",charcuteries et alternatives végétales,478,5.75,1.09,50,0.35,1.09,19.7,1.14,1.7,5.2,8.4,130,1.2,,2,1430,14.7,2.75,142,4.55,,0
8324,"Foie gras, canard, bloc, 30% de morceaux","viandes, oeufs, poissons",charcuteries et alternatives végétales,488,6.88,2.19,50.1,0,1.41,21.6,1.29,,2.1,,,,,,,,,,,0.053,0
8325,"Foie gras, canard, bloc, 50% de morceaux","viandes, oeufs, poissons",charcuteries et alternatives végétales,488,6.39,4.28,49.5,0,1.2,21.2,1.29,,2.1,,,,,,,,,,,,0
8328,"Foie gras, canard, cru","viandes, oeufs, poissons",charcuteries et alternatives végétales,600,5.94,1.41,63.4,0,1.14,28.1,0.52,10,6.4,,,,,,,,,,,,0
8331,"Foie gras, canard, bloc (aliment moyen)","viandes, oeufs, poissons",charcuteries et alternatives végétales,488,6.88,2.19,50.1,0,1.41,21.6,1.29,,2.1,,,,,,,,,,,0.053,0
8350,Galantine,"viandes, oeufs, poissons",charcuteries et alternatives végétales,109,22,1.28,1.73,0.44,0.97,0.55,2,,,,,,,,,,,,,,0
8373,Roulade de porc pistachée,"viandes, oeufs, poissons",charcuteries et alternatives végétales,287,15.3,3,23.5,1.2,0.7,7.8,2.5,,,,,,,,,,,,,,0
8380,Oeuf au jambon en gelée,"viandes, oeufs, poissons",charcuteries et alternatives végétales,,11.5,,4.7,0,,,1.35,26.2,1,7.1,113,0.8,,,,,,,,,
8395,Jambon en croûte,"viandes, oeufs, poissons",charcuteries et alternatives végétales,236,14.4,17.8,11.8,0.77,1.82,5.71,1.92,21.3,0.96,19.5,280,1.28,6.72,6.12,2.875,7.21,0.46,4.14,0.52,,0
8400,Fromage de tête,"viandes, oeufs, poissons",charcuteries et alternatives végétales,184,13.8,3.15,12.9,0,0,4.37,2.35,16,1.5,9,31,0.97,7.4,2.1,0,0,0.9,2,1.05,0.091,0
8450,Museau de boeuf,"viandes, oeufs, poissons",charcuteries et alternatives végétales,151,26.2,0,5.17,0,,,,,,,,,,,,,,,,,0
8500,Andouille,"viandes, oeufs, poissons",charcuteries et alternatives végétales,211,18.4,0.3,15.1,0,,,2.08,,,,,,,2,,,,,,,0
8501,Andouille de Guéméné,"viandes, oeufs, poissons",charcuteries et alternatives végétales,234,18,0,18,0,,,,,,,,,,,,,,,,,0
8504,"Andouille, réchauffée à la poêle","viandes, oeufs, poissons",charcuteries et alternatives végétales,270,22.5,0,20,0.5,0.1,9.29,2.82,18,2.4,12.2,104,3.4,24,24,12.3,0.5,0.25,10,1.35,0.087,0
8512,Andouille de Vire,"viandes, oeufs, poissons",charcuteries et alternatives végétales,238,19,0,18,0,,,,,,,,,,,,,,,,,0
8550,"Andouillette, à cuire","viandes, oeufs, poissons",charcuteries et alternatives végétales,225,18.8,0.5,16.3,0.71,0.25,6.94,1.46,34.1,1.67,12.5,55.6,2.6,18.3,2,0,,0.125,1.2,0.49,0.12,0
8551,"Andouillette, grillée/poêlée","viandes, oeufs, poissons",charcuteries et alternatives végétales,301,24.5,0.54,22.3,0.5,0.1,11.1,2.73,35.6,2.3,9.6,64,4.3,19,15,53.3,0.5,0.25,10,0.91,0.2,0
8552,"Andouillette de Troyes, à cuire","viandes, oeufs, poissons",charcuteries et alternatives végétales,256,19.7,1,19,0.9,0.25,7.91,1.97,26.1,2.8,9.4,58.4,2.6,22,,,,0.125,1,0.5,0.12,0
8703,"Boudin noir, à cuire","viandes, oeufs, poissons",charcuteries et alternatives végétales,297,12.2,0.29,27.1,1.42,0.2,9.57,1.29,22.4,17.4,6.84,162,0.37,8,5,,,0.125,2.22,0.19,0.22,0
8704,"Boudin noir, grillé/poêlé","viandes, oeufs, poissons",charcuteries et alternatives végétales,246,11.9,3.78,20.3,0,2.86,7.46,1.31,27.2,22.8,8.5,155,0.7,11,40,10.3,0,0.75,25.4,0.2,0.29,0.01
8705,"Boudin, grillé/poêlé (aliment moyen)","viandes, oeufs, poissons",charcuteries et alternatives végétales,238,11.3,4.59,19.4,0,2.61,7.19,1.41,32,16.3,9.19,157,0.76,8.54,38.6,11.4,0.07,0.71,24,0.3,0.24,0.013
8742,"Boudin antillais, à cuire","viandes, oeufs, poissons",charcuteries et alternatives végétales,231,11.5,9.2,16.5,0,5.1,6.9,1.22,,,,,,,,,,,,,,0
8800,"Boudin blanc, grillé/poêlé","viandes, oeufs, poissons",charcuteries et alternatives végétales,220,9.89,6.6,17.1,0,2,6.52,1.64,43.8,0.45,10.9,160,0.9,2.5,35.1,14,0.25,0.61,20.7,0.54,0.12,0.019
8801,"Boudin blanc, à cuire","viandes, oeufs, poissons",charcuteries et alternatives végétales,244,10,3.64,21,0,3.64,7.89,1.42,,,,,,,,,,,,,,0
8803,"Boudin blanc truffé, à cuire","viandes, oeufs, poissons",charcuteries et alternatives végétales,247,10.6,9.01,18.4,1.4,1.7,7.4,1.63,54,1.9,15.1,142,1.3,,,,,,,,,0
28501,"Lardon nature, cru","viandes, oeufs, poissons",charcuteries et alternatives végétales,269,16.6,1.01,22.1,0.38,0.78,7.91,2.72,10,0.42,15.6,540,1.67,5.77,0.95,0,0.8,0.75,1,0.38,0.18,0.004
28502,"Poitrine de porc en salaison, fumée, crue","viandes, oeufs, poissons",charcuteries et alternatives végétales,303,15.6,0.79,26.1,1,0.75,9.39,2.41,,,,,,,,,,,,,0.21,0
28503,Bresaola,"viandes, oeufs, poissons",charcuteries et alternatives végétales,172,32.8,0.49,4.3,0,0,2.05,5.15,35,7.1,,323,4.1,,,0,0,0.5,19,,,0
28504,"Lardon nature, cuit","viandes, oeufs, poissons",charcuteries et alternatives végétales,324,23.8,2,24.5,0,,12.6,3.8,7.5,0.5,22,572,2.1,12,12,1.17,,0.25,8,0.67,0.024,0
28505,"Corned-beef, appertisé","viandes, oeufs, poissons",charcuteries et alternatives végétales,191,23.2,0.05,10.9,0,0,4.47,2.8,14.5,2.24,14,244,3.57,,,0,0,0.2,9,1.62,0.05,0
28507,"Poitrine de porc en salaison, nature, crue","viandes, oeufs, poissons",charcuteries et alternatives végétales,288,15.7,0.76,24.7,0.29,0.71,9.69,1.93,,,,,,,,,,,,,,0
28530,Oreille de porc demi-sel,"viandes, oeufs, poissons",charcuteries et alternatives végétales,228,22.5,0.6,15.1,0,,5.39,0.48,21,2.4,7,55,0.19,,,0,0,,0,0.07,,0
28540,Pied de porc demi-sel,"viandes, oeufs, poissons",charcuteries et alternatives végétales,137,11.6,0.01,10,0,0,2.95,2.37,32,0.31,11,13,0.2,,,11,0,0.4,1,0.21,0.028,0
28550,Poitrine de porc demi-sel,"viandes, oeufs, poissons",charcuteries et alternatives végétales,270,16.8,1.3,22,0,0.6,8.3,2,8.4,0.52,16,256,1.68,,,0,,,2.19,0.83,0.14,0
28720,"Lardon fumé, cru","viandes, oeufs, poissons",charcuteries et alternatives végétales,272,16.7,0.35,22.6,0.34,0.35,8,2.63,18.2,0.6,23.8,596,1.2,2.5,11.1,1,0.9,0.48,21.1,0.42,0.19,0.004
28723,"Lardon, cru, à teneur réduite en sel","viandes, oeufs, poissons",charcuteries et alternatives végétales,246,17.9,0.78,19,0.13,0.59,7.28,1.89,,,,,,,,,,,,,,0
28725,"Lardon fumé, cuit","viandes, oeufs, poissons",charcuteries et alternatives végétales,277,14.7,4.8,22.1,0,0.9,8.25,2.59,10,0.82,21,428,1.7,,,0,0,1.1,4,0.78,0.2,0
28860,Viande des Grisons,"viandes, oeufs, poissons",charcuteries et alternatives végétales,207,38.9,0.56,5.47,0,0.56,2.52,3.83,30.8,1.8,46.6,660,5.9,9,53.8,3,0.25,0.25,33.9,2.39,0.011,0
28927,Haché de volaille,"viandes, oeufs, poissons",charcuteries et alternatives végétales,137,17.7,3.5,5.68,0.63,1.4,1.88,1.3,,,,,,,,,,,,,,0
28976,"Rôti de volaille en salaison, cuit","viandes, oeufs, poissons",charcuteries et alternatives végétales,109,22,1.28,1.73,0.44,0.97,0.55,2,,,,,,,,,,,,,,0
30312,Pavé au poivre (charcuterie),"viandes, oeufs, poissons",charcuteries et alternatives végétales,374,23.5,1.51,30.3,0.83,1.05,11.9,4.27,,,,,,,,,,,,,,
30315,Chorizo,"viandes, oeufs, poissons",charcuteries et alternatives végétales,425,23.5,1.24,36.1,0.93,1.24,14.3,4.24,,,,,,,7,55.25,,,,,0.29,0
30316,"Chorizo supérieur, doux ou fort, type saucisse sèche","viandes, oeufs, poissons",charcuteries et alternatives végétales,474,20.9,1.87,41.9,0.53,1.87,16,3.91,24,1.8,27,490,2,10,30,10.5,,0.83,51.4,1.11,0.35,0.01
30317,"Chorizo supérieur, doux ou fort, type charcuterie en tranches","viandes, oeufs, poissons",charcuteries et alternatives végétales,320,22.6,1.47,23.9,0.3,1.47,8.8,4.3,28,1.4,30,650,2.7,10,10,10.5,,0.73,49.1,0.82,0.21,0.01
30350,Salami,"viandes, oeufs, poissons",charcuteries et alternatives végétales,457,17.7,2.59,41.8,0,0.1,16.2,4.05,7.2,1,15,300,1.9,10,20,10.5,3.61,0.68,8.54,1.58,0.35,0.01
30351,Salami pur porc,"viandes, oeufs, poissons",charcuteries et alternatives végétales,446,17,0.75,41.5,0.5,0.5,16.6,4,13,1.3,22,378,4.2,,,0,0,,2,2.8,,0
30366,Salami type danois,"viandes, oeufs, poissons",charcuteries et alternatives végétales,455,14.5,2.42,43,0,0.5,17,4.05,,,,,,,,,,,,,,0
30700,Saucisson à l'ail,"viandes, oeufs, poissons",charcuteries et alternatives végétales,276,15,0.56,23.6,0.63,0.56,9.92,2,9,2.3,9,230,,,7,,5,,,,0.18,0
30701,Saucisson pur porc cuit,"viandes, oeufs, poissons",charcuteries et alternatives végétales,322,13.8,1.3,29,0,,,1.9,,,,,,,,,5,,,,,0
30707,"Saucisson brioché, cuit","viandes, oeufs, poissons",charcuteries et alternatives végétales,303,14.7,20.9,17.4,2,3.8,8.6,1.38,19,1.1,21,240,1.7,25,10,49.7,,0.25,12,0.54,0.13,0.02
30730,Cervelas,"viandes, oeufs, poissons",charcuteries et alternatives végétales,278,11.9,1.56,24.8,0.4,0.63,9.37,1.95,32.6,0.5,20.4,187,1,2.5,37.9,3,18.1,0.25,32.9,0.61,0.27,0
30731,Cervelas obernois,"viandes, oeufs, poissons",charcuteries et alternatives végétales,305,13,1,27.5,0.6,0.6,11.5,2,,0.5,,,,,,,,,,,,0
30732,"Cervelas à l'ail, pur porc","viandes, oeufs, poissons",charcuteries et alternatives végétales,297,12.5,0.2,27.4,0,,,,,,,,,,,,,,,,,0
30789,Mortadelle,"viandes, oeufs, poissons",charcuteries et alternatives végétales,310,15.2,0.69,27.4,0,0.67,10.2,2.3,36.5,0.8,26.9,270,1.5,2.5,27.8,7,,0.78,31.5,0.68,0.089,0
30790,"Mortadelle, pur porc","viandes, oeufs, poissons",charcuteries et alternatives végétales,310,14.8,4.46,25.8,0,1,9.85,2.14,19,1.1,,236,1.6,,,0,0,,4,,,0
30791,"Mortadelle, porc et boeuf","viandes, oeufs, poissons",charcuteries et alternatives végétales,304,16.4,2.53,25.4,0,0,9.51,3.12,18,1.4,11,163,2.1,,,0,0,1,3,1.48,,0
30797,Mortadelle pistachée pur porc,"viandes, oeufs, poissons",charcuteries et alternatives végétales,317,14.4,0.42,28.2,1.97,0.41,11.4,2.08,,,,,,,,,,,,,,0
30801,Saucisson de cheval type cervelas,"viandes, oeufs, poissons",charcuteries et alternatives végétales,244,14.2,1.4,20,0,1.4,7.1,2.46,15,1.9,13,200,1.9,10,10,10.5,,0.125,6.18,2.18,0.6,0.01
1030,"Fines tranches végétales, préemballées","viandes, oeufs, poissons",charcuteries et alternatives végétales,242,29.7,4.13,11.1,3.2,0.93,0.89,1.62,32,1.4,24,100,1.8,10,10,0.208,0.25,0.125,27.7,,0.04,0.01
1031,"Spécialité végétale type pâté, préemballée","viandes, oeufs, poissons",charcuteries et alternatives végétales,197,3.56,9.45,15.4,2.96,1.49,4.13,1.27,30,1.3,23,170,0.96,10,40,30.167,0.25,0.125,14.7,,0.06,0.01
20337,"Saucisse végétale au tofu (convient aux véganes ou végétaliens), préemballée","viandes, oeufs, poissons",charcuteries et alternatives végétales,228,13.4,5.69,16.3,1.5,0.5,1.95,1.68,140,2,58,120,1.4,10,10,8.183,0.25,0.125,17.3,,0.37,0.01
20338,"Quenelle au tofu (ne convient pas aux véganes ou végétaliens), préemballée","viandes, oeufs, poissons",charcuteries et alternatives végétales,133,11,4.97,7.2,1.5,0.97,1.13,1.01,120,1.4,41,130,1,10,10,34.6,0.25,0.25,28.3,0.005,0.4,0.01
25232,"Saucisse végétale au blé ou seitan, préemballé","viandes, oeufs, poissons",charcuteries et alternatives végétales,250,27.1,7.53,10.5,4.6,1.74,2.79,1.82,37,1.7,32,200,1.8,10,10,11,0.25,0.125,40.6,,0.04,0.01
1032,"Haché à base de boeuf et soja, préemballé","viandes, oeufs, poissons",autres produits à base de viande,214,15,2.48,14.6,4.5,0.7,6.29,0.83,26.3,1.8,29.9,315,2.9,8.9,1.25,61.8,3.57,0,21.6,1,0.06,0.006
1034,"Saucisse de volaille type knack (contenant du soja), préemballée","viandes, oeufs, poissons",autres produits à base de viande,208,12.1,2.72,15.8,1.1,0.64,4.75,2.84,61.1,1.3,15.2,189,1.6,7.8,1.25,21.2,18.8,0,7.04,0.62,0.44,0.006
25990,"Mahi-mahi, chair, cuit","viandes, oeufs, poissons",poissons cuits,109,23.7,1.47,0.9,0,0,0.24,0.28,19,1.45,38,533,0.59,,,62,0,,6,0.69,,0.136
25996,"Saumon, cuit, sans précision (aliment moyen)","viandes, oeufs, poissons",poissons cuits,205,23.2,0.61,12.2,0,0,2.48,0.13,10.2,0.36,28.4,383,0.41,,,,2.45,,19.7,2.8,,2.02
25997,"Cabillaud, cuit, sans précision (aliment moyen)","viandes, oeufs, poissons",poissons cuits,100,23.3,0,0.76,0,0,0.17,0.2,14.4,0.2,25.4,327,0.5,25.6,121,5.16,0.53,0.63,11.4,1.75,0.002,0.26
26003,"Carrelet ou plie ou plie commune, cuit à la vapeur","viandes, oeufs, poissons",poissons cuits,93,19,0,1.89,0,0,0.22,,,,,,0.68,30.4,30,0,,,,,,0.452
26008,"Églefin, cuit à la vapeur","viandes, oeufs, poissons",poissons cuits,89,20.9,0,0.6,0,0,0.1,0.18,26,0.1,24,370,0.5,34.3,260,0,0,0,9,2,,0.141
26012,"Hareng, frit","viandes, oeufs, poissons",poissons cuits,201,23,0,12.1,0,0,3.51,,,,,,0.75,31.3,38,0,,,,,,2.25
26014,"Hareng, grillé/poêlé","viandes, oeufs, poissons",poissons cuits,193,21.6,1,11.4,0,0,2.48,0.34,76.5,1.51,41.5,425,1.24,46,47.7,35,0.7,10.8,11,14.1,,2.28
26015,"Lieu noir, cuit","viandes, oeufs, poissons",poissons cuits,99.7,23.1,0.5,0.81,0,0,0.29,0.25,37.5,0.4,36,224,0.63,23.8,12,9.25,0.5,0.25,15.2,2.1,0.005,0.374
26017,"Limande-sole, cuite à la vapeur","viandes, oeufs, poissons",poissons cuits,97.7,17.4,1.9,2.27,0,0,0.12,0.3,21,0.6,20,280,0.5,73,45.5,0,0,0,13,1,0.002,0.237
26019,"Maquereau, rôti/cuit au four","viandes, oeufs, poissons",poissons cuits,228,21.5,0,15.8,0,0,4.44,0.21,12.8,1.57,28.5,401,0.94,51.6,45.8,62,0.4,7.72,22.6,19,0.19,2.14
26020,"Maquereau, frit","viandes, oeufs, poissons",poissons cuits,186,23.6,0,10.2,0,0,2.96,0.21,,,,323,1,94.7,107,0,,12.3,,12,0.082,1.95
26021,"Merlan, frit","viandes, oeufs, poissons",poissons cuits,127,23.1,0.55,3.61,0,0,0.94,0.43,26.5,0.5,34.1,402,0.47,25.2,213,0,,,28.9,1.89,0.034,0.22
26022,"Merlan, cuit à la vapeur","viandes, oeufs, poissons",poissons cuits,98.3,23,0,0.7,0,0,0.13,0.28,21,0.1,28,400,0.4,25,75,0,0,0,0,0,0.001,0.188
26023,"Cabillaud, rôti/cuit au four","viandes, oeufs, poissons",poissons cuits,94.6,22.3,0,0.6,0,0,0.19,0.23,18.4,0.3,29.4,297,0.5,22.4,130,8,1,1.2,10,1.53,0.002,0.247
26024,"Morue, salée, bouillie/cuite à l'eau","viandes, oeufs, poissons",poissons cuits,113,26,0,1.01,0,0,0.13,5.8,64.9,0.35,13.7,110,0.84,20.7,74,1,,1.25,23.5,2.2,0.001,0.201
26025,"Cabillaud, cuit à la vapeur","viandes, oeufs, poissons",poissons cuits,106,24.5,0,0.95,0,0,0.16,0.16,10,0.1,21,360,0.5,29.1,110,2,0,0,13,2,0.002,0.27
26026,"Mulet, rôti/cuit au four","viandes, oeufs, poissons",poissons cuits,143,24.8,0,4.86,0,0,1.43,0.18,31,1.41,33,458,1.21,,190,42,1.2,0,10,0.25,,0.51
26031,"Raie, rôtie/cuite au four","viandes, oeufs, poissons",poissons cuits,96.3,23,0,0.5,0,0,0.096,0.38,50,0.6,37,320,0.6,,22.5,0,0,0,0,8,,0.121
26033,"Roussette ou petite roussette ou saumonette, cuite","viandes, oeufs, poissons",poissons cuits,104,25.4,0,0.29,0,0,,0.2,,,,,0.67,42,24.8,5,,0.25,3,,,0.012
26038,"Saumon, cuit à la vapeur","viandes, oeufs, poissons",poissons cuits,199,23,0.9,11.5,0,0,2.39,0.13,9.23,0.4,21.4,390,0.39,19,17,5,0,8.7,11.7,3.05,0.18,1.75
26041,"Thon, rôti/cuit au four","viandes, oeufs, poissons",poissons cuits,136,29.9,0,1.83,0,0,1,0.14,18.7,1.8,46,445,0.44,81.2,150,8,,1.83,40.6,2.57,0.007,0.51
26059,"Sole, cuite à la vapeur","viandes, oeufs, poissons",poissons cuits,94.6,20.3,0,1.48,0,0,0.2,0.41,96,0.72,23.1,175,0.39,103,14.5,0,,,,1.12,0,0.203
26060,"Sole, rôtie/cuite au four","viandes, oeufs, poissons",poissons cuits,78.2,15.7,0,1.69,0,0,0.31,0.29,47.7,0.57,31.3,224,0.58,17.4,30,12,0,3.5,6,1.31,,0.204
26061,"Sole, bouillie/cuite à l'eau","viandes, oeufs, poissons",poissons cuits,69,15,0,1,0,0,0.2,0.21,90,0.9,22,137,,,,,,,,,,
26062,"Sole, frite","viandes, oeufs, poissons",poissons cuits,72.2,15.8,0,1,0,0,0.2,0.36,,0.86,28,240,,42.3,,,,,,,,
26073,"Raie, cuite au court-bouillon","viandes, oeufs, poissons",poissons cuits,97.8,23.2,0,0.57,0,0,0.12,0.4,,,24.3,,0.6,,8.9,0,,0,0,2.7,0.001,0.146
26081,"Lotte ou baudroie, grillée/poêlée","viandes, oeufs, poissons",poissons cuits,98.2,23,0,0.68,0,0,0.19,0.061,11,0.46,28.5,472,0.64,42.5,40.6,50,0.5,0,20.5,0.93,0.001,0.179
26093,"Espadon, rôti/cuit au four","viandes, oeufs, poissons",poissons cuits,266,28.7,0,16.9,0,0,1.51,0.18,5.5,0.53,34.1,475,0.78,122,9.3,43,0,16.6,2,2.91,0,1.51
26094,"Turbot, rôti/cuit au four","viandes, oeufs, poissons",poissons cuits,121,21.3,0.83,3.64,0,0,0.9,0.25,42.5,0.53,63.5,323,0.29,,30,12,1.7,0,9,2.54,,0.7
26120,"Merlu, cuit à l'étouffée","viandes, oeufs, poissons",poissons cuits,112,21.2,0,3,0,0,0.92,0.25,41.8,0.3,29.2,290,0.55,22,42,7.5,0,3.2,26.4,1.6,,0.39
26126,"Églefin, grillé/poêlé","viandes, oeufs, poissons",poissons cuits,84.9,20,0,0.55,0,0,0.11,0.65,14,0.21,26,351,0.4,,,21,0,0.6,13,2.13,,0.161
26136,"Sardine,  grillée/poêlée","viandes, oeufs, poissons",poissons cuits,194,25.1,0,10.4,0,0,3.23,0.35,130,1.7,34,400,1.4,38,32,0,0,12.3,4,12,,
26147,"Vivaneau, cuit","viandes, oeufs, poissons",poissons cuits,121,26.3,0,1.72,0,0,0.37,0.14,40,0.82,37,522,0.44,,,35,1.6,,6,3.5,,0.318
26148,"Rascasse ou rascasse de profondeur, cuite à la vapeur","viandes, oeufs, poissons",poissons cuits,126,24.6,0,3.1,0,0,0.61,0.22,14,0.18,33,380,0.37,80,10,10.5,,1.09,2.5,1.65,0.022,0.58
26192,"Lieu jaune ou colin, cuit","viandes, oeufs, poissons",poissons cuits,97.8,24.4,0,0.25,0,0,0.005,0.23,18.9,0.2,34.8,388,0.46,22.1,150,10.5,1.09,0.73,33.7,0.94,0.005,0.01
26211,"Saumon, élevage, cuit au micro-onde","viandes, oeufs, poissons",poissons cuits,200,24.2,0,11.4,0,0,,0.098,5,0.4,31.6,402,0.4,2.5,,15,,3.3,19,,,
26217,"Saumon, élevage, bouilli/cuit à l'eau","viandes, oeufs, poissons",poissons cuits,193,25,0,10.3,0,0,,0.084,4.6,0.3,29.7,347,0.4,2.5,,14,,3.45,28,,,
26222,"Dorade grise ou daurade grise ou griset, rôtie/cuite au four","viandes, oeufs, poissons",poissons cuits,127,22.9,1.43,3.3,0,0,0.75,,,,,,,50,,,,,,,0.009,0.62
26229,"Saumon, grillé/poêlé","viandes, oeufs, poissons",poissons cuits,223,25.5,0,13.5,0,0,2.87,0.11,8.4,0.43,31.7,414,0.48,11,13.5,17.5,,,18,3.4,,2.28
26230,"Saumon, élevage, rôti/cuit au four","viandes, oeufs, poissons",poissons cuits,214,22.1,0.98,13.5,0,0,2.5,0.15,15,0.34,30,384,0.43,,,,3.7,,21.1,2.65,,2.15
26234,"Julienne ou lingue, cuite","viandes, oeufs, poissons",poissons cuits,98,24.5,0,0,0,0,0,0.21,13,0.14,31,330,0.62,60,49,10.5,0,0.25,19.5,0.78,0,0
26247,"Flétan du Groënland ou flétan noir ou flétan commun, cuit à la vapeur","viandes, oeufs, poissons",poissons cuits,179,17.3,1.28,11.6,0,0,2.07,0.36,8.6,0.07,21,240,0.36,60,10,10.5,,4.36,2.5,0.69,0.031,0.68
26248,"Sole, grillée/poêlée","viandes, oeufs, poissons",poissons cuits,94.4,23.6,0,0.25,0,0,0.005,0.37,39,0.14,27,370,0.45,30,20,10.5,0.87,0.47,15,1.4,0.005,0.01
26998,"Truite saumonée, sautée/poêlée","viandes, oeufs, poissons",poissons cuits,146,22,0,6.4,0,0,0.93,0.13,12.8,0.35,27.7,426,0.25,16.1,1.25,9.25,2.03,11.1,14.7,6.9,0.27,0.58
26999,"Anguille, cuite (aliment moyen)","viandes, oeufs, poissons",poissons cuits,213,22.1,0,13.8,0,0,3.15,,,,,,2.08,,8,0,,,,,,0.57
27000,"Anguille, rôtie/cuite au four","viandes, oeufs, poissons",poissons cuits,229,23.6,0,15,0,0,3.02,0.16,26,0.64,26,349,2.08,,8,1140,1.8,,17,2.89,,0.45
27001,"Anguille, bouillie/cuite à l'eau","viandes, oeufs, poissons",poissons cuits,197,20.5,0,12.7,0,0,3.28,,,,,,2.08,28,8,0,,,,,,0.71
27002,"Brochet, rôti/cuit au four","viandes, oeufs, poissons",poissons cuits,100,23.1,0,0.88,0,0,0.15,0.12,73,0.71,40,331,0.77,,12,24,3.8,2.7,16,2.15,,0.268
27004,"Carpe, rôtie/cuite au four","viandes, oeufs, poissons",poissons cuits,151,21.6,0,7.17,0,0,1.27,0.16,52,1.59,38,427,1.58,20.2,6,10,1.6,3.25,17,1.47,,0.29
27005,"Perche ou perche européenne, rôtie/cuite au four","viandes, oeufs, poissons",poissons cuits,119,22.1,0,3.42,0,0,0.85,0.096,73,0.71,26,331,0.77,26,2.5,24,3.8,9,16,0.83,0.021,0.176
27006,"Truite, rôtie/cuite au four","viandes, oeufs, poissons",poissons cuits,183,26.6,0,8.47,0,0,1.47,0.17,55,1.92,28,463,0.71,3,6,19,0.5,,15,7.49,,0.94
27007,"Truite ou truite fario, cuite à la vapeur","viandes, oeufs, poissons",poissons cuits,99.4,19,0,2.6,0,0,0.54,,,,,,0.56,3,6,0,,,,,,0.93
27014,"Truite arc en ciel, élevage, rôtie/cuite au four","viandes, oeufs, poissons",poissons cuits,143,21.5,0,6.33,0,0,1.51,0.13,60.5,0.35,28.3,391,0.59,2.85,9.5,9.5,2.9,15,11,4.56,0.2,0.95
27015,"Truite arc en ciel, élevage, cuite à la vapeur","viandes, oeufs, poissons",poissons cuits,117,20,0,4.14,0,0,0.86,,,,,,0.56,3,8,0,,,,,,0.85
27018,"Pangas, poisson-chat, machoiron, cuit","viandes, oeufs, poissons",poissons cuits,79,17.5,0,1,0,0,0.51,0.58,7.5,0.09,18,200,0.3,10,10,10.5,0.25,0.125,11.1,0.89,0.005,0.01
27030,"Bar commun ou loup, rôti/cuit au four","viandes, oeufs, poissons",poissons cuits,151,22.2,1.02,6.51,0,0,1.27,0.17,11,0.28,30.3,410,0.42,25,13.4,10.5,,4.15,12.6,3.7,0.15,0.85
27031,"Dorade royale ou daurade ou vraie daurade, rôtie/cuite au four","viandes, oeufs, poissons",poissons cuits,148,23.6,0,5.9,0,0,1.3,0.18,13,0.2,29,420,0.48,10,10,10.5,0.59,5.71,17.2,2.37,0.16,0.6
25991,"Mahi-mahi, chair, cru","viandes, oeufs, poissons",poissons crus,84.9,18.5,1.15,0.7,0,0,0.19,0.22,15,1.13,30,416,0.46,,,54,0,,5,0.6,,0.108
26001,"Bar rayé ou bar d'Amérique, cru","viandes, oeufs, poissons",poissons crus,113,20.3,0,3.58,0,0,0.76,0.19,66,1.41,36,356,0.63,,60,30.7,2.05,,13.7,2.71,,0.71
26006,"Lieu ou colin d'Alaska, cru","viandes, oeufs, poissons",poissons crus,72.6,16.3,0.51,0.61,0.085,0,0.015,0.48,12.8,0.4,36.9,296,0.41,15.7,78.2,4,0,1.1,3,2.3,0,0.024
26009,"Flétan de l'Atlantique ou flétan, cru","viandes, oeufs, poissons",poissons crus,96.5,21.2,0,1.31,0,0,0.24,0.15,15,0.65,23,424,0.45,,12.6,40,0,,12,0.96,0.044,0.41
26011,"Hareng, cru","viandes, oeufs, poissons",poissons crus,176,17.7,0,11.7,0,0,2.82,0.22,61.6,1.21,27,342,0.79,31.2,54.1,38.1,0.75,10.7,9.4,11.5,0.15,1.75
26018,"Lotte ou baudroie, crue","viandes, oeufs, poissons",poissons crus,67,15.1,0,0.74,0.1,0,0.18,0.19,18.2,0.3,20.7,296,0.55,34.5,32.2,6,0.67,1.43,7,0.9,0.002,0.173
26036,"Saumon, élevage, cru","viandes, oeufs, poissons",poissons crus,193,20.5,0,12.4,0.125,0,2.15,0.16,5.84,0.48,27.4,358,0.36,16.5,8.21,4.27,1.8,4.92,20.8,3.95,0.32,1.5
26042,"Turbot, sauvage, cru","viandes, oeufs, poissons",poissons crus,91.5,17.2,0,2.54,0,0,0.71,0.24,38.7,0.45,49,253,0.21,47.3,35,11,0.85,0,8,2.07,,
26043,"Cabillaud, cru","viandes, oeufs, poissons",poissons crus,77.4,18.1,0,0.57,0.1,0,0.1,0.23,4.43,0.49,25.6,357,0.39,136,101,1,1,,21.2,1.32,0.001,0.18
26044,"Merlu, cru","viandes, oeufs, poissons",poissons crus,82.6,17.6,0,1.35,0,0,0.22,0.22,25.3,1,22.9,332,0.64,31.2,37.6,0,0,2.15,9,1,0.002,0.285
26047,"Lieu noir, surgelé, cru","viandes, oeufs, poissons",poissons crus,82.4,19.8,0,0.37,0,0,0.074,0.2,19.4,0.48,21.4,255,0.35,19.8,73,6,0,0.89,10,2.79,0.001,0.023
26048,"Merlu, filet, surgelé, cru","viandes, oeufs, poissons",poissons crus,88.8,15.1,1.7,2.4,0,0,0.6,0.53,12.5,0.16,36.8,57.9,0.13,32.7,20.3,,,,,,,
26051,"Maquereau, cru","viandes, oeufs, poissons",poissons crus,198,18.1,0.93,13.5,0,0,3.22,0.16,4.92,0.48,28.4,340,0.6,37.6,87.2,56.6,0.2,6.44,8.16,4.9,0.12,2.47
26052,"Raie, crue","viandes, oeufs, poissons",poissons crus,91.9,21.4,0.5,0.47,0,0,0.12,0.35,11.8,0.23,23.1,279,0.41,27.8,23.6,1.2,0,0.36,5,1.13,0.001,0.121
26053,"Thon, cru","viandes, oeufs, poissons",poissons crus,155,24,2.72,5.38,0,0,1,0.12,17.7,1.77,34.9,429,0.55,97.1,26.9,265,1.37,7.8,13.6,3.79,0.006,2.07
26055,"Carrelet ou plie ou plie commune, cru","viandes, oeufs, poissons",poissons crus,88.6,20,0,0.94,0,0,0.2,0.2,127,0.21,28.5,352,0.49,31.4,191,1,1.5,1.11,9.5,0.64,0.002,0.168
26057,"Limande, crue","viandes, oeufs, poissons",poissons crus,80.8,18.3,0,0.85,0,0,0.16,0.28,47.5,0.29,24.7,262,0.46,13.8,30,14.2,0.5,0.25,5,1.67,0.001,0.203
26058,"Sole, crue","viandes, oeufs, poissons",poissons crus,77.3,18,0,0.6,0,0,0.13,0.19,22.5,0.35,26.9,349,0.42,23,88.2,5,0,0.75,7.5,1.91,0.001,0.1
26063,"Rascasse ou rascasse de profondeur, crue","viandes, oeufs, poissons",poissons crus,87.6,18.9,0,1.33,0,0,0.34,,61,,21,465,1.8,,11,0,,4.3,,,0,0.397
26064,"Thon albacore, cru","viandes, oeufs, poissons",poissons crus,112,25,1,0.94,0,0,0.17,0.11,7.77,0.98,40.8,410,0.23,79.6,23.7,195,2.6,2.3,8.5,3.44,0.002,0.1
26065,"Sardine, crue","viandes, oeufs, poissons",poissons crus,160,19.5,0,9.17,0,0,2.66,0.22,57.5,1.67,36,584,1.5,52.8,26.8,28,2.5,14,3.18,8.6,0.38,3.1
26068,"Thon listao ou bonite à ventre rayé, cru","viandes, oeufs, poissons",poissons crus,97.1,22,0,1.01,0,0,0.33,0.093,29,1.25,34,407,0.82,,,16,1,,9,1.9,,0.261
26069,"Thon rouge, cru","viandes, oeufs, poissons",poissons crus,157,23.3,0.59,6.81,0,0,1.26,0.098,8,1.02,50,252,0.6,73.4,,655,0,5.7,2,9.43,,1.17
26072,"Bar commun ou loup, cru","viandes, oeufs, poissons",poissons crus,86.1,19.1,0.9,0.7,0,0,0.2,0.23,10,0.26,27,390,0.3,30,21.9,10.5,0.66,5.59,22.2,3.12,0.005,0.16
26074,"Roussette ou petite roussette ou saumonette, crue","viandes, oeufs, poissons",poissons crus,97.8,23.3,0,0.5,0,0,0.11,0.31,11.7,0.37,20.9,258,0.87,28.8,26.2,1,0,0.25,3.07,1.95,0,0.098
26075,"Loup de l'Atlantique, cru","viandes, oeufs, poissons",poissons crus,89.9,16.6,0,2.61,0,0,0.49,0.25,20.3,0.72,26.4,286,0.74,57.5,60,49.7,0,0.77,3,2.08,0.013,0.67
26076,"Thon germon ou thon blanc, cru","viandes, oeufs, poissons",poissons crus,121,27.2,0,1.37,0,0,0.26,0.29,3.5,0.95,37.6,355,0.38,188,14,3.02,,2.62,15.3,2.78,0.004,0.2
26079,"Anchois, cru","viandes, oeufs, poissons",poissons crus,129,18.6,0,6.07,0,0,1.64,0.18,86.5,2.63,22.3,294,1.86,21.3,55,65.7,0,11,9,0.62,0.073,1.41
26080,"Dorade royale ou daurade ou vraie daurade, sauvage, crue","viandes, oeufs, poissons",poissons crus,95.6,18.1,0.6,2.31,0,0,0.46,0.12,33.3,1.6,19,439,0.76,20,40,7,1,7.15,7,,0.017,0.164
26082,"Espadon, cru","viandes, oeufs, poissons",poissons crus,134,18.9,1,5.97,0,0,1.83,0.28,12.1,0.65,33.6,362,0.79,52.7,40,191,0.5,12.5,2,2.46,0.031,0.74
26083,"Éperlan, cru","viandes, oeufs, poissons",poissons crus,85.4,17.5,0,1.7,0,0,0.39,0.39,,,24,357,,,67,0,0,,37,3.44,,0.72
26084,"Cardine franche, crue","viandes, oeufs, poissons",poissons crus,93.4,19.9,0,1.53,0,0,0.43,,,,,,,,17,,,,,,0.009,0.35
26085,"Rouget-barbet de roche, cru","viandes, oeufs, poissons",poissons crus,158,18.4,0,9.37,0,0,2.72,0.17,22.8,0.49,30.7,343,0.37,36.2,11.5,8.4,0,1.12,11,4.52,0.024,1.62
26088,"Dorade royale ou daurade ou vraie daurade, élevage, crue","viandes, oeufs, poissons",poissons crus,129,20.9,0,5.1,0,0,1.19,0.13,2.34,0.39,30.7,458,0.41,3.7,5,4.9,0,3.11,5,3.16,0.037,0.87
26091,"Mulet, cru","viandes, oeufs, poissons",poissons crus,118,20.1,1.35,3.62,0,0,1.17,0.18,13.6,0.7,26.7,305,0.58,168,14,1,1.2,2.12,9,5.56,,0.88
26092,"Truite de mer, crue","viandes, oeufs, poissons",poissons crus,114,19.6,0.81,3.63,0,0,0.62,0.14,12.7,1.23,29.3,458,0.95,22.9,20,12,0.55,2.1,16,5,0,
26095,"Merlan, cru","viandes, oeufs, poissons",poissons crus,79.2,18.8,0,0.47,0,0,0.095,0.16,18,0.31,31.7,417,0.39,30.2,94.9,3,0,4.11,13,1.33,0.001,0.186
26099,"Dorade grise ou daurade grise, ou griset, crue","viandes, oeufs, poissons",poissons crus,129,20.5,0,5.27,0.5,0,1.41,0.15,100,0.39,31.2,400,0.8,20.2,30.9,1.5,,0.57,,2.65,0.02,0.86
26100,"Bogue, crue","viandes, oeufs, poissons",poissons crus,92.1,17.9,0.53,2.03,0,0,,0.28,52.5,2.3,22.5,309,0.96,,60,0,0,0,,2,,
26101,"Bonite ou bonite à dos rayé, crue","viandes, oeufs, poissons",poissons crus,161,22.3,0,8.01,0,0,2.35,1.35,16,2.08,10,35,0.68,,,,,,,,0.2,0.597
26102,"Maquereau espagnol ou maquereau blanc ou billard, cru","viandes, oeufs, poissons",poissons crus,135,22.1,0,5.15,0,0,1.59,0.15,11,0.44,33,446,0.49,,,39,1.6,7.3,1,2.4,0,1.01
26103,"Denté ou denté commun, cru","viandes, oeufs, poissons",poissons crus,102,17,0.65,3.5,0,0,0.45,0.19,34,1,,350,0.41,,,48,0,,5,,,
26104,"Saint-Pierre, cru","viandes, oeufs, poissons",poissons crus,86.7,19.9,0,0.8,0,0,0.25,0.17,31.5,3.6,22.5,307,0.95,,20,0,0,0,,0,0.003,0.19
26106,"Grondin, cru","viandes, oeufs, poissons",poissons crus,108,19,3.4,2,0,0,,,,,,,,,,,,,,,,
26107,"Corb, cru","viandes, oeufs, poissons",poissons crus,87.2,20,0,0.8,0,0,,,74,,61,527,2.1,,,,,,,,,
26108,"Capelan, cru","viandes, oeufs, poissons",poissons crus,90,18.7,0,1.71,0,0,,0.27,,,,,,,,,,,,,,
26109,"Dorade rose ou daurade rose ou pageot rose, crue","viandes, oeufs, poissons",poissons crus,102,21,0,2,0,0,,,34,4.3,22,690,1.6,,,,,,,,,
26110,"Rouget-barbet de roche, vapeur","viandes, oeufs, poissons",poissons crus,143,24.1,0,5.2,0,0,0.73,0.24,21,0.48,33,410,0.39,50,40,23.1,3.17,1.27,14.3,3.74,0.03,0.01
26111,"Saupe, crue","viandes, oeufs, poissons",poissons crus,96.5,18,0.5,2.5,0,0,,,28,4.3,27,540,3.3,,,,,,,,,
26113,"Chinchard, cru","viandes, oeufs, poissons",poissons crus,116,19,0,4.42,0,0,2.31,,92,,69,986,1.59,26,,,,,,,0.023,0.43
26122,"Églefin, cru","viandes, oeufs, poissons",poissons crus,76.2,17.3,1.02,0.35,0,0,0.098,0.16,9.23,0.28,26.4,292,0.32,36,126,1,0,0.25,11.3,1.07,0.001,0.141
26125,"Cabillaud ou morue du Pacifique, cru","viandes, oeufs, poissons",poissons crus,64.8,15.3,0,0.41,0,0,0.085,0.76,8,0.16,20,235,0.31,,,2,0,0.5,7,1.98,0.001,0.13
26127,"Congre ou congre commun, cru","viandes, oeufs, poissons",poissons crus,127,18.3,3.15,4.6,0,0,,0.13,71,1.3,20,240,0.9,,30,0,0,0,0,3,,
26128,"Grenadier (de roche), cru","viandes, oeufs, poissons",poissons crus,68.9,15.4,0,0.81,0,0,0.11,0.24,1.64,0.12,22.1,281,0.22,356,13.4,5.1,,0.52,,0.33,0.002,0.169
26129,"Lieu jaune ou colin, cru","viandes, oeufs, poissons",poissons crus,75.5,17.7,0,0.51,0,0,0.069,0.29,13.7,0.39,38.5,331,0.4,35,80,3,0,0,3,3,0,0.062
26130,"Julienne ou lingue, crue","viandes, oeufs, poissons",poissons crus,80.8,19.2,0,0.44,0,0,0.11,0.26,27.6,0.68,62.5,365,0.59,37.5,43.5,15.8,0,0,7,0.78,0,0.128
26133,"Tacaud, cru","viandes, oeufs, poissons",poissons crus,81.3,19.7,0,0.33,0,0,0.098,0.2,26.7,0.21,26.5,306,0.34,35.4,214,1,0,0.32,,1.47,0.001,0.143
26134,"Lieu noir, cru","viandes, oeufs, poissons",poissons crus,82.5,18.8,0,0.8,0,0,0.15,0.2,14.7,1.3,30.7,385,0.57,120,143,2.8,0,1.77,10,4.38,0.002,0.229
26135,"Limande-sole, crue","viandes, oeufs, poissons",poissons crus,80.6,17,0,1.4,0,0,0.2,0.24,17,0.5,17,230,0.45,75.3,94,0,0,0,11,1,0.005,0.36
26141,"Foie de morue, cru","viandes, oeufs, poissons",poissons crus,623,5,1,66.6,0,0,14,1.47,10,4,8,130,1.94,63.5,500,5100,4,100,300,10,0.79,11.17
26146,"Vivaneau, cru","viandes, oeufs, poissons",poissons crus,94.1,20.5,0,1.34,0,0,0.29,0.16,32,0.69,32,417,0.36,,,32,1.6,10.2,5,3,,0.311
26153,"Sabre, cru","viandes, oeufs, poissons",poissons crus,125,18,0,5.9,0,0,,0.28,12,0.6,,270,,,,15,0,,,,,
26154,"Flétan du Groënland ou flétan noir ou flétan commun, cru","viandes, oeufs, poissons",poissons crus,168,13.5,0,12.7,0,0,2.79,0.43,17.7,0.4,24,287,0.4,30.5,17.3,32,1,21.2,6.5,1,0.086,1.48
26157,"Carangue, cru","viandes, oeufs, poissons",poissons crus,104,19.9,0,2.7,0,0,,0.22,47,0.7,30,415,0.42,,,,0,,2.9,9.1,,
26159,"Coulirou, cru","viandes, oeufs, poissons",poissons crus,70.9,17.5,0,0.1,0,0,,0.15,50,0.4,30,614,,,,,0,,,,,
26161,"Saumon, sauvage, cru","viandes, oeufs, poissons",poissons crus,166,21,0,9.17,0,0,1.92,0.12,13.5,0.66,29.2,436,0.58,27,12.2,19.5,0,4.3,13.1,4.84,,1.44
26162,"Requin, cru","viandes, oeufs, poissons",poissons crus,115,20.8,1.34,2.91,0,0,0.68,0.2,33,1.12,37,355,0.43,,,70,0,0.6,3,1.49,,0.85
26166,"Orphie commune, crue","viandes, oeufs, poissons",poissons crus,145,20,3.06,5.91,0,0,2.01,0.21,73,0.73,27.5,377,0.77,30.9,20,7,1.5,5,1,2,0.071,1.54
26168,"Lompe, crue","viandes, oeufs, poissons",poissons crus,168,10,0,14.2,0,0,3.01,0.17,20,0.5,,485,,16.5,50,11,0,3.9,,,,2.04
26170,"Brème, cru","viandes, oeufs, poissons",poissons crus,108,16.9,1.03,4,0,0,0.78,0.11,63,0.44,26,350,0.42,24,7,14,0,5.5,,,0.094,
26171,"Omble chevalier, cru","viandes, oeufs, poissons",poissons crus,103,19.8,0,2.7,0,0,2.2,0.14,8.8,0.49,30,370,0.67,16,,,0,9,,,,
26172,"Loup tacheté, cru","viandes, oeufs, poissons",poissons crus,108,16.3,0,4.8,0,0,0.96,0.26,35,1,25,282,,,60,18,0,1.3,1,2.2,0.027,1.29
26173,"Sprat, cru","viandes, oeufs, poissons",poissons crus,189,19.8,0.57,11.9,0,0,3.32,,,0.59,20,230,1.02,10,,150,0,,,,0.42,2.14
26174,"Turbot, cru","viandes, oeufs, poissons",poissons crus,85.5,17.9,0,1.55,0,0,0.19,0.23,49,0.25,23,415,,,35,11.7,1.7,,16,1.05,0.01,0.16
26175,"Corégone lavaret ou lavaret, cru","viandes, oeufs, poissons",poissons crus,115,20.5,0,3.72,0,0,0.87,0.13,43,0.44,31.5,349,0.77,16,12,22,0,7.5,15,1,0.14,1.26
26178,"Mérou, cru","viandes, oeufs, poissons",poissons crus,85.2,18.6,0.72,0.86,0,0,0.2,0.13,19,0.6,31,483,0.49,,,43,0,,9,0.6,,0.247
26194,"Lingue bleue, crue","viandes, oeufs, poissons",poissons crus,79.6,18.9,0,0.44,0,0,0.095,0.23,3.96,0.26,26.8,302,0.4,23.2,9.82,3.7,,0.25,,0.64,0.001,0.151
26200,"Sole tropicale ou sole-langue, crue","viandes, oeufs, poissons",poissons crus,70.3,15.7,0.53,0.58,0,0,0.18,0.35,15.6,0.22,20.1,125,0.29,30.6,21.7,1,,0.25,,0.92,0.001,0.093
26201,"Turbot, élevage, cru","viandes, oeufs, poissons",poissons crus,109,18.3,0,3.94,0,0,0.57,0.19,10.2,0.16,24.9,306,0.65,17.7,24.2,9.6,,0.71,,1.25,0.017,0.46
26205,"Bar commun ou loup (Méditerranée), sauvage, cru","viandes, oeufs, poissons",poissons crus,97.9,20.1,0,1.94,0,0,0.49,0.18,1.56,0.4,28.3,371,0.43,25.4,23.3,5.6,,3.65,,4.16,0.008,0.41
26206,"Bar commun ou loup (Méditerranée), élevage, cru","viandes, oeufs, poissons",poissons crus,124,21.4,0,4.25,0,0,1.04,0.12,5.6,0.39,32.3,430,0.41,7.57,9.36,14.7,,2.31,,4.33,0.038,0.94
26208,"Baudroie rousse ou Lotte, crue","viandes, oeufs, poissons",poissons crus,70.2,16.7,0,0.37,0,0,0.084,0.32,1.02,0.26,28.7,339,0.44,414,41.2,27.5,,0.33,,0.46,0.001,0.102
26210,"Sébaste du nord ou grand sébaste, ou dorade sébaste, ou daurade sébaste, crue","viandes, oeufs, poissons",poissons crus,89.5,18.8,0,1.6,0,0,0.31,0.18,12.5,0.26,27.5,333,0.33,28.3,21.7,6.9,0,3.96,9,1.78,0.006,0.317
26213,"Hoki, tout lieu de pêche, cru","viandes, oeufs, poissons",poissons crus,92.3,17.8,0,2.36,0,0,0.53,0.18,6.46,0.23,28.2,345,0.26,27.8,13.5,18.7,,2.49,,1.11,0.009,0.243
26214,"Hoki de Nouvelle-Zélande, cru","viandes, oeufs, poissons",poissons crus,75.5,15.6,0,1.46,0,0,0.26,0.14,8,0.84,20,306,0.23,47,,,0.3,0.004,20,0.7,,
26219,"Grondin perlon, cru","viandes, oeufs, poissons",poissons crus,97.4,20.3,0,1.79,0,0,,0.14,,,,,,37.2,,,,,,,,
26223,"Saumon argenté du Pacifique (coho), cru","viandes, oeufs, poissons",poissons crus,147,21.4,0,6.8,0,0,1.54,0.12,24,0.45,31,437,0.42,,,48,1.05,9,11,3.42,,1.15
26233,"Merlu blanc du Cap, surgelé, cru","viandes, oeufs, poissons",poissons crus,78,16.1,0,1.52,0,0,0.51,0.28,32,0.4,,,,29,,,,,,,0.02,
26235,"Chinchard maigre, cru","viandes, oeufs, poissons",poissons crus,96.7,18.7,0,2.42,0,0,0.66,0.16,20.1,0.96,31.7,386,0.36,16.6,37.3,4,,41.2,,6.99,0.009,0.48
26236,"Chinchard gras, cru","viandes, oeufs, poissons",poissons crus,147,19.6,0,7.66,0,0,1.79,0.14,5.72,0.85,31.7,382,0.38,42.8,20.8,4.7,,48.5,,7.5,0.042,0.99
26237,"Hareng maigre, cru","viandes, oeufs, poissons",poissons crus,111,18.3,0,4.22,0,0,0.83,0.19,23.8,0.87,36.2,450,0.49,18.6,5.5,6.1,,9.59,,8.47,0.027,0.48
26238,"Hareng gras, cru","viandes, oeufs, poissons",poissons crus,175,18.7,0.77,10.8,0,0,2.23,0.13,47.7,0.88,32.7,421,0.44,25.4,8.94,11.7,0.5,8.36,10,8.28,0.12,1.28
26240,"Joëls (petits poissons entiers) pour friture, crus","viandes, oeufs, poissons",poissons crus,88.9,17.5,0,2.1,0,0,0.4,0.27,60,0.9,,,,,,,,,,,,
26241,"Empereur, filet, sans peau, cru","viandes, oeufs, poissons",poissons crus,73.5,15,0,1.5,0,0,0.3,0.21,,,,,,,,,,,,,,
26244,"Rouget-barbet, filet avec peau, surgelé, cru (Thaïlande,Vietnam, Sénégal…)","viandes, oeufs, poissons",poissons crus,96.7,16.3,0,3.5,0,0,0.9,0.2,14,0.3,,,,,,,,,,,,
27003,"Carpe,  élevage, crue","viandes, oeufs, poissons",poissons crus,114,17.7,0,4.76,0,0,1.28,0.077,29.2,1.58,23.7,310,0.58,20,18.3,3.5,1.3,3.84,16,3.16,0.13,0.118
27008,"Truite ou truite fario, élevage, crue","viandes, oeufs, poissons",poissons crus,133,19.3,0,6.22,0,0,1.25,0.1,17.1,0.5,27.5,410,0.44,9.75,9.23,13.5,,5.92,9.23,2.54,0.28,0.95
27009,"Truite arc en ciel, élevage, crue","viandes, oeufs, poissons",poissons crus,132,19,0,6.24,0,0,1.15,0.11,41.7,0.46,28.7,410,0.61,17.6,8.1,49,0,12.1,12.8,4.33,0.066,0.83
27010,"Perche ou perche européenne, crue","viandes, oeufs, poissons",poissons crus,84.6,17.9,0.6,1.19,0,0,0.28,0.14,70.8,0.58,28.5,290,0.66,24,13,15,2.9,5.75,11,2,0.02,0.107
27011,"Brochet, cru","viandes, oeufs, poissons",poissons crus,87.7,18.8,1,0.94,0,0,0.26,0.13,33,0.9,21,228,0.97,12.7,15.3,21,3.6,4.33,15,2,0.011,0.107
27012,"Esturgeon d’Europe occidentale, cru","viandes, oeufs, poissons",poissons crus,127,17.7,0.87,5.84,0,0,1.34,0.12,15.6,0.62,40.9,307,0.63,,,210,0,10.3,15,1.74,0.046,0.373
27016,"Anguille, crue","viandes, oeufs, poissons",poissons crus,240,16.1,2.06,18.6,0,0,4.25,0.16,23.6,0.71,18,260,2.27,28.7,36.3,1280,1.6,16,13.8,2.8,0.2,1.17
27017,"Pangas, poisson-chat, machoiron, cru","viandes, oeufs, poissons",poissons crus,65.2,13.5,0,1.27,0,0,0.47,0.68,36.7,0.21,17.6,200,0.24,9.6,7.95,1,0,0.25,10,0.3,0.005,0.019
27019,"Tilapia, cru","viandes, oeufs, poissons",poissons crus,91.6,18.1,0,2.13,0,0,0.56,0.071,8.16,0.27,25.4,282,0.32,17.8,6.38,1,0,19.6,24,1.07,0.028,0.082
27021,"Truite saumonée, crue","viandes, oeufs, poissons",poissons crus,143,19.2,0,7.4,0,0,1.2,0.2,46.7,0.52,30.5,346,0.61,14.8,8.89,20,0,18.7,22,4.7,,
27023,"Lotte de rivière, crue","viandes, oeufs, poissons",poissons crus,77,17.8,0,0.66,0,0,0.17,0.22,44,0.65,26.5,337,0.65,20,40,5.5,0,0.5,1,0.8,0.012,0.166
27024,"Sandre, cru","viandes, oeufs, poissons",poissons crus,87.2,18.3,1.06,1.08,0,0,0.3,0.12,54,0.3,29,340,0.4,20,21.5,0,1,0.7,,,0.013,0.348
27025,"Perche du Nil, crue","viandes, oeufs, poissons",poissons crus,82.4,19.1,0,0.68,0,0,0.22,0.14,4.96,0.26,26.8,308,0.35,30.6,6.54,7,,0.46,,1.17,0.006,0.1
10000,"Bigorneau, cuit","viandes, oeufs, poissons",mollusques et crustacés cuits,109,16.3,3.01,3.5,0,0,0.26,0.48,0.1,0.005,310,0.15,0.025,10,570,10.5,0.25,0.125,32.7,60.7,0.29,0.035
10004,"Coquille Saint-Jacques, noix et corail, cuite","viandes, oeufs, poissons",mollusques et crustacés cuits,110,20.2,3.22,1.77,0,0,0.32,0.46,17.1,1.4,62.8,348,2.89,61.4,20,2,0,0,19,8.39,0.011,0.24
10006,"Crevette grise, cuite","viandes, oeufs, poissons",mollusques et crustacés cuits,89.4,19.4,0.47,1.1,0,0,0.31,1.47,1000,0.79,53,97,2.4,40,260,10.5,0.25,0.125,33.5,12.6,0.005,0.41
10007,"Crevette, cuite","viandes, oeufs, poissons",mollusques et crustacés cuits,91.3,20.5,0.2,0.79,0,0,0.25,1.61,177,2.24,50,253,0.97,28.8,26.3,5.75,1,0.125,14.6,1.52,0.006,0.115
10009,"Homard, bouilli/cuit à l'eau","viandes, oeufs, poissons",mollusques et crustacés cuits,90.9,19.6,0.11,1.32,0,0,0.21,0.9,68.8,0.63,34.2,208,2.96,1.1,120,1,0,0,12.3,1.64,0.055,0.31
10013,"Moule, bouillie/cuite à l'eau","viandes, oeufs, poissons",mollusques et crustacés cuits,108,17.2,5.12,2.09,0,0,0.37,0.8,59.4,3.99,66.6,166,2.85,55.7,106,98.4,5.87,0.17,48,17.6,0.013,0.51
10020,"Bulot ou buccin, cuit","viandes, oeufs, poissons",mollusques et crustacés cuits,97.7,20.7,2.69,0.47,0,0,0.072,0.97,64.5,0.64,144,173,1.58,31.4,114,1,3.4,0.25,7.67,4.61,0.002,0.079
10022,"Langouste, bouillie/cuite à l'eau","viandes, oeufs, poissons",mollusques et crustacés cuits,106,21.8,1.3,1.52,0,0,0.26,0.46,65.5,1.36,51,208,7.27,,65,10.5,2.1,0.5,1,4.04,,0.37
10025,"Crabe ou tourteau, bouilli/cuit à l'eau","viandes, oeufs, poissons",mollusques et crustacés cuits,124,19.5,1.79,4.29,0,0,0.55,1.23,53,1.62,55,248,4.42,39.6,100,26,3.6,0,25.5,6.79,0.11,0.89
10027,"Clam, praire ou palourde, bouilli/cuit à l'eau","viandes, oeufs, poissons",mollusques et crustacés cuits,99.2,16.2,5.33,1.48,0,0,0.14,1.56,72.5,9.67,12.9,432,2.05,51.8,80,81,22.1,0,20.1,39.5,,0.3
10031,"Écrevisse, cuite","viandes, oeufs, poissons",mollusques et crustacés cuits,73.5,16.3,0.56,0.7,0,0.125,0.17,0.21,73,0.65,26,140,1.5,25,10,10.5,0.5,0.25,17.7,4.87,0.04,0.075
10033,"Crevette bouquet, sauvage, cuite","viandes, oeufs, poissons",mollusques et crustacés cuits,103,22.8,0,1.27,0,0,0.22,0.47,35.4,0.2,29.7,318,1.32,20.4,14.1,1,,0.25,,1.77,0.006,0.27
10034,"Coque, cuite","viandes, oeufs, poissons",mollusques et crustacés cuits,86.9,13.6,5.64,1.1,0,0,0.29,0.96,208,14,63.1,139,1.4,63,163,8,1,0.3,12,38,0.028,0.209
10037,"Calmar ou calamar ou encornet, bouilli/cuit à l'eau","viandes, oeufs, poissons",mollusques et crustacés cuits,149,32.5,1.64,1.4,0,0,0.24,1.86,180,5.77,60,637,3.46,,,203,8.5,,24,5.4,,0.208
10043,Fruits de mer (aliment moyen),"viandes, oeufs, poissons",mollusques et crustacés cuits,103,19.5,2.47,1.66,0.003,0.004,0.32,1.29,128,3.74,64.6,319,6.92,38.9,110,69.8,5,0.17,23.2,12.4,0.017,0.28
10044,"Langoustine, bouillie/cuite à l'eau","viandes, oeufs, poissons",mollusques et crustacés cuits,92.6,20.9,0,0.98,0,0,0.14,0.67,84,1.28,45,283,1.7,55.6,394,1,,0.25,,3.35,0.002,0.149
10057,"Araignée de mer, bouillie/cuite à l'eau","viandes, oeufs, poissons",mollusques et crustacés cuits,108,18.3,0.16,3.8,0,0,1.14,0.96,230,2,64,260,5.9,110,80,10.5,0.25,0.125,95.1,9.13,0.01,0.87
10061,"Crevette blanche ou crevette tropicale (rose), élevage, cuite","viandes, oeufs, poissons",mollusques et crustacés cuits,97.5,22.1,0.14,0.93,0,0,0.33,1.79,109,1.64,43.5,288,1.38,31.8,4.12,1,,0.25,,6.62,0.005,0.163
10062,"Crevette tropicale (tigrée), élevage, cuite","viandes, oeufs, poissons",mollusques et crustacés cuits,101,22.6,0.75,0.83,0,0,0.27,1.63,44.4,0.34,49,291,2,43.8,22.1,1,,0.36,,1.85,0.004,0.134
10064,"Crevette tropicale (rose), cuite (Penaeus brasiliensis)","viandes, oeufs, poissons",mollusques et crustacés cuits,117,26.6,0,1.18,0,0,0.25,0.34,81.1,0.84,54.3,207,1.99,52.2,40.9,1,,0.25,,2.46,0.002,0.168
10079,"Poulpe, cuit","viandes, oeufs, poissons",mollusques et crustacés cuits,156,29.8,4.4,2.08,0,0,0.45,1.15,106,9.54,60,630,3.36,,,0,8,0,24,36,,0.31
10080,"Fruits de mer, mélange ou cocktail, surgelés, cuits","viandes, oeufs, poissons",mollusques et crustacés cuits,79.5,13.5,2.83,1.57,0,0,0.45,0.99,70,8.48,,,,,,,,,,,0.01,
10084,"Calmar ou calamar ou encornet, frit ou poêlé avec matière grasse","viandes, oeufs, poissons",mollusques et crustacés cuits,173,17.9,8.45,7.48,0,0,1.88,0.77,39,1.01,38,279,1.74,,,11,4.2,,5,1.23,,0.54
10086,"Crevettes, décortiquées, cuites, réfrigérées, préemballées","viandes, oeufs, poissons",mollusques et crustacés cuits,92.5,18.3,2.6,1.02,0.1,0.055,0.18,1.8,,,,,,,,,,,,,,
10088,"Ecrevisses, décortiquées, cuites, réfrigérées, préemballées","viandes, oeufs, poissons",mollusques et crustacés cuits,82.7,18.6,0.1,0.9,0.13,0.06,0.32,1.2,,,,,,,,,,,,,,
10089,"Crevettes grises, décortiquées, cuites, réfrigérées, préemballées","viandes, oeufs, poissons",mollusques et crustacés cuits,91.7,20.7,0.083,1,0,0.083,0.2,2.05,,,,,,,,,,,,,,
10099,"Escargot, cuit","viandes, oeufs, poissons",mollusques et crustacés cuits,84.7,16.6,1.39,1.4,0,0.15,0.31,0.27,,,,,,,,,,,,,0.04,0.04
10100,"Crevette sauvage, cuite","viandes, oeufs, poissons",mollusques et crustacés cuits,97.3,22,0.04,1.01,0,0,0.35,1.93,,,,,,,,,,,,,,
10101,"Crevette, élevage, cuite (aliment moyen)","viandes, oeufs, poissons",mollusques et crustacés cuits,100,22.5,0.64,0.85,0,0,0.28,1.66,56,0.58,48,291,1.89,41.6,18.9,1,,0.34,,2.71,0.005,0.14
34501,"Grenouille, cuisse, grillée/poêlée","viandes, oeufs, poissons",mollusques et crustacés cuits,95.7,21.9,0.015,0.9,0,0,0.3,0.22,39,0.52,22,110,0.56,25,10,10.5,,1.12,2.5,2.29,0.019,0.036
10001,"Calmar ou calamar ou encornet, cru","viandes, oeufs, poissons",mollusques et crustacés crus,77,14.4,2.17,1.19,0,0,0.28,0.61,17.5,0.2,44.2,227,1.13,23.8,12.8,2,4.7,0.36,11,3.15,0.002,0.39
10003,"Coquille Saint-Jacques, noix et corail, crue","viandes, oeufs, poissons",mollusques et crustacés crus,83,17,0.78,1.31,0,0,0.19,0.48,220,1.16,51.4,388,2.91,21.4,42.6,2,0,0.25,17,4.99,0.009,0.26
10008,"Escargot, cru","viandes, oeufs, poissons",mollusques et crustacés crus,77.9,16.1,1.29,0.92,0,0,0.19,0.35,90,2.6,48.3,35,1.17,,6,30,15,0.25,8.5,0.92,0.016,0.12
10010,"Homard, cru","viandes, oeufs, poissons",mollusques et crustacés crus,85.5,17.9,0.94,1.15,0,0,0.2,0.9,68.8,0.45,34.2,204,2.96,1.1,240,11,2.5,0,12,3.78,0.029,0.273
10011,"Huître, sans précision, crue","viandes, oeufs, poissons",mollusques et crustacés crus,67.2,8.64,3.86,1.91,0,0,0.34,1.45,92.7,2.18,90.2,175,22.5,23.5,101,14.2,5.13,0.25,12.5,28.6,0.012,0.221
10014,"Moule commune, crue","viandes, oeufs, poissons",mollusques et crustacés crus,71.8,11.2,2.69,1.82,0,0,0.44,0.85,51.5,6.78,31,276,2.36,48.3,138,60,6.4,0,39.5,12.3,0.022,0.3
10015,"Langouste, crue","viandes, oeufs, poissons",mollusques et crustacés crus,86.9,17.7,1.07,1.34,0,0,0.25,0.45,60.6,1.12,30.3,340,5.69,,65,15,2,,1,3.5,,0.314
10016,"Seiche, crue","viandes, oeufs, poissons",mollusques et crustacés crus,76.3,16.2,0.51,1.05,0,0,0.37,0.93,37.1,2.74,31,351,1.81,65,21,25,5.3,0,14,2.5,0.01,0.29
10017,"Clam, praire ou palourde, cru","viandes, oeufs, poissons",mollusques et crustacés crus,80.5,11.5,2.66,2.65,0,0,0.21,0.82,46,7.81,19,180,0.96,,80,53,13,0,10.5,11.3,0.015,0.107
10018,"Poulpe, cru","viandes, oeufs, poissons",mollusques et crustacés crus,60.1,12.9,0.97,0.5,0,0,0.16,0.68,50.1,2.32,33,265,2.36,38,20.3,20,5,0.5,14,15,0.001,0.121
10019,"Bulot ou buccin, cru","viandes, oeufs, poissons",mollusques et crustacés crus,131,23.8,7.61,0.57,0,0,0.16,0.52,57,5.02,86,347,1.62,,,26,4,0,6,9.07,0.006,0.01
10021,"Crevette, crue","viandes, oeufs, poissons",mollusques et crustacés crus,99,19.7,3.21,0.84,0,0,0.22,0.45,84.8,3.21,49.8,278,2.81,34,120,,0,0.1,19,1,0.006,
10024,"Langoustine, crue","viandes, oeufs, poissons",mollusques et crustacés crus,89.8,19.1,1.53,0.79,0,0,0.27,0.72,41.5,2.92,43.3,505,3.4,55,141,0,3,0,17,0.9,0.022,0.265
10026,"Moule de Méditerranée, crue","viandes, oeufs, poissons",mollusques et crustacés crus,68.7,10.7,2.77,1.67,0,0,,,88,10.9,44,382,4.6,,,,,,,,,
10030,"Écrevisse, crue","viandes, oeufs, poissons",mollusques et crustacés crus,68.3,14.8,0.81,0.64,0,0,0.11,0.39,53.5,1.71,25.5,300,1.18,70,68,11,1.7,0.25,26,2.2,0.015,0.147
10035,"Huître creuse, crue","viandes, oeufs, poissons",mollusques et crustacés crus,67.2,8.64,3.86,1.91,0,0,0.34,1.41,81,2.07,78.1,215,21.8,14.9,101,14.2,6.5,0.25,6.5,28.6,0.012,0.221
10036,"Huître plate, crue","viandes, oeufs, poissons",mollusques et crustacés crus,53.5,10.2,1.16,0.9,0,0,0.17,1.28,186,6,,260,45,,,75,0,0.54,10,,,
10038,"Crevette, surgelée, crue","viandes, oeufs, poissons",mollusques et crustacés crus,105,23.4,0.74,0.9,0.25,0,0.17,0.6,,,,,0.9,,,2,0,,13,,,
10039,"Crabe, cru","viandes, oeufs, poissons",mollusques et crustacés crus,104,19.5,0.027,2.86,0,0,0.46,0.69,84,1.67,42.5,268,7.7,82,60,2,2.5,0,25.9,9.55,0.03,0.47
10041,"Ormeau, cru","viandes, oeufs, poissons",mollusques et crustacés crus,99.6,14.4,8.69,0.83,0,0,0.15,0.47,31,5.9,48,215,0.82,,,2,2,0,5,0.73,,0.049
10045,"Coquille Saint-Jacques, noix, crue","viandes, oeufs, poissons",mollusques et crustacés crus,83.6,17.9,1.15,0.84,0,0,0.094,0.34,11.9,0.58,44,392,1.56,7.7,28,1,,0.25,,2,0.001,0.131
10048,"Pecten d'Amérique ou peigne du Canada, noix, crue","viandes, oeufs, poissons",mollusques et crustacés crus,81.3,17.3,1.78,0.54,0,0,,,22,,,,,,,,,,,,0.001,0.32
10049,"Pétoncle ou peigne du Pérou, noix, crue","viandes, oeufs, poissons",mollusques et crustacés crus,88.7,17.5,3.1,0.7,0,0,0.3,0.38,,,,,,,,,,,,,,
10074,"Bigorneau, cru","viandes, oeufs, poissons",mollusques et crustacés crus,,,0,1.84,0,0,0.59,,,,,,,,67,,,4.3,,,0.057,0.293
34500,"Grenouille, cuisse, crue","viandes, oeufs, poissons",mollusques et crustacés crus,70,16.2,0.66,0.28,0,0,0.073,0.14,18.5,2.58,21.5,302,1.5,,6,15,5,0.35,12.5,0.4,,0.034
8059,"Rillettes de crabe, préemballées","viandes, oeufs, poissons",produits à base de poissons et produits de la mer,210,9.16,4.61,16.6,2.61,1.74,1.79,1.36,,,,,,,,,,,,,1.18,
8080,"Rillettes de poisson, préemballées","viandes, oeufs, poissons",produits à base de poissons et produits de la mer,242,13.9,0,20.7,0,0.3,4.24,0.96,26,0.55,22,200,0.39,30,10,41.8,0.25,2.58,11.7,3.57,0.93,1.08
8081,"Rillettes de saumon, préemballées","viandes, oeufs, poissons",produits à base de poissons et produits de la mer,242,12.9,2.77,19.6,1.2,1.52,3.63,1.29,14,0.4,21,222,0.4,20,10,6,,2.5,19,2.15,0.98,1.69
8082,"Rillettes de thon, préemballées","viandes, oeufs, poissons",produits à base de poissons et produits de la mer,235,13.6,1.88,18.8,1.69,1.17,2.72,1.15,18.4,0.7,25.5,202,0.5,8,6,5,,1.2,27,2.6,0.79,0.71
8083,"Rillettes de maquereau, préemballées","viandes, oeufs, poissons",produits à base de poissons et produits de la mer,246,11,1,22,0,0,,,,,,,,,,,,,,,,
8290,"Tarama, au saumon fumé, préemballé","viandes, oeufs, poissons",produits à base de poissons et produits de la mer,501,7.7,4.74,50,0.38,0.68,4.12,1.33,,,,,,,,,,,,,,
8291,"Terrine de poisson, préemballée","viandes, oeufs, poissons",produits à base de poissons et produits de la mer,205,9.01,4.21,16.7,1.36,1.59,2.77,1.16,36,,,,,,,,,,,,,
8292,"Terrine de fruits de mer (par ex. de Saint-Jacques), avec ou sans poisson, préemballée","viandes, oeufs, poissons",produits à base de poissons et produits de la mer,190,9.13,7.89,13.3,1.2,1.74,2.5,1.25,30.5,0.4,19,210,0.4,13,25,15,0.25,1.2,23,1.05,0.71,0.79
8293,"Tarama, aux oeufs de cabillaud, préemballé","viandes, oeufs, poissons",produits à base de poissons et produits de la mer,518,6.11,4.01,53,0.48,0.62,4.31,1.53,8.5,0.4,6.6,80.9,0.7,2.5,10,9.42,0.25,0.96,8,2.7,4.32,0.73
10002,"Calmar ou calamar ou encornet, à la romaine (beignet), préemballé","viandes, oeufs, poissons",produits à base de poissons et produits de la mer,229,8.69,26.7,9.5,1,2.5,1,2.13,32.1,0.5,20.4,88.8,0.5,1.5,18.8,3.08,0,0.1,11.5,1.2,0.036,0.137
10005,"Crabe, miettes et ou pattes décortiquées, appertisé, égoutté","viandes, oeufs, poissons",produits à base de poissons et produits de la mer,97.8,18.1,4.16,0.96,0,0,0.19,1.64,120,3.15,32,105,8.8,48.9,60,0,0,0,20,13.5,0.008,0.33
10012,"Langoustine, panée, frite","viandes, oeufs, poissons",produits à base de poissons et produits de la mer,282,10.9,29,13.6,0,0,1.5,1.65,,1.7,24,130,0.6,17,41,0,0,0,0,1,,0.3
10023,Beignet de crevette,"viandes, oeufs, poissons",produits à base de poissons et produits de la mer,260,6.5,35.5,10,1,11,0.5,1.9,77,1,18.1,102,0.5,41.7,22,0,,,,,,0.111
10028,"Moules, au naturel, appertisées, égouttées","viandes, oeufs, poissons",produits à base de poissons et produits de la mer,97.6,16.1,2.6,2.1,1.95,0.52,0.7,1.71,57,8.44,42,98,3.56,57.2,189,21.1,0,0,27,10.2,0.02,0.9
10042,"Escargot en sauce au beurre persillé, préemballé, cuit","viandes, oeufs, poissons",produits à base de poissons et produits de la mer,275,12.9,1.75,23.7,1.25,0,14.8,1.66,,2.5,35,89,1.2,25,10,131,,0.25,14.1,0.26,0.11,0.027
10081,"Moules à la sauce catalane ou escabèche (tomate), appertisée, égouttée","viandes, oeufs, poissons",produits à base de poissons et produits de la mer,75.4,9.6,4.9,1.65,1.25,3,0.58,1.09,,,,,,,,,,,,,0.006,
25433,"Accra de poisson, préemballé","viandes, oeufs, poissons",produits à base de poissons et produits de la mer,275,12.4,15.1,17.6,3,2.55,2.3,1.24,55.3,1.1,18,216,0.8,18,20,7.5,0.5,0.25,33,0.43,0.014,0.013
25537,"Carpaccio de saumon avec marinade, fait maison","viandes, oeufs, poissons",produits à base de poissons et produits de la mer,238,16.9,0.22,18.8,0.26,,2.89,0.58,14.9,0.64,24.7,279,0.55,19.5,37.9,13.6,4.21,4.23,16.3,4.33,,0.97
25992,"Saumon fumé, aux cinq baies","viandes, oeufs, poissons",produits à base de poissons et produits de la mer,199,22.6,1.44,11.4,0,0.56,2.39,2.89,,,,,,,,,,,,,,
25993,"Saumon fumé, à l'aneth et au citron","viandes, oeufs, poissons",produits à base de poissons et produits de la mer,201,21.2,0.37,12.8,0,0.37,1.93,2.67,,,,,,,,,,,,,,
25994,"Maquereau, filet grillé, appertisé, en sauce, égoutté","viandes, oeufs, poissons",produits à base de poissons et produits de la mer,259,18.8,0.96,19.7,0.6,0.78,4.02,0.92,34.6,1.1,31.9,282,1,43.4,6.5,27.1,1,9.35,7.55,7.2,0.27,2.96
25998,"Hareng fumé, doux","viandes, oeufs, poissons",produits à base de poissons et produits de la mer,163,18.1,0.44,9.9,0.5,0.24,2.24,3.78,62,0.7,39,380,0.51,30,10,10.5,0.25,17.7,10.8,13.4,0.07,1.05
25999,"Anchois, filets, roulés aux câpres, salés, à l'huile, semi-conserve, égouttés","viandes, oeufs, poissons",produits à base de poissons et produits de la mer,195,22.9,1.56,10.6,0.98,,1.5,13.9,,,,,,,,,,,,,0.028,0.03
26000,"Anchois, filets, marinés à l'huile, semi-conserve, égouttés","viandes, oeufs, poissons",produits à base de poissons et produits de la mer,167,20.6,0.47,9.08,0.25,0,1.69,2.52,,,,,,,,,,,,,,
26002,"Carrelet ou plie ou plie commune, pané, frit","viandes, oeufs, poissons",produits à base de poissons et produits de la mer,271,14.3,15.2,16.8,1,0,2,0.59,50,0.52,21.2,222,0.71,13,22,0,0,0,27,0,,
26004,"Oeufs de lompe ou oeufs de lump, semi-conserve","viandes, oeufs, poissons",produits à base de poissons et produits de la mer,77.8,10.4,1.01,3.48,0.4,0.17,1.28,4.56,11.6,0.4,3,68.4,0.8,8,60,13,0.25,2.65,25,5.45,0.028,1.48
26005,"Caviar, semi-conserve","viandes, oeufs, poissons",produits à base de poissons et produits de la mer,254,25,0,17.1,0,0,3.21,,,,,,0.8,8,117,,,,25,5.45,,3.13
26010,"Hareng mariné ou rollmops, préemballé","viandes, oeufs, poissons",produits à base de poissons et produits de la mer,189,13.7,1.95,13.8,0,0.88,1.98,2.18,77,1.22,8,69,0.53,46,47,35.8,0,13.2,2,4.27,0.25,1.23
26013,"Hareng fumé, au naturel","viandes, oeufs, poissons",produits à base de poissons et produits de la mer,167,16.5,0.5,11,0,0,2.76,3.98,62.4,1,34.8,226,0.6,28,40,12,0,22,12,11.8,0.12,4.09
26016,"Limande-sole, panée, frite","viandes, oeufs, poissons",produits à base de poissons et produits de la mer,206,16.7,11.9,10.2,0,1,1.3,0.69,,,,,0.5,73,25,0,,,13,1,,0.169
26027,"Pilchard, sauce tomate, appertisé, égoutté","viandes, oeufs, poissons",produits à base de poissons et produits de la mer,157,13,1.5,11,0,1,3,1,250,2.5,29,310,1.3,30,64,7,0,14,0,13,0.07,3.14
26028,"Nuggets ou croquette panée de poisson, préemballé","viandes, oeufs, poissons",produits à base de poissons et produits de la mer,255,13.2,18.4,13.7,2.5,1.07,2.45,1.04,31.1,0.7,22.3,259,0.41,2.13,48.7,2,0,0,32.2,1.54,0.067,0.3
26029,"Poisson pané, surgelé, cru","viandes, oeufs, poissons",produits à base de poissons et produits de la mer,163,11,15.6,6.14,0.9,2.2,1.3,0.69,68.7,0.96,29,322,0.53,,110,0,0,0,,1,0.19,0.102
26030,"Poisson pané, frit","viandes, oeufs, poissons",produits à base de poissons et produits de la mer,194,11.9,13.5,10,0.8,0.37,2.15,0.84,15.1,0.44,32.4,286,0.39,6.24,5,16,0.25,0,29,1.95,0.031,0.42
26034,"Sardine, à l'huile, appertisée, égouttée","viandes, oeufs, poissons",produits à base de poissons et produits de la mer,217,23.3,0.31,13.7,0,0,3.06,0.88,333,1.97,38.5,368,1.89,35,80.1,4.7,0,7.56,10.7,13.6,0.18,1.67
26035,"Sardine, sauce tomate, appertisée, égouttée","viandes, oeufs, poissons",produits à base de poissons et produits de la mer,194,20.2,1.83,11.6,1,0.5,3.04,0.7,378,2.6,32.5,393,1.8,37.7,45.1,4,0,12.5,14.5,9.88,0.23,2.77
26037,Saumon fumé,"viandes, oeufs, poissons",produits à base de poissons et produits de la mer,184,22.2,0.13,10.5,0.26,0.13,1.81,2.86,5.97,0.16,38.3,551,0.24,5,40,15.3,0,5.45,10,3.35,0.25,1.42
26039,"Thon, au naturel, appertisé, égoutté","viandes, oeufs, poissons",produits à base de poissons et produits de la mer,143,26.8,0,3.94,0,0,1.01,0.74,6.26,0.76,24,207,0.45,305,16,6.5,0,5.08,16.3,2.53,0.012,1.07
26040,"Sardine, à l'huile d'olive, appertisée, égouttée","viandes, oeufs, poissons",produits à base de poissons et produits de la mer,224,23.3,0.11,14.5,0,0,3.07,0.79,432,2.5,44,412,1.8,42.3,21.2,8,0,10.3,8.55,20,0.091,1.77
26046,"Surimi, bâtonnets, tranche ou râpé saveur crabe","viandes, oeufs, poissons",produits à base de poissons et produits de la mer,117,7.54,11.8,4.33,0.73,2.71,0.41,1.77,19,0.4,11.5,51.8,0.19,9.23,10,28,0,0.25,2,0.71,0.3,0.308
26056,"Oeufs de cabillaud, fumés, semi-conserve","viandes, oeufs, poissons",produits à base de poissons et produits de la mer,154,29,0.1,4.2,0,,0.56,2.04,10.6,1.13,14,273,6.03,,173,8.7,,27.2,,,0,1.21
26077,"Thon germon ou thon blanc, cuit à la vapeur sous pression","viandes, oeufs, poissons",produits à base de poissons et produits de la mer,165,30,0,5.06,0,0,1.35,0.1,1.33,1.01,34.3,390,0.54,,40,4,,,,,,0.197
26086,"Maquereau, filet sauce tomate, appertisé, égoutté","viandes, oeufs, poissons",produits à base de poissons et produits de la mer,240,17.7,5.5,16.3,0.1,1.9,3.37,0.58,61.3,1.03,24.3,315,1,37.4,63.8,36.8,0,3.93,10.3,7.5,0.22,2.44
26087,"Maquereau, fumé","viandes, oeufs, poissons",produits à base de poissons et produits de la mer,289,19.8,0.92,22.9,0,0,5.26,1.54,19,1.1,32.4,304,0.72,33.5,109,39,0,7.85,13.3,7.3,1.01,3.74
26090,Haddock (fumé) ou églefin fumé,"viandes, oeufs, poissons",produits à base de poissons et produits de la mer,97,22.6,0,0.73,0,0,0.17,1.91,49,1.4,54,415,0.5,28,255,24,0,0.8,15,1.6,0.023,0.249
26096,"Maquereau, filet sauce moutarde, appertisé, égoutté","viandes, oeufs, poissons",produits à base de poissons et produits de la mer,218,20.8,1.5,14.2,0.67,0.83,3.92,1.01,22.9,1.3,26.7,180,0.4,2.5,20,38,,7.3,,8.2,0.25,4.5
26097,"Maquereau, filet au vin blanc, appertisé, égoutté","viandes, oeufs, poissons",produits à base de poissons et produits de la mer,202,17.8,1,14.1,0,0.5,2.92,0.97,184,0.84,17,165,1.02,28.8,14.4,19,0,5.44,,9.14,0.17,1.48
26098,"Morue, salée, sèche","viandes, oeufs, poissons",produits à base de poissons et produits de la mer,210,47.6,1.1,1.67,0,0,0.31,12.3,124,2.09,80.7,1300,1.07,,230,24.5,0,4,22.3,5.43,,0.272
26119,"Saumon, appertisé, égoutté","viandes, oeufs, poissons",produits à base de poissons et produits de la mer,144,21,4.9,4.5,0,0,0.81,1.02,181,0.53,33.5,280,0.75,30.7,49.3,71,0,18.1,12,3.55,0.052,1.25
26123,"Maquereau, filet (grillé ou non), au naturel, appertisé, égoutté","viandes, oeufs, poissons",produits à base de poissons et produits de la mer,221,18.8,0.018,16.2,0,0,3.74,0.86,38,1.1,23,200,0.8,70,10,51.9,0.25,4.56,8.37,10.5,0.25,3.36
26124,"Merlan, pané","viandes, oeufs, poissons",produits à base de poissons et produits de la mer,190,12.6,13,9.57,0.9,1.7,1.1,0.64,48,0.7,33,320,0,,,0,0,0,0,0,,
26142,"Foie de morue, appertisé, égoutté","viandes, oeufs, poissons",produits à base de poissons et produits de la mer,433,7.25,1,44.4,0,0,6.87,1.12,10,2.1,10.3,130,2,107,105,4170,4,54.3,188,14.4,0.28,7.14
26151,"Oeufs de truite, semi-conserve","viandes, oeufs, poissons",produits à base de poissons et produits de la mer,209,26.3,4,9.5,1,0.1,1.65,2.68,58,1.1,46,180,3.1,80,70,343,0.25,7.17,165,10.4,0.23,2.57
26152,"Lieu ou colin d'Alaska, fumé","viandes, oeufs, poissons",produits à base de poissons et produits de la mer,81.3,18.3,0,0.9,0,0,0.1,,,,,,,,,,,,,,,
26177,"Anchois, filets, salés, à l'huile, semi-conserve, égouttés","viandes, oeufs, poissons",produits à base de poissons et produits de la mer,199,24.9,0,11,0,0,1.64,14.4,,6.9,,215,1.7,,,55,0,4.6,8,,,
26179,"Thon germon ou thon blanc, à l'huile d'olive, appertisé, égoutté","viandes, oeufs, poissons",produits à base de poissons et produits de la mer,192,31.3,1.01,6.95,0,0,1.41,0.67,1,0.5,35.9,331,0.4,11,6,4,0,0.86,5,2.45,0.035,0.82
26180,"Thon à l'huile de tournesol, entier, appertisé, égoutté","viandes, oeufs, poissons",produits à base de poissons et produits de la mer,206,23.3,0.76,12.2,0,,1.34,0.93,12,0.77,32,220,0.65,90,10,10.5,,0.81,9.99,3.05,0.01,0.11
26181,"Thon albacore, au naturel, appertisé, égoutté","viandes, oeufs, poissons",produits à base de poissons et produits de la mer,127,24.8,3.67,1.46,0,0,0.44,0.78,1.5,1.3,26.1,245,0.4,68,1,22,,6.1,,2.05,0.005,0.472
26186,"Maquereau, mariné","viandes, oeufs, poissons",produits à base de poissons et produits de la mer,185,16.3,,13.3,0,,,2.29,14.6,0.6,13.6,90.8,0.25,16,,34.5,,7.3,12.4,,,
26231,"Sardine, filets sans arêtes à l'huile d'olive, appertisés, égouttés","viandes, oeufs, poissons",produits à base de poissons et produits de la mer,202,23.2,1.16,11.6,0,0,2.68,1.07,108,2.3,37,357,2,46,40,2.5,,7.4,,13.6,0.09,1.52
26232,"Hareng fumé, à l'huile","viandes, oeufs, poissons",produits à base de poissons et produits de la mer,168,15.1,2,11,0,0,3.12,4.08,59.2,0.9,27.4,173,0.5,17,20,12,,14.5,10,9.4,0.18,4.21
26239,"Surimi, fourré au fromage frais","viandes, oeufs, poissons",produits à base de poissons et produits de la mer,148,6.6,9.24,9.3,0.5,2.8,3.84,1.72,19,0.08,9.5,49,0.2,10,10,47.4,0.25,0.125,10.5,0.47,0.36,0.03
26242,"Thon à la tomate, miettes, appertisées, égouttées","viandes, oeufs, poissons",produits à base de poissons et produits de la mer,140,13,4.33,7.67,0.67,3.67,1.17,1.67,,,,,,,,,,,,,0.01,
26243,"Thon, à la catalane ou à l'escabèche (sauce tomate), appertisé","viandes, oeufs, poissons",produits à base de poissons et produits de la mer,149,12,6,8.6,0,3,0.67,0.99,,,,,,,,,,,,,0.72,0.05
26245,"Thon à l'huile de tournesol, miettes, appertisées, égouttées","viandes, oeufs, poissons",produits à base de poissons et produits de la mer,227,23.4,0,14.8,0,0.125,1.62,0.85,11,1,27,210,0.71,100,10,10.5,,1.21,6.71,4.46,0.01,0.14
26275,"Oeufs de saumon du Pacifique, semi-conserve","viandes, oeufs, poissons",produits à base de poissons et produits de la mer,240,30.8,5.16,10.5,1,0.1,2.05,2.34,5.6,0.08,8.1,94,0.025,10,330,393,0.25,27,124,48.6,0.11,3.5
26692,"Anchois, filets, marinés à l'orientale (huile, piments…), semi-conserve, égouttés","viandes, oeufs, poissons",produits à base de poissons et produits de la mer,165,19.6,0.48,9.19,1.09,,1.62,2.4,120,2.8,102,159,1.95,46,8,11,,2.4,37,15.3,0.026,0.89
26693,"Anchois, filets, salés, à l'huile de tournesol, semi-conserve, égouttés","viandes, oeufs, poissons",produits à base de poissons et produits de la mer,211,24.5,0.54,12.3,0.75,,1.58,15.2,,,,,,,,,,,,,,
26694,"Anchois, filets, salés, à l'huile d'olive, semi-conserve, égouttés","viandes, oeufs, poissons",produits à base de poissons et produits de la mer,197,25,1.36,9.9,1.1,,1.67,13.6,,,,,,,,,,,,,,
26695,"Saumon, sauvage, fumé","viandes, oeufs, poissons",produits à base de poissons et produits de la mer,121,23.6,0.048,2.91,0,0,0.71,2.93,,,,,,,,,,,,,,
26696,"Saumon, élevage, fumé","viandes, oeufs, poissons",produits à base de poissons et produits de la mer,188,22.1,0.14,11,0,0,1.89,2.86,,,,,,,,,,,,,,
26697,"Sardine, à l'huile de tournesol, appertisée, égouttée","viandes, oeufs, poissons",produits à base de poissons et produits de la mer,219,23.5,0.27,13.8,0,,2.97,0.84,,,,,,,,,,,,,,
26698,"Sardine, à l'huile d'arachide, appertisée, égouttée","viandes, oeufs, poissons",produits à base de poissons et produits de la mer,223,21.2,1.07,14.9,0,,4.5,0.99,,,,,,,,,,,,,,
26700,"Anchois, filets, marinés, semi-conserve, égouttés (aliment moyen)","viandes, oeufs, poissons",produits à base de poissons et produits de la mer,186,20.3,0.48,11.3,0.73,,2.01,4.15,141,2.46,120,177,1.93,40.9,11.6,9.71,,2.38,,12.8,0.061,0.87
27029,"Truite, élevage, fumée","viandes, oeufs, poissons",produits à base de poissons et produits de la mer,171,22.3,3.17,7.69,0.28,0.21,1.36,3.1,2.7,0.4,31.4,412,0.4,23,40,51,0,5.2,26,1.7,0.19,0.99
22008,"Oeuf, blanc (blanc d'oeuf), cuit","viandes, oeufs, poissons",oeufs,47.3,10.3,1.12,0.17,0,0.7,0,0.39,6.67,0.067,9.67,147,0.025,6.1,,0,0,0,7.9,0.056,,
22009,"Oeuf, jaune (jaune d'oeuf), cuit","viandes, oeufs, poissons",oeufs,340,16,1.31,30.1,0,0.55,8.49,0.035,76.4,0.95,4.5,58.6,1.4,76.4,192,272,0,2.11,166,2.43,0.17,0.24
22010,Oeuf dur,"viandes, oeufs, poissons",oeufs,134,13.5,0.52,8.62,0,0.52,3.22,0.31,41,1.72,14,120,1.27,7.01,49.7,62.4,0,1.12,44,1.11,0.052,0.036
22011,Oeuf poché,"viandes, oeufs, poissons",oeufs,139,12.5,0.89,9.47,0,0.37,2.99,0.2,68.2,1.75,10.8,138,1.1,7.68,52,159,0,2,35,0.71,,0.058
22014,Oeuf à la coque,"viandes, oeufs, poissons",oeufs,142,12.2,1.08,9.82,0,0.77,3.11,0.2,150,1.9,11.7,164,0.93,23.8,50.4,133,0.25,1.28,57,0.96,0.044,0.057
22502,"Oeuf brouillé, avec matière grasse","viandes, oeufs, poissons",oeufs,167,11.9,0.44,13,0,0.44,4.46,0.48,59.1,1.94,12.2,133,1.35,22.5,52,194,0,1.8,43,0.93,,0.043
22505,"Oeuf au plat, sans matière grasse","viandes, oeufs, poissons",oeufs,157,14.6,1.4,10.4,0,0.35,3.25,0.42,53.1,2,14,155,1.4,25.9,40,112,1,2.3,73.3,1.4,0.1,0.09
22000,Oeuf cru,"viandes, oeufs, poissons",oeufs,140,12.8,0.06,9.83,0,0.06,2.64,0.31,76.8,1.75,11,138,1.01,1.29,35.3,160,0,2,47,0.89,0.058,0.053
22001,"Oeuf, blanc (blanc d'oeuf), cru","viandes, oeufs, poissons",oeufs,48.1,10.9,0.73,0.17,0,0.71,0,0.42,7,0.08,11,163,0.03,9.97,2.2,0,0,0,4,0.09,0,0
22002,"Oeuf, jaune (jaune d'oeuf), cru","viandes, oeufs, poissons",oeufs,307,15.5,1.09,26.7,0,0.56,9.55,0.048,50.2,0.7,1.5,43,1.1,83.5,175,343,0,2,159,3.03,0.16,0.121
22050,"Oeuf de caille, cru","viandes, oeufs, poissons",oeufs,154,13.1,0.41,11.1,0,0.4,3.56,0.35,64,3.65,13,132,1.47,,,156,0,1.4,66,1.58,,0
22060,"Oeuf de cane, cru","viandes, oeufs, poissons",oeufs,181,12.8,1.45,13.8,0,0.93,3.68,0.37,64,3.85,17,222,1.41,,,193,0,1.7,80,5.4,0.1,0
22070,"Oeuf d'oie, cru","viandes, oeufs, poissons",oeufs,180,13.9,1.35,13.3,0,0.94,3.6,0.35,60,3.64,16,210,1.33,,,186,0,1.7,76,5.1,0.55,0
22080,"Oeuf de dinde, cru","viandes, oeufs, poissons",oeufs,166,13.7,1.13,11.9,0,1,3.63,0.38,99,4.1,13,142,1.58,,,173,0,1.75,71,1.69,,
22003,"Oeuf, jaune (jaune d'oeuf), en poudre","viandes, oeufs, poissons",oeufs,667,33.7,2.11,58.1,0,0.07,18.1,0.41,307,9.5,26,264,7.73,,,779,0,11.4,209,6.02,0.18,0.24
22004,"Oeuf, blanc (blanc d'oeuf), en poudre","viandes, oeufs, poissons",oeufs,356,81.1,7.8,0,0,5.4,0,3.2,62,0.15,88,1130,0.1,,,0,0,0,18,0.18,0,0
22013,"Oeuf, en poudre","viandes, oeufs, poissons",oeufs,587,48.4,1.52,43,0,0.3,13.5,1.2,236,4.33,34,540,3.15,87.4,21,150,0,3.1,119,3.39,0.12,0.18
22500,"Omelette nature, faite maison","viandes, oeufs, poissons",oeufs,196,13.8,0.9,15.3,0,0.31,3.32,0.6,80.2,1.8,10.7,117,1.02,1.1,57.7,125,0,0.53,39,0.76,0.054,0.049
22506,"Omelette au fromage, faite maison","viandes, oeufs, poissons",oeufs,255,17.7,2.56,19.3,0,0.4,10.1,0.58,,1.16,23.6,112,2.48,10.8,42.8,203,0,1.39,25.8,1.55,,
22507,"Omelette aux lardons, faite maison","viandes, oeufs, poissons",oeufs,267,12.5,1.46,23.5,0,0.68,9.41,0.98,48.2,1.39,12,184,0.99,11.3,36.3,134,0,1.11,25.6,0.9,,
22508,"Omelette aux champignons, faite maison","viandes, oeufs, poissons",oeufs,125,8.09,2.28,9.2,0.45,0.7,2.97,0.35,48,1.4,11.4,193,0.86,11.5,35.6,134,,1.11,34.6,0.81,,
22509,"Omelette à la ciboulette, faite maison","viandes, oeufs, poissons",oeufs,147,9.5,1.98,11.2,0.55,0.8,3.6,0.43,86,1.83,14.5,188,0.92,11.6,43,160,,1.38,56.1,0.97,,
22510,"Tortilla espagnole aux oignons (omelette aux pommes de terre et oignons), préemballée","viandes, oeufs, poissons",oeufs,165,5.56,11.7,9.9,2.7,1.22,1.55,1.06,26,0.64,24,450,0.55,10,10,30.1,1.98,0.125,31.1,0.34,0.03,0.025
22511,"Omelette, garnitures diverses : légumes, fromages, viandes... (aliment moyen)","viandes, oeufs, poissons",oeufs,179,9.61,4.83,13.2,0.96,0.81,4.65,0.69,46.1,1.2,17.2,251,1.04,10.9,30.4,112,,0.91,33.5,0.82,,
19000,"Lait de grand mélange, en vrac",produits laitiers,laits,64.4,3.28,4.65,3.66,0,,2.28,0.12,119,0.05,13,151,0.38,,13.6,31,1.5,,5,0.36,0.008,0
19010,"Lait entier, cru",produits laitiers,laits,,,,4.4,0,,,0.12,120,0.048,11,153,0.37,2.21,9.5,38.4,1.38,0.06,5.29,0.39,,
19016,Lait entier (aliment moyen),produits laitiers,laits,63.9,3.42,4.78,3.49,0,4.29,2.12,0.12,119,0.043,10.6,153,0.4,2.26,17.7,34.6,1.1,0.11,0.85,0.2,0.015,0.002
19023,"Lait entier, UHT",produits laitiers,laits,64.6,3.46,4.77,3.55,0,4.64,2.08,0.093,119,0.042,10.5,157,0.41,2.63,19.4,32.9,1,0.13,0.85,0.16,0.014,0.003
19024,"Lait entier, pasteurisé",produits laitiers,laits,61.8,3.3,4.8,3.3,0,3.2,2.25,0.2,117,0.046,10.9,140,0.37,1.1,12.4,40.2,1.4,0.06,6.09,0.32,0.02,0
19033,Lait demi-écrémé (aliment moyen),produits laitiers,laits,47.5,3.46,4.97,1.55,0,4.91,0.98,0.087,121,0.041,10.7,158,0.41,2.45,23.9,9.88,0.99,0.12,0.85,0.18,0.006,0.003
19037,"Lait demi-écrémé, UHT, enrichi en vitamine D",produits laitiers,laits,46.6,3.38,4.8,1.52,0,4.5,0.98,0.09,120,0.025,9.8,160,0.37,10,10,15.7,0.25,0.78,5.39,0.21,0.005,0.01
19038,"Lait à 1,2% MG, UHT, enrichi en vitamines",produits laitiers,laits,44.1,3.38,4.79,1.25,0,4.5,0.81,0.088,120,0.025,9.9,160,0.38,10,10,36.8,0.25,0.81,16.1,0.5,0.005,0.01
19039,"Lait, sans précision sur la teneur en matière grasse, UHT (aliment moyen)",produits laitiers,laits,47.7,3.48,4.97,1.57,0,4.89,0.98,0.088,121,0.041,10.6,158,0.41,2.54,24,10.5,0.945,0.13,0.85,0.17,0.01,0.01
19041,"Lait demi-écrémé, UHT",produits laitiers,laits,47.7,3.48,5,1.56,0,4.96,0.97,0.088,121,0.042,10.7,158,0.41,1.89,25.8,9.25,1,0.075,0.85,0.16,0.007,0.002
19042,"Lait demi-écrémé, pasteurisé",produits laitiers,laits,46.4,3.19,4.9,1.54,0,4.81,1.06,0.078,119,0.041,11.1,156,0.41,1.675,14.5,17.5,1.6,0.048,6.7,0.43,0.005,0.01
19050,"Lait écrémé, UHT",produits laitiers,laits,34.4,3.6,5.01,0.021,0,4.68,0.075,0.085,119,0.042,10.7,156,0.42,2.42,19.7,9.25,1,0.075,0.85,0.18,0.075,0.15
19051,"Lait écrémé, pasteurisé",produits laitiers,laits,32.7,3.37,4.7,0.08,0,4.7,0.051,0.11,122,0.03,11,156,0.42,1.27,16.2,1.58,0,0,5,0.5,0.001,0
19060,"Lait demi-écrémé (ou à teneur en matière grasse légèrement inférieure), UHT,  à teneur réduite en lactose",produits laitiers,laits,44.4,3.45,4.69,1.29,0,4.66,0.86,0.088,120,,,,,,,,,,,,0.005,0.01
19200,"Lait de chèvre, entier, UHT",produits laitiers,laits,64.6,2.96,4.2,4.02,0,4.2,2.52,0.1,125,0.076,13.3,187,0.42,2,15.3,51.3,1.15,0.1,1,0.077,0.035,0
19201,"Lait de chèvre, demi-écrémé, UHT",produits laitiers,laits,45.8,3.77,4.13,1.57,0,4.13,1.06,0.15,110,0.02,13,190,0.33,10,10,13.6,0.25,0.015,2.5,0.05,0.005,0.01
19202,"Lait de chèvre, entier, cru",produits laitiers,laits,57.4,3.22,4.01,3.2,0,4.01,2.16,0.091,107,0.17,12.9,,0.33,2,25,25.8,0.1,0.1,6.83,,,
19225,"Lait de jument, entier",produits laitiers,laits,50,2.41,6.22,1.73,0,6.17,0.82,0.05,87.4,0.065,7.95,63.3,0.15,,,14.7,15,,,0.3,,
19250,"Lait de brebis, entier",produits laitiers,laits,103,5.68,4.5,6.97,0,4.5,4.8,0.11,199,0.46,17.1,103,0.54,3,23.3,20.3,4.2,0.2,9.19,0.71,0.066,0
19270,"Lait de bufflesse, entier",produits laitiers,laits,,,5.1,7.35,0,4.95,4.86,0.13,160,0.2,,178,0.2,,,28.9,3,0.03,6,,,
19021,"Lait en poudre, entier",produits laitiers,laits,508,26.6,42,26.2,0,39.9,16.4,0.91,964,0.6,88.7,1260,3.56,14,41,267,7.55,0.72,44.1,3.12,0.2,
19026,"Lait concentré sans sucres ajoutés, entier",produits laitiers,laits,119,6.44,9.91,5.9,1.5,9.47,3.96,0.24,292,0.019,27.5,371,,2.3,28,,1.9,,30.7,0.16,0.02,0.01
19027,"Lait concentré sucré, entier",produits laitiers,laits,327,7.7,56.5,7.87,0,56.5,5.23,0.21,290,0.19,25.2,371,0.96,2.25,28,74.2,2.6,0.2,11,0.44,,0
19044,"Lait en poudre, demi-écrémé",produits laitiers,laits,459,31.5,43.4,17.5,0,43.4,11.6,0.78,996,0.49,95,1260,,,75,,,,69,3.5,0.08,0.01
19054,"Lait en poudre, écrémé",produits laitiers,laits,361,35.3,54,0.7,0,53.1,0.48,1.32,1260,0.32,114,1750,4.25,20.2,41,5.08,6.2,0,50,4.01,0.014,0
19500,"Lait fermenté à boire, aromatisé, avec édulcorants, allégé en sucres, 0% MG, au L Casei",produits laitiers,produits laitiers frais et alternatives végétales,27.5,2.9,3.64,0.1,0.35,3.56,0.018,0.11,,,,,,,,,,0.75,,,,
19508,"Lait fermenté ou yaourt à boire, aromatisé, sucré",produits laitiers,produits laitiers frais et alternatives végétales,65.9,3.16,10.7,0.89,0.14,9.67,0.59,0.093,140,0.27,13.1,157,0.25,1,23,9.25,1,1.03,7.15,0.14,0.001,0.002
19516,"Lait fermenté à boire, aromatisé, sucré, au L Casei",produits laitiers,produits laitiers frais et alternatives végétales,69.7,3.06,10.8,1.6,0.033,10.8,1,0.1,120,,,,,,,,,0.75,,,,
19534,"Lait fermenté ou yaourt à boire, aromatisé, sucré, enrichi en vitamine D",produits laitiers,produits laitiers frais et alternatives végétales,73.3,2.98,12.3,1.39,0.083,12.1,0.9,0.1,141,,,,,,,,,0.83,,0.38,,
19535,"Lait fermenté ou yaourt à boire, aux fruits, sucré",produits laitiers,produits laitiers frais et alternatives végétales,84.6,2.91,11.9,2.49,0.079,11.5,1.66,0.11,133,0.13,10,116,0.3,1,11,15.6,0.25,0.75,28,0.07,,
19536,"Lait fermenté ou yaourt à boire, aux fruits, sucré, enrichi en vitamine D",produits laitiers,produits laitiers frais et alternatives végétales,74,2.9,12.4,1.42,0.1,11.7,0.91,0.1,206,,,,,,,,,1.12,,0.39,,
19538,"Lait fermenté à boire, nature, sucré, au L Casei",produits laitiers,produits laitiers frais et alternatives végétales,69.6,3.06,10.8,1.6,0.025,10.8,1,0.1,120,0.05,7.8,112,0.3,2.5,9.6,8.33,0.25,0.75,8.9,0.095,0.005,0
19539,"Lait fermenté type yaourt au bifidus, aromatisé, sucré",produits laitiers,produits laitiers frais et alternatives végétales,86.5,3.85,10.8,2.81,0.75,10.7,1.83,0.095,135,0.125,11.8,174,0.25,2.16,26.1,21.6,1,0,9.65,0.19,0.008,0.002
19541,"Lait fermenté type yaourt au bifidus, aux fruits, 0% MG, avec édulcorants",produits laitiers,produits laitiers frais et alternatives végétales,48.1,4.67,6.71,0.094,1.08,6.37,0.039,0.18,155,,,,,,,,,,,0.31,,
19542,"Lait fermenté type yaourt au bifidus, aux fruits, sucré",produits laitiers,produits laitiers frais et alternatives végétales,87.7,3.76,10.8,2.83,0.7,10.5,1.81,0.1,139,0.125,13.6,197,0.5,9,30.8,44.6,7.42,0,12.2,0.18,0.013,0.002
19543,"Lait fermenté type yaourt aux esters de stérol, aux fruits, 0% MG, avec édulcorants",produits laitiers,produits laitiers frais et alternatives végétales,47,3.88,6.6,0.5,0.45,5.7,0.1,0.16,130,,,,,,,,,,,,,
19544,"Lait fermenté type yaourt au bifidus, nature, 0% MG",produits laitiers,produits laitiers frais et alternatives végétales,42.9,4.39,5.75,0.3,0,5.75,0.17,0.14,149,,,,,,,,,,,,,
19546,"Lait fermenté type yaourt au bifidus, nature",produits laitiers,produits laitiers frais et alternatives végétales,92.3,6.35,10.8,2.38,0,10.2,1.46,0.068,174,0.125,10.1,132,0.25,3.32,26.6,25.2,1,1.63,14,0.33,0.008,0.002
19550,"Yaourt à la grecque nature, au lait de brebis",produits laitiers,produits laitiers frais et alternatives végétales,124,4.82,4.28,9.78,0.25,3.06,7.12,0.12,158,0,16,190,0.5,1,0,86,0,0.24,3,0.2,,
19551,"Lait fermenté à boire, aromatisé, sucré,  enrichi en vitamine D, au L Casei",produits laitiers,produits laitiers frais et alternatives végétales,73.3,2.84,12.1,1.53,0,12,1.02,0.1,120,,,,,,,,,0.75,,,,
19552,"Yaourt à la grecque sur lit de fruits, sucré",produits laitiers,produits laitiers frais et alternatives végétales,126,2.34,14.4,6.53,0.27,13.5,4.32,0.1,104,0.07,8.4,110,0.27,10,10,58.1,0.25,,5.14,0.22,0.047,0.003
19553,"Yaourt au lait de brebis, aromatisé, sucré",produits laitiers,produits laitiers frais et alternatives végétales,93.1,5.04,9.16,3.7,0.17,8.3,2.52,0.12,180,0.06,16,110,0.43,10,70,35.2,0.25,0.125,17.6,0.27,0.03,0.01
19554,"Yaourt au lait de brebis, nature, 3% MG environ",produits laitiers,produits laitiers frais et alternatives végétales,66.5,5.61,3.48,3.01,0.13,3.31,2.13,0.13,178,0.04,15,110,0.43,10,40,37.4,0.25,0.125,31.9,0.53,0.04,0.01
19555,"Yaourt au lait de brebis, sur lit de fruits, sucré",produits laitiers,produits laitiers frais et alternatives végétales,112,4.34,15.2,3.73,0.47,13.6,2.49,0.097,138,,,,,,,,,,,,,
19556,"Yaourt au lait de chèvre, nature",produits laitiers,produits laitiers frais et alternatives végétales,74.4,4.28,2.53,4.9,0.25,2.53,3.24,0.096,164,0.2,14,170,0.4,,,0,1,,7,0,0.03,0.01
19557,"Yaourt ou lait fermenté, sur lit de fruits, sucré",produits laitiers,produits laitiers frais et alternatives végétales,97.6,4.08,14,2.77,0.3,12.9,1.84,0.11,120,,,,,,,,,,,,0.025,
19559,"Yaourt ou lait fermenté, aromatisé, 0% MG, avec édulcorants",produits laitiers,produits laitiers frais et alternatives végétales,54.4,5.09,7.73,0.063,0,5.08,0.007,0.13,135,,,,0.52,2.5,15.1,1.33,,1.25,,,,
19574,"Yaourt ou lait fermenté, aromatisé, 0% MG, avec édulcorants, enrichi en vitamine D",produits laitiers,produits laitiers frais et alternatives végétales,52.3,4.58,7.75,0.39,0,7.12,0.25,0.15,139,,,,,,,,,1.27,,,,
19575,"Yaourt ou lait fermenté, aromatisé, sucré",produits laitiers,produits laitiers frais et alternatives végétales,86.1,3.15,12.7,2.25,0.017,12.5,1.39,0.083,123,0.125,10.8,157,0.25,2.45,21,20.5,1,0,8.55,0.12,0.009,0.002
19577,"Yaourt ou lait fermenté, aromatisé, à la crème, sucré",produits laitiers,produits laitiers frais et alternatives végétales,123,2.98,13,6.59,0.013,12,4.16,0.11,145,0.04,9.2,120,0.38,10,10,51.6,0.25,0.75,14.7,0.19,0.001,0.003
19578,"Yaourt ou lait fermenté, aromatisé, sucré, enrichi en vitamine D",produits laitiers,produits laitiers frais et alternatives végétales,71.4,3.16,11.7,1.06,0.067,11.4,0.66,0.083,137,0.125,11,156,0.25,2.56,25.5,9.25,1,1.55,8.55,0.2,0.005,0.002
19579,"Yaourt ou lait fermenté, aux céréales",produits laitiers,produits laitiers frais et alternatives végétales,111,3.64,16,3.43,1,14.6,2.22,0.11,125,0.19,12.6,143,0.4,2.5,2.5,25.6,0.55,0.067,26,0.15,0.032,0.005
19580,"Yaourt ou lait fermenté, aux copeaux de chocolat, à la crème, sucré",produits laitiers,produits laitiers frais et alternatives végétales,126,3.62,14.9,5.52,0.2,14.8,3.57,0.093,120,0.3,14,178,0.4,1.3,17,43.6,0.2,0.1,20,0.19,0.02,0.01
19581,"Yaourt ou lait fermenté, aux fruits, 0% MG, avec édulcorants",produits laitiers,produits laitiers frais et alternatives végétales,45.1,4.38,5.66,0.05,0.7,5.4,0.075,0.12,160,0.125,14.9,222,0.58,1,39,10.8,4.95,0,9.85,0.17,0.075,0.15
19582,"Yaourt ou lait fermenté, aux fruits, 0% MG, avec édulcorants, enrichi en vitamine D",produits laitiers,produits laitiers frais et alternatives végétales,45.5,4.31,6,0.05,0.6,5.42,0.075,0.12,161,0.125,14.9,215,0.58,3.88,39,9.25,1,1.19,9.15,0.21,0.075,0.15
19587,"Yaourt ou lait fermenté, aux fruits, sucré",produits laitiers,produits laitiers frais et alternatives végétales,88.9,3.23,12.6,2.41,0.6,11.6,1.58,0.095,118,0.125,11.6,163,0.25,2.41,22.1,35,1,0,9.35,0.05,0.009,0.002
19589,"Yaourt ou lait fermenté, aux fruits, à la crème, sucré",produits laitiers,produits laitiers frais et alternatives végétales,113,2.73,13.4,5.1,0.14,12.8,3.33,0.11,104,0.025,8.5,140,0.3,10,10,46.4,0.25,0.125,15,0.2,0.018,0.01
19592,"Yaourt ou lait fermenté, aux fruits, sucré, enrichi en vitamine D",produits laitiers,produits laitiers frais et alternatives végétales,89.5,3.32,12.3,2.65,0.2,11.6,1.76,0.088,119,0.125,11.6,165,0.25,1,25.7,36.5,1,1.15,7.95,0.21,0.009,0.002
19593,"Yaourt ou lait fermenté, nature",produits laitiers,produits laitiers frais et alternatives végétales,50.1,3.83,4.26,1.68,0,4,1.08,0.1,137,0.125,12.4,180,0.52,2.16,38,19,1,0,7.05,0.15,0.011,0.002
19594,"Yaourt ou lait fermenté, nature, 0% MG",produits laitiers,produits laitiers frais et alternatives végétales,39.1,4.16,4.89,0.05,0.031,4.63,0.075,0.11,152,0.125,13.9,196,0.55,3.84,29.2,9.25,1,0,7.95,0.16,0.075,0.15
19596,"Yaourt ou lait fermenté, nature, 0% MG, enrichi en vitamine D",produits laitiers,produits laitiers frais et alternatives végétales,38.5,4.58,4.86,0.19,0.12,4.79,0.072,0.14,141,,,,,,,,,0.93,,,,
19598,"Yaourt ou lait fermenté, nature, à la crème",produits laitiers,produits laitiers frais et alternatives végétales,107,3.22,3.8,8.5,0,3.56,5.49,0.085,113,0.125,10.4,149,0.25,3.56,19.2,74.7,1,0,3.65,0.05,0.033,0.005
19599,"Yaourt ou lait fermenté, nature, sucré",produits laitiers,produits laitiers frais et alternatives végétales,81.7,2.92,10.7,2.81,0.031,10.1,1.81,0.075,114,0.125,9.51,138,0.25,2.17,23.6,31.7,1,0,8.45,0.12,0.009,0.002
19600,"Yaourt ou lait fermenté, nature, sans précision sur teneur en matière grasse et sucre (aliment moyen)",produits laitiers,produits laitiers frais et alternatives végétales,62.3,3.93,5.85,2.3,0.029,5.5,1.49,0.093,137,0.13,11.7,167,0.44,2.49,32.1,23.1,0.99,0.16,7.85,0.16,0.018,0.017
19624,"Yaourt ou lait fermenté, nature ou aux fruits (aliment moyen)",produits laitiers,produits laitiers frais et alternatives végétales,72.9,3.7,7.98,2.6,0.18,7.51,1.69,0.097,132,0.11,11.5,167,0.4,3.67,28,27.9,1.3,0.13,8.37,0.15,0.02,0.022
19628,"Yaourt ou lait fermenté, aux fruits (aliment moyen)",produits laitiers,produits laitiers frais et alternatives végétales,91.2,3.29,11.7,3.12,0.43,11,2.04,0.1,121,0.085,11.1,166,0.35,5.77,20.8,36.2,1.88,0.068,,0.14,0.024,0.03
19669,"Spécialité laitière riche en protéines, sur lit de fruits, sucrée",produits laitiers,produits laitiers frais et alternatives végétales,97.6,7.46,11.5,2.29,,11.3,1.56,0.083,110,0.06,9.5,120,0.39,10,10,25.2,0.25,2.43,36.7,0.58,0.01,0.01
19671,"Yaourt ou lait fermenté, aromatisé ou aux fruits, 0% MG (aliment moyen)",produits laitiers,produits laitiers frais et alternatives végétales,47.2,4.54,6.14,0.053,0.54,5.32,0.06,0.12,154,0.125,14.9,222,0.57,1.45,33.6,8.55,4.75,0.33,9.81,0.17,0.075,0.15
19672,"Yaourt ou lait fermenté, aromatisé ou aux fruits, non allégé en matière grasse (aliment moyen)",produits laitiers,produits laitiers frais et alternatives végétales,91.6,3.15,12.5,2.92,0.23,12,1.87,0.093,122,0.11,10.7,156,0.28,4.42,19.5,29.9,1.11,0.14,8.97,0.14,0.011,0.004
19675,"Yaourt ou lait fermenté, aromatisé ou aux fruits, avec édulcorants (aliment moyen)",produits laitiers,produits laitiers frais et alternatives végétales,47.2,4.54,6.14,0.053,0.54,5.32,0.06,0.12,154,0.125,14.9,222,0.57,1.45,33.6,8.55,4.75,0.33,9.81,0.17,0.075,0.15
19676,"Yaourt ou lait fermenté, aromatisé ou aux fruits, sucré (aliment moyen)",produits laitiers,produits laitiers frais et alternatives végétales,91.9,3.16,12.6,2.94,0.23,12.1,1.89,0.094,122,0.11,10.7,157,0.28,4.42,19.5,29.9,1.11,0.14,8.97,0.14,0.011,0.004
19677,"Yaourt ou lait fermenté, aromatisé ou aux fruits, non allégé en matière grasse, sucré (aliment moyen)",produits laitiers,produits laitiers frais et alternatives végétales,91.8,3.16,12.6,2.94,0.23,12.1,1.88,0.094,122,0.11,10.7,157,0.28,4.42,19.5,29.9,1.11,0.14,8.97,0.14,0.011,0.004
19682,"Yaourt ou lait fermenté, aromatisé ou aux fruits (aliment moyen)",produits laitiers,produits laitiers frais et alternatives végétales,87.5,3.29,11.9,2.65,0.26,11.4,1.7,0.097,125,0.11,11.1,162,0.31,4.12,20.9,27.7,1.41,0.16,9.06,0.15,0.016,0.016
19723,"Yaourt ou lait fermenté, nature, enrichi en vitamine D",produits laitiers,produits laitiers frais et alternatives végétales,63.4,4.32,4.4,2.85,0.007,4.19,1.85,0.1,139,0.125,13.5,196,0.53,2.77,27,35.8,1,1.06,6.25,0.25,0.012,0.002
19724,"Spécialité laitière riche en protéines, nature",produits laitiers,produits laitiers frais et alternatives végétales,74.5,9.29,3.45,2.7,0.05,3.45,1.9,0.12,109,,,,,,,,,,,,,
19726,"Yaourt ou lait fermenté, nature, sucré, enrichi en vitamine D",produits laitiers,produits laitiers frais et alternatives végétales,85.4,3.09,10.9,3.02,0.017,10.8,1.93,0.078,106,0.125,9.73,141,0.25,2.86,20.8,38,1,1.47,7.95,0.05,0.014,0.002
19727,"Yaourt au lait de chèvre, aux fruits, sucré",produits laitiers,produits laitiers frais et alternatives végétales,99.9,3.83,11.6,4.29,,11.2,2.97,0.088,130,,,,,,,,,,,,,
19728,"Yaourt au lait de chèvre, sur lit de fruits, sucré",produits laitiers,produits laitiers frais et alternatives végétales,107,3.85,13.2,4.38,,12.4,3.05,0.093,125,,,,,,,,,,,,,
19733,"Yaourt ou lait fermenté, sur lit de fruits, à la crème, sucré",produits laitiers,produits laitiers frais et alternatives végétales,126,2.56,14.2,6.47,0.52,13.6,4.08,0.1,,,,,,,,,,,,,,
19801,"Lait fermenté à boire ou lait ribot, nature, maigre",produits laitiers,produits laitiers frais et alternatives végétales,36.2,3.33,3.87,0.54,0.05,3.87,0.34,0.11,160,0.5,10.2,120,0.5,2.5,17,3.08,1.25,0,7.8,0.24,0.005,0.01
19805,"Lait fermenté à boire ou lait ribot, nature, au lait entier",produits laitiers,produits laitiers frais et alternatives végétales,52.7,3.38,1.99,3.2,1.5,1.99,2.24,0.088,124,0.05,12.7,155,0.44,1.3,24.3,30.6,0.3,0.1,6,0.18,0.005,0.01
19860,Yaourt à la grecque nature,produits laitiers,produits laitiers frais et alternatives végétales,103,3.02,3.73,8.16,0.071,3.11,5.26,0.08,116,0.125,10.1,143,0.25,1,20.7,74.5,1,0,6.95,0.13,0.025,0.005
19862,"Yaourt à la grecque aromatisé, sucré",produits laitiers,produits laitiers frais et alternatives végétales,134,2.39,14.2,7.49,0.15,13.5,5,0.1,158,,,,,,,,,,,,,
19865,Kéfir de lait,produits laitiers,produits laitiers frais et alternatives végétales,61.1,3.19,4.5,3.4,0,3.42,2.33,0.12,127,0.05,12.7,155,0.44,1.3,24.3,30.6,0.3,0.1,21,0.18,0.027,
19882,"Yaourt au lait de brebis, nature, 6% MG environ",produits laitiers,produits laitiers frais et alternatives végétales,98.9,5.42,3.98,6.77,0.49,2.54,4.76,0.13,170,,,,,,,,,,,,,
19501,"Fromage blanc, nature ou aux fruits (aliment moyen)",produits laitiers,produits laitiers frais et alternatives végétales,80,7.02,6.34,2.83,0.02,6.05,1.83,0.09,134,0.125,12,162,0.52,5,29.1,28,0.96,0.67,12.1,0.26,0.03,0.042
19572,"Fromage frais type petit suisse, aromatisé chocolat, sucré",produits laitiers,produits laitiers frais et alternatives végétales,165,4.21,22.5,6.48,0.2,19.7,4.3,0.28,144,,8,321,,,,,,,,,,
19638,Faisselle au coulis de fruits,produits laitiers,produits laitiers frais et alternatives végétales,93,3.57,8.5,5,,8.5,3.6,0.077,,,,,,,,,,,,,,
19639,"Faisselle, 0% MG",produits laitiers,produits laitiers frais et alternatives végétales,36.8,4.52,4.65,0.05,0.083,3.71,0.025,0.13,120,,,151,,,,,,,,0.39,,
19641,"Faisselle, 6% MG environ",produits laitiers,produits laitiers frais et alternatives végétales,83.6,4.47,3.36,5.5,0.21,3.36,3.74,0.088,130,0.025,11,150,0.44,10,20,65.4,0.25,0.125,9.22,0.33,0.03,0.025
19643,"Fromage blanc et crème fouettée, sur lit de fruits, sucré",produits laitiers,produits laitiers frais et alternatives végétales,145,4.59,16,7,0,15,4.5,0.09,88.2,,10.1,,0.36,1.675,,,0,0.1,32,,,
19644,"Fromage blanc, nature, 0% MG",produits laitiers,produits laitiers frais et alternatives végétales,48.4,7.34,4.22,0.05,0.042,3.29,0.075,0.09,150,0.125,12.7,168,0.58,5.1,33,8.25,1,1.28,15.4,0.28,0.075,0.15
19645,"Fromage blanc, nature, 0% MG, enrichi en vitamine D",produits laitiers,produits laitiers frais et alternatives végétales,49.6,7.57,4.76,0.1,0.115,4.76,0.06,0.12,191,,,,,,,,,2.41,,,,
19646,"Fromage blanc, nature, 2-3% MG",produits laitiers,produits laitiers frais et alternatives végétales,75.7,7.28,3.86,3.23,0.019,3.86,2.07,0.088,131,0.125,11.9,162,0.54,5.4,27.7,28.2,1,0,10.6,0.25,0.011,0.003
19648,"Fromage blanc, nature, 2-3% MG, enrichi en vitamine D",produits laitiers,produits laitiers frais et alternatives végétales,75.5,6.3,4.87,3.12,0.03,4.75,2.01,0.09,200,0.125,15.2,167,0.69,3.6,24.2,27.7,1,6.07,14.5,0.24,0.011,0.002
19650,"Fromage blanc et crème fouettée, nature",produits laitiers,produits laitiers frais et alternatives végétales,133,6.72,3.8,9.94,0,3.8,6.53,0.078,114,0.125,10.2,140,0.25,4.41,29.2,91.2,1,0,11.2,0.31,0.032,0.006
19654,"Fromage blanc ou spécialité laitière, aux copeaux de chocolat, 7-8% MG, sucré",produits laitiers,produits laitiers frais et alternatives végétales,152,6.1,16.3,6.93,0.1,15.4,4.83,0.073,,,,,,,,,,,,,,
19656,"Fromage blanc ou spécialité laitière, aux fruits, 0% MG, sucré",produits laitiers,produits laitiers frais et alternatives végétales,80.3,7.42,12.8,0.185,0,12,0,0.088,120,,,,,,,,,,,,,
19657,"Fromage blanc ou spécialité laitière, aux fruits, 2-3% MG, sucré",produits laitiers,produits laitiers frais et alternatives végétales,98.3,6.15,12,2.86,0.28,11.6,1.94,0.098,180,,,,,,,,,1,,,,
19659,"Fromage blanc ou spécialité laitière, aux fruits, 6-7% MG, sucré",produits laitiers,produits laitiers frais et alternatives végétales,139,5.57,14.4,6.55,0.34,13.6,3.57,0.097,120,0.5,9.5,121,,,54,11.1,0.25,,15.4,0.44,,
19660,"Fromage blanc ou spécialité laitière, sur lit de fruits, 7-8% MG, sucré",produits laitiers,produits laitiers frais et alternatives végétales,129,4.13,12.8,6.91,0.5,12.2,4.69,0.093,,,,,,,,,,,,,,
19663,"Fromage frais type petit suisse, nature, 0% MG",produits laitiers,produits laitiers frais et alternatives végétales,56.5,9.9,4.2,0.1,0.05,4.2,0.05,0.14,127,0.5,11.4,166,,9.3,54,3.08,,0.1,14.2,1.6,,
19664,"Fromage frais type petit suisse, nature, 4% MG environ",produits laitiers,produits laitiers frais et alternatives végétales,88,9.71,3.11,3.9,0.075,3.11,2.66,0.095,103,0.14,40,114,0.48,2,14,,,,,0.35,0.01,0.01
19665,"Mousse de fromage blanc sur lit de fruits, 0% MG, avec édulcorants, enrichie en calcium et vitamine D",produits laitiers,produits laitiers frais et alternatives végétales,56.2,6.48,6,0.45,1.35,5.05,0.26,0.15,120,,,,,,,,,0.75,,,,
19666,"Fromage frais type petit suisse, nature, 10% MG environ",produits laitiers,produits laitiers frais et alternatives végétales,137,9.19,2.61,9.89,0.78,2.61,6.55,0.075,105,0.125,9.97,139,0.51,4.12,24.8,87.4,1,0,14.5,0.28,0.033,0.006
19691,"Fromage blanc ou spécialité laitière, aux fruits, 0% MG, avec édulcorants, sucré, enrichi en vitamine D",produits laitiers,produits laitiers frais et alternatives végétales,53.7,6.53,6.45,0.1,0.7,6.15,0.06,0.14,120,,,,,,,,,1.5,,,,
19697,"Fromage blanc ou spécialité laitière, aromatisé, 0% MG, avec édulcorants, sucré, enrichi en vitamine D",produits laitiers,produits laitiers frais et alternatives végétales,53.7,6.64,6.7,0.1,0,6.3,0.055,0.12,120,,,,,,,,,1.5,,,,
19705,"Fromage blanc ou spécialité laitière, aromatisé, 0% MG, avec édulcorants, sucré",produits laitiers,produits laitiers frais et alternatives végétales,47.3,5.72,6,0.05,0.2,5.2,0,0.13,,,,,,,,,,,,,,
19707,"Fromage blanc ou spécialité laitière, sur lit de fruits, 0% MG, avec édulcorants, sucré, enrichi en vitamine D",produits laitiers,produits laitiers frais et alternatives végétales,52.8,6.43,6,0.4,,5.4,0.3,0.12,129,,,,,,,,,1.25,,,,
19708,"Fromage blanc ou spécialité laitière, sur lit de fruits, 0% MG, avec édulcorants, sans sucres ajoutés, enrichi en vitamine D",produits laitiers,produits laitiers frais et alternatives végétales,53,6.91,5.63,0.17,1.7,3.73,0.033,0.09,129,,,,,,,,,1.05,,,,
19709,"Fromage blanc ou spécialité laitière, aromatisé, 0% MG, avec édulcorants, sans sucres ajoutés",produits laitiers,produits laitiers frais et alternatives végétales,45.6,7.66,3.9,0,0,3.5,0,0.1,,,,,,,,,,,,,,
19711,"Fromage blanc, nature, 7-8% MG",produits laitiers,produits laitiers frais et alternatives végétales,116,5.55,5.87,7.63,0.05,3.69,5.19,0.11,120,0.5,9.6,140,0.41,1.675,56,93.4,0,0.1,10.8,0.29,0.048,0.003
19712,"Fromage blanc, nature, au lait de brebis, 5% MG environ",produits laitiers,produits laitiers frais et alternatives végétales,92.5,6.35,4.29,5.61,0,2.93,3.91,0.1,210,,,,,,,,,1.1,,,,
19713,"Fromage blanc, nature, au lait de chèvre, 7% MG environ",produits laitiers,produits laitiers frais et alternatives végétales,98.3,6.55,3.04,6.73,0,2.65,4.61,0.077,,,,,,,,,,,,,,
19714,"Fromage blanc ou spécialité laitière, aromatisé, 0% MG, sucré",produits laitiers,produits laitiers frais et alternatives végétales,76.9,7.01,12.3,0.05,0,11.9,0.038,0.1,120,,,,,,,,,,,,,
19715,"Fromage blanc ou spécialité laitière, aromatisé, 2-3% MG, sucré",produits laitiers,produits laitiers frais et alternatives végétales,98.7,6.2,12.8,2.59,0,12.4,1.67,0.093,120,,,,,,,,,,,,,
19716,"Fromage blanc, nature, 2-3% MG, sucré",produits laitiers,produits laitiers frais et alternatives végétales,101,7.66,10.9,3.09,0,10.8,2.03,0.099,,,,,,,,,,,,,,
19718,"Fromage blanc ou spécialité laitière, aromatisé, 7-8% MG, sucré",produits laitiers,produits laitiers frais et alternatives végétales,131,5.29,12.8,6.57,0.1,12.5,4.22,0.088,120,,,,,,,,,,,,,
19719,"Fromage frais type petit suisse, aux fruits, 2-3% MG, sucré",produits laitiers,produits laitiers frais et alternatives végétales,101,6.39,12.9,2.64,0.067,12.3,1.71,0.092,150,,,,0.41,2.5,9.7,,,1.36,,0.3,,
19720,"Fromage frais type petit suisse, aux fruits, 2-3% MG, sucré, enrichi en vitamine D",produits laitiers,produits laitiers frais et alternatives végétales,57.6,3.43,4.68,2.44,0.4,3.6,1.52,0.1,131,0.125,10.9,169,0.25,1,22,38,1,0,9.75,0.13,0.012,0.002
19721,"Fromage frais type petit suisse, aromatisé, 2-3% MG, sucré",produits laitiers,produits laitiers frais et alternatives végétales,92.7,5.96,12.3,2.23,0,11.8,1.46,0.1,143,,,,,,,,,1.13,,,,
19722,"Fromage frais type petit suisse, aromatisé, 2-3% MG, sucré, enrichi en vitamine D",produits laitiers,produits laitiers frais et alternatives végétales,90.2,4.89,12.2,2.48,0.036,11.4,1.67,0.12,150,,,,,,,,,2.15,,,,
19725,"Fromage blanc ou spécialité laitière, sur lit de fruits, 0% MG, sucré",produits laitiers,produits laitiers frais et alternatives végétales,78.6,8.08,11.5,0.089,0.13,10.9,0.05,0.11,112,,,,,,,,,,,,,
19673,"Crème dessert, allégée en matière grasse, rayon frais",produits laitiers,produits laitiers frais et alternatives végétales,78.2,3.66,12.6,1.1,1.5,11.4,0.72,0.13,127,,,,,,,,,,,,0.005,0.01
19674,"Flan aux oeufs, rayon frais",produits laitiers,produits laitiers frais et alternatives végétales,113,4.23,17.7,2.74,0.38,16,1.52,0.15,86.3,0.35,12.9,150,0.51,5,,,,,,,0.005,0.01
19678,"Lait emprésuré aromatisé, rayon frais",produits laitiers,produits laitiers frais et alternatives végétales,111,4.65,16,3.03,0.6,14.9,2.05,0.15,208,,9.5,235,,,,,,,,,,
19679,"Lait gélifié aromatisé, nappé caramel, rayon frais",produits laitiers,produits laitiers frais et alternatives végétales,91.4,2.55,16.8,1.05,2.2,14.3,0.69,0.098,93,0.125,8.54,139,0.25,1,19.3,61.7,1,0,0.85,0.05,0.005,0.002
19680,"Lait gélifié aromatisé, rayon frais",produits laitiers,produits laitiers frais et alternatives végétales,124,3.39,19.5,3.53,0.52,17.6,2.15,0.14,120,0.61,14.5,181,0.55,2.5,7.8,15.1,0.25,0.1,21.5,0.045,0.007,
19681,"Liégeois ou viennois (chocolat, café, caramel ou vanille), rayon frais",produits laitiers,produits laitiers frais et alternatives végétales,139,3.09,16.1,6.48,2,14.6,4.27,0.12,92.5,1.1,17.5,209,0.25,1,19.6,44.2,1,0,3.25,0.05,0.024,0.004
19684,"Oeufs au lait, rayon frais",produits laitiers,produits laitiers frais et alternatives végétales,124,5.03,14.7,5.08,0,14.4,2.88,0.16,,,,,,,,,,,,,,
19685,"Panna cotta, avec préparations de fruits ou caramel, rayon frais",produits laitiers,produits laitiers frais et alternatives végétales,192,2.69,15.9,12.1,1.44,15.8,8.21,0.099,75.8,,,,,,,,,,,,0.05,0.01
19686,"Spécialité laitière ou dessert lacté, aromatisé, à faible teneur en matière grasse, sucré, avec édulcorants, rayon frais",produits laitiers,produits laitiers frais et alternatives végétales,75.5,3.8,11.9,1.05,1.73,9.76,0.68,0.2,122,,,,,,,,,,,,,
23534,"Gâteau de semoule aux raisins et caramel, rayon frais",produits laitiers,produits laitiers frais et alternatives végétales,146,3.79,24.5,3.57,0.3,18.8,2.21,0.089,64,0.35,13,270,0.38,10,10,34.9,0.25,0.125,14.3,0.31,0.01,0.01
23536,"Gâteau de riz au caramel, rayon frais",produits laitiers,produits laitiers frais et alternatives végétales,144,3.3,25.4,3.17,0.057,16.1,1.95,0.089,63,0.3,7.8,84,0.5,1.675,2,30.8,0.25,0.25,17,0.04,0.02,0.01
39001,"Milkshake, de restauration rapide",produits laitiers,produits laitiers frais et alternatives végétales,126,3.38,17.4,4.66,0.65,13.6,2.68,0.21,114,0.29,13,174,0.47,1.7,,58.5,0.8,0,3,0.27,,0
39200,"Crème dessert au chocolat, rayon frais",produits laitiers,produits laitiers frais et alternatives végétales,121,3.46,17.9,3.55,1.5,15.4,2.26,0.16,113,1.8,25.4,266,0.53,2.76,21.2,9.25,1,0,3.25,0.05,0.012,0.003
39206,"Mousse au chocolat (base laitière), rayon frais",produits laitiers,produits laitiers frais et alternatives végétales,155,5.06,20.3,5.45,1.82,19.3,3.59,0.18,149,4.64,59.5,371,0.59,5,13.5,24.3,0.25,0.1,22,0.07,0.01,0.01
39209,"Crème caramel, rayon frais",produits laitiers,produits laitiers frais et alternatives végétales,155,4.75,21,5.74,0.32,19.3,3.54,0.15,84.9,0.32,12.8,150,0.31,5,14.4,37.7,0,0.07,8,0.3,0.02,0
39211,"Crème aux oeufs (petit pot de crème chocolat, vanille, etc.), rayon frais",produits laitiers,produits laitiers frais et alternatives végétales,162,4.34,17.5,8.1,0.9,12.9,4.84,0.14,94.2,1.1,17.8,191,0.55,5.1,25.1,85.9,1,0,9.85,0.05,0.032,0.005
39212,"Riz au lait vanille, cannelle ou nature, rayon frais",produits laitiers,produits laitiers frais et alternatives végétales,121,3,18.9,3.4,1.2,10.8,2.07,0.11,73.9,0.125,9.93,107,0.25,1,17.3,34.1,1,0,2.95,0.05,0.012,0.003
39213,"Crème brûlée, rayon frais",produits laitiers,produits laitiers frais et alternatives végétales,269,4.44,17.5,20.1,0.32,16.3,13.1,0.11,64.3,0.8,7.6,94,0.6,2.5,17.5,179,0.25,0.25,26.2,0.35,0.096,
39214,"Crème dessert à la vanille, appertisée",produits laitiers,produits laitiers frais et alternatives végétales,133,3.85,21.1,3.62,0.5,16,1.8,0.17,115,0.8,10,134,0.6,1.1,14,33.3,0.2,0.1,22,0.1,,
39215,"Ile flottante, rayon frais",produits laitiers,produits laitiers frais et alternatives végétales,131,4.7,21.4,3.05,0.067,19.4,1.53,0.12,97,0.4,9.8,126,0.9,6,11.7,41.3,0.25,0.25,10.5,0.26,0.002,
39218,"Semoule au lait, rayon frais",produits laitiers,produits laitiers frais et alternatives végétales,132,3.41,18.9,4.73,0.33,12.8,2.24,0.11,83.7,0.5,11,135,0.39,1.1,8.4,18.4,0.5,0.7,2.5,0.2,0.014,
39229,"Crème dessert à la vanille, rayon frais",produits laitiers,produits laitiers frais et alternatives végétales,103,2.98,16.2,2.88,0.11,13.8,1.88,0.12,107,0.125,10.2,165,0.25,1,25.7,62.1,1,0,0.85,0.16,0.011,0.002
39230,"Crème dessert, rayon frais (aliment moyen)",produits laitiers,produits laitiers frais et alternatives végétales,138,3.5,17.4,5.82,0.77,14.9,3.74,0.14,102,1.02,17,201,0.44,2.36,22.3,53.8,0.865,0.037,2.78,0.13,0.024,0.003
39235,"Mousse liégeoise (chocolat, café, caramel ou vanille), rayon frais",produits laitiers,produits laitiers frais et alternatives végétales,177,3.75,19.2,9.35,0.57,17.7,6.25,0.13,,,,,,,,,,,,,,
39246,"Crème dessert au café, rayon frais",produits laitiers,produits laitiers frais et alternatives végétales,118,2.86,17.3,4.09,0.075,14.4,2.74,0.16,,,,,,,,,,,,,0.017,
39247,"Crème dessert au caramel, rayon frais",produits laitiers,produits laitiers frais et alternatives végétales,108,2.88,18.1,2.68,0.078,14.2,1.75,0.19,102,0.125,9.48,174,0.25,1,27.1,33.1,1,0,0.85,0.05,0.011,0.002
39249,"Mousse aux fruits, au fromage frais, 0% MG, sucrée, avec édulcorants, enrichie en calcium, rayon frais",produits laitiers,produits laitiers frais et alternatives végétales,51.7,6.25,5.51,0.15,1.2,4.31,0.005,0.09,140,0.08,9.1,130,0.33,10,10,11.4,0.25,1.16,7.39,0.4,0.005,0.01
39250,"Mousse aux fruits, au fromage frais, sucrée, rayon frais",produits laitiers,produits laitiers frais et alternatives végétales,144,5.03,14.4,7.39,0.033,11.6,4.79,0.096,120,0.3,7.9,72.5,0.3,2.5,19,84.2,0.25,1.08,8.5,0.04,0.044,
39251,"Riz au lait, au caramel, rayon frais",produits laitiers,produits laitiers frais et alternatives végétales,146,2.95,24.5,4,0.1,16.5,2.58,0.16,,,,,,,,,,,,,,
39252,"Riz au lait, rhum raisins, rayon frais",produits laitiers,produits laitiers frais et alternatives végétales,133,3.03,22.3,3.44,0.28,15.1,2.17,0.13,,,,,,,,,,,,,,
39253,"Mousse au chocolat ou café, sur ganache, rayon frais",produits laitiers,produits laitiers frais et alternatives végétales,360,4.58,17.5,29.7,2.67,15,20.8,0.14,,,,,,,,,,,,,,
39254,"Crème dessert au chocolat et billes de céréales chocolatées, rayon frais",produits laitiers,produits laitiers frais et alternatives végétales,140,3.85,22.5,3.78,0.38,19.3,2.28,0.18,,,,,,,,,,,,,,
39505,"Crème dessert, appertisée (aliment moyen)",produits laitiers,produits laitiers frais et alternatives végétales,136,3.53,21.5,3.51,2.12,16.4,1.19,0.13,102,1.09,19.3,193,0.59,1.83,9.87,21.6,1.14,0.063,12.1,0.048,,
39506,"Crème dessert au chocolat, appertisée",produits laitiers,produits laitiers frais et alternatives végétales,138,3.25,21.8,3.42,3.6,16.8,0.63,0.1,89.7,1.35,27.9,247,0.58,2.5,6.1,11,2,0.03,3,0,,
39511,"Crème dessert, rayon frais ou appertisée (aliment moyen)",produits laitiers,produits laitiers frais et alternatives végétales,138,3.5,17.6,5.75,0.81,15,3.66,0.14,102,1.02,17.1,201,0.45,2.34,21.9,52.8,0.87,0.038,2.78,0.12,0.024,0.003
19698,"Tiramisu au café, rayon frais",produits laitiers,produits laitiers frais et alternatives végétales,242,4.25,30.2,9.8,1.2,19.5,6.41,0.19,94,0.68,18,230,0.46,10,10,38.5,0.25,0.125,5.52,0.078,0.02,0.01
19699,"Tiramisu aux fruits, rayon frais",produits laitiers,produits laitiers frais et alternatives végétales,220,3.62,32.1,8.27,1.39,21.7,6.18,0.14,,,,,,,,,,,,,,
19852,"Mousse à la crème de marrons, rayon frais",produits laitiers,produits laitiers frais et alternatives végétales,207,2.17,34.4,6.5,1.1,28.3,4.52,0.04,36,0.19,9.3,130,0.22,10,10,58.4,0.25,0.125,24.4,0.029,0.03,0.01
23474,"Profiteroles (crème pâtissière et sauce chocolat), rayon frais",produits laitiers,produits laitiers frais et alternatives végétales,251,5.06,31.1,11.4,2,19,7.78,0.26,,,,,,,,,,,,,0.01,
39210,"Mousse au chocolat traditionnelle, rayon frais",produits laitiers,produits laitiers frais et alternatives végétales,319,7.38,23.8,21.1,2.74,21.4,12.5,0.28,,,,,,,,,,,,,,
39216,"Clafoutis aux fruits, rayon frais",produits laitiers,produits laitiers frais et alternatives végétales,198,5.21,29.4,6.39,1.54,22.1,4.01,0.19,84,0.57,15,182,0.39,5,11.9,58.6,0.25,0.25,23,0.24,0.029,0.018
39220,"Liégeois aux fruits, rayon frais",produits laitiers,produits laitiers frais et alternatives végétales,145,1.15,17.7,7.26,1.37,16.5,4.75,0.048,36,0.35,7.8,120,0.17,10,10,67,6.51,0.25,20.6,0.15,0.028,0.01
39233,"Fondant au chocolat noir et crème anglaise, rayon frais",produits laitiers,produits laitiers frais et alternatives végétales,211,4.5,19,13,,14,8,0.1,,,,,,,,,,,,,,
39234,"Gâteau au chocolat, coeur fondant, rayon frais",produits laitiers,produits laitiers frais et alternatives végétales,373,6.56,41.2,19.5,3.07,30.4,12.2,0.14,,,,,,,,,,,,,,
39236,Pain perdu,produits laitiers,produits laitiers frais et alternatives végétales,226,6,30.8,8.45,1.1,14.1,2.13,1.22,104,1.94,17,134,0.72,2.39,10.2,91,0.3,0.28,23.5,1,,0.01
39400,"Lait de poule, sans alcool",produits laitiers,produits laitiers frais et alternatives végétales,87.8,4.55,8.05,4.19,0,8.05,2.59,0.14,130,0.2,19,165,0.46,,35,58.6,1.5,1.2,9,0.45,,0
39710,"Crème pâtissière instantanée, reconstituée",produits laitiers,produits laitiers frais et alternatives végétales,120,3.79,18,3.6,0,15.3,1.87,0.2,105,0.64,11.6,150,0.7,4,25.5,97.8,0.93,0.24,15,1,,
19692,"Dessert au soja, aux fruits, sucré, enrichi en calcium, fermenté, rayon frais",produits laitiers,produits laitiers frais et alternatives végétales,86.2,2.74,12.9,2.3,0.25,11.6,0.79,0.07,87,0.43,13,89,0.21,10,10,2.48,0.25,0.125,12.9,0,0.11,0.01
19693,"Dessert au soja, nature, sans sucres ajoutés, non enrichi, fermenté, rayon frais",produits laitiers,produits laitiers frais et alternatives végétales,44.7,3.76,2.05,1.9,0.8,0.69,0.22,0.085,12,0.4,16,110,0.29,10,10,0.208,0.25,0.125,18.6,,0.13,0.01
19694,"Dessert au soja, nature, sans sucres ajoutés, enrichi en calcium, fermenté, rayon frais",produits laitiers,produits laitiers frais et alternatives végétales,42,3.59,1.1,2.1,0.6,0.27,0.34,0.053,120,0.47,16,130,0.3,10,10,1.21,0.25,0.125,15.1,,0.13,0.01
19695,"Dessert au soja, aux fruits, sucré, non enrichi, fermenté, rayon frais",produits laitiers,produits laitiers frais et alternatives végétales,78,3.31,11,1.7,1.1,10.6,0.34,0.085,36,0.41,14,91,0.33,10,10,4.158,0.25,0.125,17.7,,0.11,0.01
19696,"Dessert au soja, aux amandes, sucré, enrichi en vitamines et minéraux, fermenté, rayon frais",produits laitiers,produits laitiers frais et alternatives végétales,56,3.65,2.85,2.8,0.6,1.09,0.38,0.19,58,0.42,22,140,0.36,10,,0.208,0.25,0.63,18.1,0.26,0.13,0.01
20911,"Dessert au soja, aromatisé, sucré, enrichi en calcium, rayon frais",produits laitiers,produits laitiers frais et alternatives végétales,95,3.25,15.3,1.9,1.1,13.2,0.48,0.13,120,1.1,21,170,0.32,10,10,0.208,0.25,0.125,9.32,0,0.099,0.01
20921,"Dessert au soja, aromatisé, sucré, non enrichi, rayon frais",produits laitiers,produits laitiers frais et alternatives végétales,93.1,2.74,16,1.7,0.8,12.5,0.47,0.11,16,0.79,22,160,0.42,10,10,1.5,0.25,0.125,12.2,,0.079,0.01
20922,"Dessert végétal sans soja (amande, avoine, chanvre, coco, riz), aromatisé, sucré, non enrichi, rayon frais",produits laitiers,produits laitiers frais et alternatives végétales,148,1.66,15.8,8,2.1,12.4,4.92,0.065,17,1.3,28,200,0.39,10,10,0.208,0.25,0.125,6.72,,0.07,0.01
20923,"Dessert végétal sans soja (coco, riz), aux fruits, sucré, enrichi en calcium, fermenté, rayon frais",produits laitiers,produits laitiers frais et alternatives végétales,75.1,0.21,16,1,0.25,10.8,0.83,0.095,50,0.15,8.2,46,0.12,10,10,1.758,0.25,0.125,2.5,,0.005,0.01
20925,"Dessert au soja, aromatisé, sucré, enrichi en calcium et vitamine D, rayon frais",produits laitiers,produits laitiers frais et alternatives végétales,95.6,2.96,15.3,2.05,1.45,11.1,0.55,0.12,120,,,,,,,,,0.75,,,,
20926,"Dessert au soja, aux fruits, sucré, enrichi en calcium et vitamine D, fermenté, rayon frais",produits laitiers,produits laitiers frais et alternatives végétales,85.1,2.76,13.8,1.68,1.31,12.5,0.3,0.088,120,,,,,,,,,0.75,,,,
20927,"Dessert végétal sans soja (amande, avoine, chanvre, coco, riz), nature, sans sucres ajoutés, non enrichi, rayon frais",produits laitiers,produits laitiers frais et alternatives végétales,150,1.2,6.7,13,,3.25,12,0.04,,,,,,,,,,,,,,
20928,"Dessert végétal sans soja, rayon frais (aliment moyen)",produits laitiers,produits laitiers frais et alternatives végétales,148,1.66,15.8,8,2.1,12.4,4.92,0.065,17,1.3,28,200,0.39,10,10,0.208,0.25,0.125,6.72,,0.07,0.01
20929,"Dessert au soja, rayon frais (aliment moyen)",produits laitiers,produits laitiers frais et alternatives végétales,67.2,3.38,8.19,1.8,0.93,7.13,0.33,0.082,41.1,0.46,15.6,109,0.33,10,10,2.308,0.25,0.13,16.9,,0.11,0.01
39248,"Mousse au chocolat végétale, rayon frais",produits laitiers,produits laitiers frais et alternatives végétales,262,6.69,24.3,14,5.1,23.1,9.04,0.36,34,6,81,370,1.2,10,10,0.585,0.25,0.82,15.6,,0.03,0.01
12775,"Mélange de fromages râpés (ex : spécial gratins, spécial pâtes, spécial pizzas…)",produits laitiers,fromages et alternatives végétales,386,32,0.15,28.9,0,0,20.1,1.48,,,,,,,,,,,,,,
12999,Fromage (aliment moyen),produits laitiers,fromages et alternatives végétales,324,21.1,0.71,26.3,0.015,0.42,18,1.44,553,0.23,25.3,129,2.63,7.44,24,211,,0.35,53.7,1.32,0.14,0.022
12001,"Camembert, sans précision sur le type de lait (pasteurisé ou cru)",produits laitiers,fromages et alternatives végétales,280,19.5,0,22.5,0,0,15.8,1.45,439,0.22,19.3,148,2.5,5.76,19,185,0,0.4,89,1.03,0.06,0.01
12003,"Fromage à pâte molle et croûte fleurie, non allégé en matière grasse (type camembert)",produits laitiers,fromages et alternatives végétales,271,19.7,0,21.5,0,0,14.8,1.58,,,,,,,,,,,,,,
12004,"Fromage à pâte molle et croûte fleurie, allégé en matière grasse (type camembert)",produits laitiers,fromages et alternatives végétales,178,22.6,1.07,9.3,0,0,6.8,1.44,521,0.13,24,115,2.8,6,22.3,71,,,56.9,0.96,0.02,0.01
12006,Camembert au lait cru ou thermisé,produits laitiers,fromages et alternatives végétales,267,20.7,0,20.3,0,0.1,14.1,1.45,380,0.09,18,160,2.8,10,20,181,,0.125,88,1.61,0.07,0.01
12007,Camembert au lait pasteurisé,produits laitiers,fromages et alternatives végétales,275,19.2,1.29,21.5,0,0,12.6,1.43,476,0.125,20,122,2.6,8,15,231,,0.3,60.7,0.91,0.087,0.01
12008,"Fromage à pâte molle et croûte fleurie, double crème environ 30% MG",produits laitiers,fromages et alternatives végétales,346,16.6,0.64,30.9,0.041,0.38,21.2,1.37,388,0.25,17.3,112,1.02,3.5,18.7,296,0,0.36,44.3,0.75,0.15,
12010,Coulommiers,produits laitiers,fromages et alternatives végétales,280,18.8,0,23,0.043,0,16.1,1.45,382,0.23,21.7,165,3.28,5,28,196,,,,,0.11,0.011
12015,"Fromage à pâte molle type carré ou brique, à croûte fleurie, non allégé en matière grasse",produits laitiers,fromages et alternatives végétales,330,17.8,0,28.8,0.05,0,18.7,1.31,448,0.125,19.5,108,2.5,8.4,18.6,251,,0.3,15.8,1.2,0.14,0.014
12020,"Brie, sans précision",produits laitiers,fromages et alternatives végétales,345,17.6,0.68,30.4,0.056,0.15,21.5,1.43,420,0.42,18.4,142,2.35,4.54,18.9,242,0,0.39,69.6,0.76,0.18,0.017
12021,Brie de Meaux,produits laitiers,fromages et alternatives végétales,276,21.4,1.17,20.7,0.13,0.1,14.5,2.02,310,0.15,15,120,2.3,10,50,157,0.25,0.125,115,1.28,0.08,0.01
12022,Brie de Melun,produits laitiers,fromages et alternatives végétales,288,22,0,22.2,0,0.1,15.2,1.89,180,0.08,17,210,0.84,20,70,224,0.25,0.125,140,1.89,0.05,0.01
12025,Carré de l'Est,produits laitiers,fromages et alternatives végétales,318,18.4,0.83,27,0,0.33,18.9,1.6,450,,20,140,6,5,21,,,,,,,
12028,Chaource,produits laitiers,fromages et alternatives végétales,278,17.3,0.58,22.9,0,0.1,15.8,1.9,110,0.06,12,130,0.56,10,10,243,0.25,0.125,63.2,1.6,0.09,0.01
12029,"Maroilles, laitier",produits laitiers,fromages et alternatives végétales,338,22.3,0,27.8,0,0,17.5,1.87,,,,,,,,,,,,,,
12030,"Maroilles, fermier",produits laitiers,fromages et alternatives végétales,349,21.2,0,29.5,0,0,17.3,2.07,,,,,,,,,,,,,0.19,0.014
12031,Neufchâtel,produits laitiers,fromages et alternatives végétales,300,18.1,0,25.5,0,0,18.1,1.71,74.5,0.07,9.17,117,0.55,25,32,188,,0.15,94.5,0.65,0.011,0.023
12033,"Fromage à pâte molle, triple crème, environ 38% MG",produits laitiers,fromages et alternatives végétales,380,10.5,1.05,37.2,0,0.85,25.8,1.04,415,0.3,6,119,0.54,3.2,18.7,314,0,0.36,13,0.22,0.26,0
12034,Fromage à pâte molle et croûte lavée (aliment moyen),produits laitiers,fromages et alternatives végétales,313,20,0.42,25.9,0.087,0.37,17.8,1.77,450,0.26,26,121,4.3,6.65,26.2,259.433,,0.41,63.5,1.79,0.13,0.007
12035,"Fromage à pâte molle et croûte lavée, allégé en matière grasse",produits laitiers,fromages et alternatives végétales,200,21.6,1,12.4,0,,8.08,1.63,420,,19,94,,,31.5,132,,15,,2.6,,
12036,"Maroilles, sans précision",produits laitiers,fromages et alternatives végétales,325,21.9,0,26.4,0,0.1,18.1,2.09,580,0.09,23,100,2.8,10,10,229,0.25,0.125,144,2.57,0.1,0.01
12037,Livarot,produits laitiers,fromages et alternatives végétales,301,24.6,0,22.6,0.25,0.1,15.3,1.5,730,0.07,26,94,3.1,10,30,178,0.25,0.125,140,1.68,0.12,0.015
12038,Époisses,produits laitiers,fromages et alternatives végétales,286,17.6,0,24,0.25,0,17,1.77,120,0.21,10,140,0.5,10,21,210,,0.125,,1.7,0.13,0.023
12039,Munster,produits laitiers,fromages et alternatives végétales,324,20.4,0.7,26.8,0.19,0.56,18.9,2,350,0.41,27,134,2.81,4.32,30.4,298,0,0.6,12,1.47,0.14,0
12040,Langres,produits laitiers,fromages et alternatives végétales,286,16.7,1.13,23.8,0,0.1,16.9,0.99,160,0.05,12,140,1.2,10,30,226,0.25,0.125,67.6,1.78,0.08,0.01
12041,"Fromage à pâte molle et croûte lavée, non allégé en matière grasse",produits laitiers,fromages et alternatives végétales,311,20.3,0,25.7,0,0,17.4,1.57,520,0.27,18.1,99.3,,,,194,,0.95,,1.3,0.11,0.01
12042,Pont l'Évêque,produits laitiers,fromages et alternatives végétales,326,22.7,0,26.2,0,0.1,18.2,1.3,660,0.07,24,110,2.8,10,30,200,0.25,0.125,88.9,1.74,0.11,0.015
12045,Reblochon,produits laitiers,fromages et alternatives végétales,322,20.3,0,26.9,0,0,19,1.38,471,0.32,20.2,104,4.44,5.1,19.4,,,,25,,0.2,0.019
12049,Saint-Marcellin,produits laitiers,fromages et alternatives végétales,280,15.1,0,24.3,0,0.1,18.1,1.08,140,0.05,12,180,0.54,10,10,201,0.25,0.125,93.4,1.83,0.07,0.025
12050,Fromage à pâte molle et croûte mixte (lavée et fleurie) colorée,produits laitiers,fromages et alternatives végétales,336,18.2,1,29,0,1,19.5,,450,0.2,,,,,,,,,40,0.88,,
12051,Mont d'or ou vacherin du Haut-Doubs (produit en France) ou vacherin-Mont d'Or (produit en Suisse),produits laitiers,fromages et alternatives végétales,293,17.9,0.54,24.6,0,0.5,17,1.43,491,,30,120,8,5.8,30,8.333,,,,,,
12052,Saint-Félicien,produits laitiers,fromages et alternatives végétales,281,13.4,0,25.2,0,0,18,1.28,110,0.04,9.6,130,0.44,10,50,215,0.25,0.125,57.7,1.23,0.11,0.01
12053,Fromage pour tartiflette (pâte molle et croûte mixte),produits laitiers,fromages et alternatives végétales,320,20.2,0.72,26.4,0.5,0.72,18.5,1.48,495,,,,,,,,,,,,,
12064,Boulette d'Avesne,produits laitiers,fromages et alternatives végétales,355,20.9,0,30,0,0,19.8,1.99,600,0.47,26,150,2.9,10,10,277,,0.125,103,1.31,0.18,0.025
12762,Fromage de brebis corse à pâte molle,produits laitiers,fromages et alternatives végétales,426,20.4,0,38.4,0,0,,1.9,576,0.21,34.2,105,2,,,292,,,86.9,0.95,,
12803,"Fromage de chèvre lactique affiné, type palet, crottin ou bûchette",produits laitiers,fromages et alternatives végétales,308,20.7,1.24,24.7,0,0.26,18.3,1.52,112,0.25,13.6,152,0.6,10.8,30,162,,0.25,78.8,,0.12,0.01
12807,Sainte-Maure de Touraine (fromage de chèvre),produits laitiers,fromages et alternatives végétales,286,18.5,1.12,23.3,0,0.017,17.6,1.32,122,0.3,14.5,156,0.62,10.5,40,160,,0.25,80.2,,0.074,0.021
12810,Fromage de chèvre demi-sec,produits laitiers,fromages et alternatives végétales,353,21.6,0,29.8,0,0,20.6,1.81,145,1.62,18.2,165,0.64,8.85,69.5,407,0,0.5,2,0.22,0.12,0
12812,Fromage de chèvre bûche,produits laitiers,fromages et alternatives végétales,285,18.8,0,23.3,0,0,16.2,1.58,190,0.22,12.7,167,0.61,10.1,30,152,,0.25,76.4,,0.1,0.01
12813,"Fromage de chèvre bûche, allégé en matière grasse",produits laitiers,fromages et alternatives végétales,183,22.6,1,10,0,1,6.8,1.24,183,0.1,15,210,,,,,,,,,,
12814,Fromage de chèvre à pâte molle non pressée non cuite et croûte naturelle,produits laitiers,fromages et alternatives végétales,286,19.5,0.72,23,0,0.69,16.3,1.56,445,,,,,,,,,,,,,
12815,Fromage de chèvre sec,produits laitiers,fromages et alternatives végétales,440,30.5,0,35.6,0,,24.6,1.06,895,1.88,54,48,1.59,,70,486,0,0.7,53,0.12,,0
12820,"Fromage de chèvre à pâte molle et croûte fleurie (type camembert, cabécou)",produits laitiers,fromages et alternatives végétales,288,19,0,23.8,0,0,15.9,0.84,417,0.31,26.3,153,2.43,9.5,27.5,175,0,0.25,57.6,2,0.12,0.006
12824,Fromage de brebis à pâte molle et croûte fleurie,produits laitiers,fromages et alternatives végétales,297,18,0,25.2,0,0,18.4,1.41,487,,,,,,,198,,,,2.05,,
12830,Chabichou (fromage de chèvre),produits laitiers,fromages et alternatives végétales,305,19.4,1.5,24.8,0,0.25,17.9,1.45,104,0.35,14.1,238,0.52,11.5,30,162,,0.25,46,,0.12,
12831,Pélardon (fromage de chèvre),produits laitiers,fromages et alternatives végétales,343,23.8,0,27.8,0,0,18.6,1.43,147,0.37,20.5,,0.57,9.5,30,202,,0.25,95.5,,0.17,
12832,"Crottin de chèvre, au lait cru",produits laitiers,fromages et alternatives végétales,384,23.2,0,32.6,0,0,24.1,1.01,141,0.4,18.7,,0.57,12,30,201,,0.25,91.9,,0.13,
12833,"Crottin de chèvre, sans précision sur le type de lait - pasteurisé ou cru -",produits laitiers,fromages et alternatives végétales,344,22.4,1,28,0,0,19.6,1.17,107,0.22,12.7,238,0.59,13,30,175,,0.25,77.5,0.1,0.13,0.01
12834,Crottin de Chavignol (fromage de chèvre),produits laitiers,fromages et alternatives végétales,318,20.7,1.28,25.8,0,1,19,1.58,147,0.28,17.2,300,0.83,11,30,204,,0.25,89.5,,0.14,0.015
12836,Picodon (fromage de chèvre),produits laitiers,fromages et alternatives végétales,313,19.9,1,25.6,0.13,0.9,19,1.27,126,0.28,16.9,,0.67,13,20,180,,0.25,80,,0.14,0.017
12839,Pouligny Saint-Pierre (fromage de chèvre),produits laitiers,fromages et alternatives végétales,286,17.6,1.38,23.5,0,0,16.7,1.43,100,0.33,14.8,,0.53,14,30,155,,0.25,108,,0.12,
12842,Sainte-Maure (fromage de chèvre),produits laitiers,fromages et alternatives végétales,298,20,0.91,24,0,0.52,17.1,1.56,165,0.1,17,169,,,56,310,,,,0.1,0.12,0.009
12845,Selles-sur-Cher (fromage de chèvre),produits laitiers,fromages et alternatives végétales,289,18.8,1.17,23.5,0,0.58,17.5,1.47,161,,,,,,56,,,,,0.1,0.088,0.007
12846,Chevrot (fromage de chèvre),produits laitiers,fromages et alternatives végétales,263,17.2,1.42,21.1,0,0.49,14.3,1.02,92.9,0.23,12.4,,0.31,9.25,27.5,131,,0.25,69.3,,0.11,
12847,Rocamadour (fromage de chèvre),produits laitiers,fromages et alternatives végétales,274,18.1,0.93,22.2,0.5,0.23,17,1.14,102,0.2,13.8,160,0.37,4,30,168,,0.25,80,,0.086,
12848,Valençay (fromage de chèvre),produits laitiers,fromages et alternatives végétales,295,18.9,0.64,24.3,0,0.64,17.7,1.42,120,0.19,15.3,150,0.55,9,40,166,,0.25,84.8,,0.11,0.008
12500,Roquefort (fromage de brebis),produits laitiers,fromages et alternatives végétales,384,19.5,0,33.9,0,0,24.9,3.22,660,0.1,31.9,115,1.83,5,51.2,212,0,,29.1,0.57,0.23,0.025
12519,Fourme de Montbrison,produits laitiers,fromages et alternatives végétales,365,22.5,0,30.8,0,0,20.5,1.63,,,,,,,,,,,,,0.16,0.019
12520,"Fromage bleu au lait de vache, non allégé en matière grasse",produits laitiers,fromages et alternatives végétales,361,16.8,0.68,32.5,0.063,0.18,22.5,1.87,391,0.5,17,129,2.5,16.1,48,226,0,0.1,47,0.74,0.17,0
12521,Fromage bleu d'Auvergne,produits laitiers,fromages et alternatives végétales,342,20.6,0,29,0,0,20.2,2.68,551,0.3,18.1,126,2.69,3.73,27.1,250,,,54.8,0.85,0.19,
12522,Fourme d'Ambert,produits laitiers,fromages et alternatives végétales,339,20.6,0,28.4,0,0,16.3,2.2,591,0.125,23.3,107,2.8,7.6,13,295,,0.3,26.4,0.83,0.15,0.021
12523,Fromage bleu des Causses,produits laitiers,fromages et alternatives végétales,350,20.4,0,30,0,0,21.2,3.4,582,,35,132,3,,27,,,,25,,,
12524,Gorgonzola,produits laitiers,fromages et alternatives végétales,318,19.5,0,26.9,0,0,16.4,1.89,390,0.08,18,110,2.1,10,70,300,0.25,0.24,41.2,0.73,0.082,0.012
12526,Bleu de Gex ou fromage bleu du Haut-Jura ou bleu de Septmoncel,produits laitiers,fromages et alternatives végétales,364,22.5,0,30.7,0,0,20.2,1.44,600,,,,,,,,,,,,,
12528,"Fromage bleu au lait de vache, allegé en matière grasse",produits laitiers,fromages et alternatives végétales,223,21.4,1,15,0,0.5,11,1.7,478,,,,,,,,,,,0.5,,
12099,Emmental de Savoie ou emmenthal de Savoie,produits laitiers,fromages et alternatives végétales,396,29.7,0,30.8,0,0.05,21.4,0.26,,,,,,,,,,,,,0.2,0.023
12100,Fromage à pâte pressée cuite (aliment moyen),produits laitiers,fromages et alternatives végétales,396,27.8,0.28,31.6,0.004,0.003,20.7,0.91,916,0.28,42.1,103,3.9,7.69,25.4,256.408,,,11.4,2.11,0.2,0.017
12105,Beaufort,produits laitiers,fromages et alternatives végétales,404,26.7,0.72,33,0.063,0.1,21.4,1.06,845,0.24,,118,4.75,7.22,37.3,8.333,,,,,0.33,0.024
12109,Cantal jeune,produits laitiers,fromages et alternatives végétales,363,24.7,0,29.1,0,0,18.8,1.81,730,0.125,27.6,98.2,3.5,9.8,6.5,268,,0.3,12.5,1.3,0.17,0.046
12110,Comté,produits laitiers,fromages et alternatives végétales,413,27.8,0,33.8,0,0,21.7,0.84,907,0.49,43.7,116,3.84,7.02,24.4,263,,,5,2.59,0.21,0.025
12112,Abondance,produits laitiers,fromages et alternatives végétales,393,27.1,0,31.6,0.083,0.1,20.1,1.73,760,0.09,28,120,3.5,10,10,273,0.25,0.125,39.6,2.19,0.27,0.025
12113,Gruyère IGP France,produits laitiers,fromages et alternatives végétales,415,28.2,0.7,33.2,0,0,21.6,1.11,898,0.125,32.9,97.4,3.8,11.4,17.1,244,,0.3,7.02,1.5,0.24,0.054
12114,"Gruyère, sans précision (origine France ou Suisse)",produits laitiers,fromages et alternatives végétales,408,26.3,0.78,33.5,0,0,22,1.3,800,0.17,39.2,81,4.89,5.33,23.1,271,0,0.6,10,1.6,0.34,0
12115,Emmental ou emmenthal,produits laitiers,fromages et alternatives végétales,373,27.9,0,28.8,0,0,19.7,0.61,978,0.15,48.9,97.4,3.48,5,26,232,0,0.78,20,1.84,0.11,0.01
12116,"Fromage à pâte pressée cuite type emmental ou emmenthal, allégé en matière grasse",produits laitiers,fromages et alternatives végétales,258,29.2,1.18,15.2,0,0,10.4,1.4,949,0.125,34.5,73.5,4.4,12.6,14.8,142,0,0.3,13.1,2.2,0.093,0.038
12118,"Emmental ou emmenthal, râpé",produits laitiers,fromages et alternatives végétales,368,27.6,0.58,28.2,0.042,0,18.1,0.68,977,0.125,36.3,90.4,4.3,9.4,19.8,284,0.25,0.3,8.38,1.9,0.13,0.06
12119,Ossau-Iraty (fromage de brebis),produits laitiers,fromages et alternatives végétales,423,24.2,1,36,0,0.12,24.3,1.76,764,0.32,35.6,45.7,2.43,,,273,,,35.3,1.06,0.28,0.021
12120,Parmesan,produits laitiers,fromages et alternatives végétales,411,31.1,1.14,31,0,0,20.6,1.57,980,0.1,40,110,3.9,20,90,336,0.25,0.125,16,2.64,0.14,0.045
12121,Fontina,produits laitiers,fromages et alternatives végétales,384,25.6,0.8,31.1,0,0,19.2,2,550,0.23,14,64,3.5,,,261,0,0.6,6,1.68,,0
12122,Pecorino (fromage de brebis),produits laitiers,fromages et alternatives végétales,383,25.5,1,31,0,0.25,22,5.3,1160,1.4,,94,3.5,,,139,0,0.5,7,,,
12123,Grana Padano,produits laitiers,fromages et alternatives végétales,399,33.9,1.17,28.5,0,0,17,1.35,1050,0.125,41,93.4,5.4,23.1,80.9,237,,0.3,0.85,0.96,0.11,0.06
12705,"Fromage à pâte pressée non cuite type maasdam, allégé en matière grasse",produits laitiers,fromages et alternatives végétales,238,28.2,0.8,13.8,0,0,8.9,2.06,717,0.21,31.6,76.3,4.23,9.63,24.4,117,0,0.16,59.5,1.56,0.08,0.007
12716,Provolone,produits laitiers,fromages et alternatives végétales,340,25.6,0,26.6,0,0,17.1,2.19,756,0.52,28,138,3.23,,,236,0,0.5,10,1.46,,0
12720,"Fromage à pâte pressée non cuite, enrobé de cire, non allégé en matière grasse",produits laitiers,fromages et alternatives végétales,303,21.5,0,23.8,0,0,15.3,1.78,647,0.125,26.9,76.1,3,8.3,6.5,271,0,0.3,8.15,0.52,0.12,0.041
12721,"Fromage à pâte pressée non cuite, enrobé de cire, allégé en matière grasse",produits laitiers,fromages et alternatives végétales,208,25.5,0,12,0,0.25,8,1.8,760,,,,,,,,,,,,,
12722,Cantal entre-deux,produits laitiers,fromages et alternatives végétales,383,26.6,0,30.5,0,0,19.9,1.85,791,,,,,,,,,,,,0.18,0.01
12724,Cantal,produits laitiers,fromages et alternatives végétales,378,25.3,0,31,0,0.25,24.2,2.15,817,,,,,,,,,,,,0.17,0.019
12725,Salers,produits laitiers,fromages et alternatives végétales,388,25.9,0,31.4,0,0.1,20,2.19,680,0.11,25,96,2.9,10,10,320,0.25,0.31,37.5,1.86,0.18,0.01
12726,Cheddar,produits laitiers,fromages et alternatives végétales,399,24.7,1.2,32.6,0,0.15,20.1,1.77,739,0.125,28.5,79.9,3.8,14.1,37.7,401,0,0.3,17.7,1.3,0.19,0.049
12729,Edam,produits laitiers,fromages et alternatives végétales,320,25.7,0,24.4,0,0,16.7,2.22,812,0.12,41.2,106,3.09,5,28.2,243,0,0.5,16,1.54,0.12,0
12735,Mimolette jeune (moins de 6 mois d'affinage),produits laitiers,fromages et alternatives végétales,331,28.9,0,24.2,0,0,16.1,2.44,844,,,,,,,,,,,,,
12736,Gouda,produits laitiers,fromages et alternatives végétales,369,24.7,0,30.2,0,0,20.1,1.95,774,0.24,29,121,3.9,9.02,29.7,165,0,0.5,21,1.54,0.15,0
12737,Mimolette demi-vieille (6 mois d'affinage minimum),produits laitiers,fromages et alternatives végétales,371,30.6,0.75,27.5,0,0,17.9,3,,,,,,,,,,,,,,
12738,Mimolette vieille (12 mois d'affinage minimum),produits laitiers,fromages et alternatives végétales,397,34,0,28.8,0,0.1,19,3.68,910,0.15,36,88,4.5,10,10,272,0.25,0.33,33,2.06,0.1,0.01
12740,"Mimolette, sans précision",produits laitiers,fromages et alternatives végétales,319,25.8,0,24.2,0,0,16.6,2.17,825,0.5,37.1,103,3.1,4.9,5,129,0,0.1,18.4,0.57,,
12741,"Fromage à pâte pressée non cuite type maasdam, non allégé en matière grasse",produits laitiers,fromages et alternatives végétales,359,25.5,0,28.4,0,0,19.5,1.29,708,0.12,33.5,81,3.06,8,20,248,0,0.2,20,1.9,0.11,0.01
12742,Mimolette extra-vieille (18 mois d'affinage minimum),produits laitiers,fromages et alternatives végétales,402,33.7,1,29.5,0,0,19.6,3.33,,,,,,,,,,,,,,
12743,Morbier,produits laitiers,fromages et alternatives végétales,355,22.8,0,29.2,0,0,19.2,1.41,600,0.06,23,83,2.8,10,10,201,0.25,0.125,29,1.79,0.21,0.015
12747,"Fromage de brebis à pâte pressée non cuite des Pyrénées, type tomme ou tome",produits laitiers,fromages et alternatives végétales,393,22.3,0.72,33.6,0,0.25,24,1.61,710,0.3,30,,,,,240,,0.2,24,1.2,,
12748,"Saint-Nectaire, laitier",produits laitiers,fromages et alternatives végétales,333,21.7,0.9,27.2,0,0,18.2,1.55,,,,,,,,,,,,,,
12749,Raclette (fromage),produits laitiers,fromages et alternatives végétales,342,23.4,0,27.5,0,0,18.5,1.69,658,,24.5,75.9,3,8,20,183,,,51,,0.14,0.025
12751,"Saint-Nectaire, fermier",produits laitiers,fromages et alternatives végétales,360,22.3,1.2,29.8,0,0.25,19.8,1,,,,,,,,,,,,,,
12752,"Saint-Nectaire, sans précision",produits laitiers,fromages et alternatives végétales,342,23.5,0.5,27.5,0,0,18,1.8,540,0.22,24,83.8,2.83,5.11,31.4,,,,,1.03,0.23,
12755,Saint-Paulin (fromage à pâte pressée non cuite demi-ferme),produits laitiers,fromages et alternatives végétales,327,22.3,0,26.4,0,0,17.9,1.61,600,0.11,25,71,2.7,10,10,243,,0.125,52.5,0.46,0.13,0.015
12758,Tomme ou tome de vache,produits laitiers,fromages et alternatives végétales,364,21.6,3.37,29.4,0,0,19.4,1.28,953,,33.8,,4.36,3.73,20,,,,,,0.16,0.01
12760,"Tomme ou tome, allégée en matière grasse",produits laitiers,fromages et alternatives végétales,240,31,0,13.2,0,0,8.44,1.84,852,,,,,,,,,,,,,
12761,Asiago,produits laitiers,fromages et alternatives végétales,356,32.1,0,25.6,0,0,15.9,1.9,770,0.7,,97,2.2,,,188,0,0.19,40,,,
12763,Tome des Bauges,produits laitiers,fromages et alternatives végétales,381,26.6,0,30.8,0,0,19,1.15,,,,,,,,,,,,,0.29,0.015
12764,Tête de moine,produits laitiers,fromages et alternatives végétales,415,26,0.5,34.5,0,0,21.5,2,,,,,,,,,,,,,,
12765,Raclette (fromage) fumée,produits laitiers,fromages et alternatives végétales,345,24.1,0.5,27.7,0,0.17,18.7,1.65,640,,,,,,,,,,,,,
12766,"Raclette (fromage), au poivre",produits laitiers,fromages et alternatives végétales,350,24.5,0.5,28,0,0,18.6,1.66,600,,,,,,,,,,,,,
12767,Gouda au cumin,produits laitiers,fromages et alternatives végétales,378,24.1,0.6,31,0.9,0,20.9,1.96,,,,,,,,,,,,,,
12771,Tomme ou tome de Savoie,produits laitiers,fromages et alternatives végétales,361,23.5,0.97,29.2,0,0.058,20.8,1.31,600,0.07,20,140,2.9,10,10,278,0.25,0.125,47.6,2.03,0.2,0.021
12773,Tomme ou tome des Pyrénées,produits laitiers,fromages et alternatives végétales,340,22.1,0.7,27.9,0,0.18,19.5,1.79,,,,,,,,,,,,,,
12776,Raclette de Savoie (fromage),produits laitiers,fromages et alternatives végétales,357,24.1,0,29.1,1.5,0.1,20.2,1.52,737,,,,,,,,,,,,0.17,0.018
12816,Fromage à pâte pressée demi-cuite,produits laitiers,fromages et alternatives végétales,359,25.6,0,28.8,0,0.05,19.4,1.58,833,,,,,,,,,,,,,
12850,"Fromage de chèvre à pâte pressée non cuite, type tomme ou tome ou gouda de chèvre",produits laitiers,fromages et alternatives végétales,344,22.1,0.9,28.2,0,0.18,18.9,1.71,,,,,,,,,,,,,,
12300,Fromage fondu en tranchettes,produits laitiers,fromages et alternatives végétales,246,14.1,5.34,18.5,0,4.95,12.3,2.46,436,0.12,25,370,1.8,10,24,161,,0.125,,0.56,0.08,0.01
12302,Spécialité fromagère fondue aromatisée en cubes pour l’apéritif (cubes de fromage fondu au lait de vache),produits laitiers,fromages et alternatives végétales,251,12.4,5.57,19.9,0,4.45,12.9,2.18,335,0.125,19.3,183,1.8,6.8,22.9,223,,0.3,11.9,0.16,0.1,0.042
12303,"Fromage fondu en portion (triangle), non enrichi",produits laitiers,fromages et alternatives végétales,238,11.2,8.52,17.6,0.13,5.75,12.3,1.84,543,0.125,30.9,265,1.6,6.1,23.5,187,,0.3,12.6,0.38,0.11,0.039
12304,"Fromage fondu en portion (triangle), enrichi en vitamines",produits laitiers,fromages et alternatives végétales,259,8,8.49,21.4,0,6.74,13.6,1.65,240,0.125,18.5,288,1.1,3.22,23,202,,0.3,11.2,0.85,0.12,0.042
12305,"Fromage fondu, allégé en matière grasse",produits laitiers,fromages et alternatives végétales,134,11.5,4.6,7.36,0,4.6,4.6,0.74,327,,,204,1.1,,25,141,,,,0.5,0,0.006
12306,"Fromage blanc fondu en portion (carré), non enrichi en vitamines",produits laitiers,fromages et alternatives végétales,305,8.77,2.98,28.6,0,2.21,18.9,1.34,573,0.125,9.31,82.8,1,4.9,6.5,328,,0.3,4.35,0.18,0.15,0.044
12307,"Fromage blanc fondu en portion (carré ou bâtonnet), enrichi en vitamines",produits laitiers,fromages et alternatives végétales,305,8.38,3.39,28.7,0.25,2.47,19,1.27,170,0.125,10.4,101,1.5,5.2,13.5,379,,0.65,2.45,0.23,0.16,0.046
12311,Crème de camembert,produits laitiers,fromages et alternatives végétales,,11.2,4,23,0,4,16,2.3,270,,,,,,,,,,,,,
12325,Cancoillotte (spécialité fromagère fondue),produits laitiers,fromages et alternatives végétales,151,13.8,0.48,10.5,0,0,7.06,1.73,260,0.13,8,59,1.4,4.5,20,65.2,0,0.2,12,0.39,0.04,0.01
12355,Spécialité fromagère fondante au fromage blanc et aux noix,produits laitiers,fromages et alternatives végétales,311,11.2,2.5,28.5,0.25,1.5,13,1.7,285,0.45,31,160,1.3,25,10,186,,0.25,17.9,0.3,0.87,0.03
12356,Snack pour enfants à base de fromage fondu et de gressins,produits laitiers,fromages et alternatives végétales,298,9.83,24,17.9,1,4.88,10.1,1.63,394,0.63,21,131,3.79,5.45,14.8,194,0,0.27,11.5,0.63,,
12054,"Spécialité fromagère non affinée en coque, enrichie en vitamines",produits laitiers,fromages et alternatives végétales,242,5.51,3.5,22.9,0,3,15.7,1.1,600,,,,,,,,,1.5,,,,
12059,"Brocciu ou brucciu corse, fromage à base de lactosérum de brebis et/ou de chèvre non affiné",produits laitiers,fromages et alternatives végétales,,10.2,4,13,0,2,9.2,0.88,,,,,,,,,,,,,,
12060,"Fromage type feta, au lait de vache 100%",produits laitiers,fromages et alternatives végétales,273,15.4,1.22,22.6,0,0.84,14.1,2.51,342,0.125,16.2,90.1,1.8,10.6,22.3,189,0,0.3,17.4,0.93,0.088,0.011
12061,"Fromage type feta, au lait de brebis 100%",produits laitiers,fromages et alternatives végétales,,16.3,0.83,21.8,0,0.83,15.1,2.7,276,0.2,16.5,,1.15,,,137,,,36,0.43,0.3,
12063,"Fromage type feta, au lait de vache 100%, à l'huile et aux aromates",produits laitiers,fromages et alternatives végétales,283,17.6,0.16,23.4,0,0.1,13.2,2.52,440,0.13,15,65,1.9,10,10,161,,0.84,32.3,1.3,0.39,0.01
12065,"Bouchée apéritive de fromage au lait de vache non affiné, fourrée ou enrobée",produits laitiers,fromages et alternatives végétales,274,11.3,2.92,24,0,1.7,16.3,1.63,69.8,0.36,11.8,184,1.2,5.4,6.5,214,,0.3,3.95,0.45,0.14,0.042
12066,"Feta, au lait de brebis 70% minimum et lait de chèvre 30% maximum",produits laitiers,fromages et alternatives végétales,284,15.1,0.45,24.3,0.2,0,16.8,2.27,220,0.08,12,66,1.2,10,80,215,,0.125,18.9,0.53,0.16,0.015
12067,"Fromage type feta, au lait de vache 100%, à l'huile et aux aromates, égoutté",produits laitiers,fromages et alternatives végétales,,9.75,0.5,56.6,0.1,0.29,9.97,1.91,,,,,,,,,,,,,,
12068,"Fromage frais ou spécialité fromagère non affinée, nature, à tartiner, en barquette, non allégée en matière grasse",produits laitiers,fromages et alternatives végétales,225,6.25,3.31,20.7,0,3.31,13,0.9,97.7,0.125,9.31,129,0.25,2.8,6.5,209,,0.3,4.65,0.28,0.096,0.06
12069,"Fromage frais ou spécialité fromagère non affinée, nature, à tartiner, en barquette, allégée en matière grasse",produits laitiers,fromages et alternatives végétales,133,10.8,5.12,7.48,0.25,4.79,4.94,0.92,151,0.125,14.6,186,0.72,6.2,18.5,83.4,,0.3,11.7,0.62,0.039,0.06
12070,"Fromage frais ou spécialité fromagère non affinée, ail et fines herbes, à tartiner, non allégée en matière grasse",produits laitiers,fromages et alternatives végétales,320,8.03,2.7,30.8,0,2.34,20.2,1.24,83.5,0.125,8.06,112,0.71,4.13,13.1,285,0.5,0.3,3.95,0.33,0.15,0.043
12071,Brousse (fromage de brebis frais au lactosérum),produits laitiers,fromages et alternatives végétales,142,9.38,4.81,9.36,0,4.81,5.7,0.76,260,0.125,22.8,168,0.83,5.2,43.9,87.8,,0.3,4.95,0.19,0.066,0.06
12072,Burrata,produits laitiers,fromages et alternatives végétales,259,10.8,0.93,23.4,0,0.55,15.4,0.53,208,0.125,9.55,35.3,1.7,7.6,36.5,239,,0.3,1.95,0.39,0.074,0.06
12073,"Fromage frais ou spécialité fromagère non affinée, olives, figues et noix, etc (autre que ail et fines herbes), à tartiner, non allégée en matière grasse",produits laitiers,fromages et alternatives végétales,,6.79,4.12,28.8,0.47,3.32,19.7,1.17,100,,,,,,,,,,,,,
12111,Fromage à effilocher ou à dérouler,produits laitiers,fromages et alternatives végétales,307,23.8,2.68,22.4,0,0.93,13.7,1.66,883,0.125,34.1,58.6,3.6,9.5,31.3,259,,5.55,2.45,1,0.14,0.046
12342,"Fromage frais ou spécialité fromagère non affinée, ail et fines herbes, à tartiner, allégée en matière grasse",produits laitiers,fromages et alternatives végétales,,3.06,4.5,13,0,4,8.5,1.2,113,0.38,,,,,,,0.15,,,,,
12768,"Fromage type feta, au lait de brebis 100%, à l'huile et aux aromates, égoutté",produits laitiers,fromages et alternatives végétales,,7.04,0.1,,0,0.1,,1.27,,,,,,,,,,,,,,
12805,"Fromage de chèvre frais, type palet, crottin ou bûchette",produits laitiers,fromages et alternatives végétales,194,12,2.5,15.2,0,2.17,10.7,1.15,170,0.26,11.9,159,0.4,5.95,29.5,128,0.5,0.25,47,,0.095,0.003
12819,"Fromage de chèvre à tartiner, nature",produits laitiers,fromages et alternatives végétales,161,10.8,2.41,12.2,0,2.41,8.08,0.92,78.1,0.14,9.73,93,0.37,4,32.9,84.9,0.25,0.25,26.5,0.08,0.065,0.004
12828,Fromage de lactosérum de brebis,produits laitiers,fromages et alternatives végétales,190,10.1,4.3,14.8,0,4.3,,0.63,216,0.25,21.7,,0.24,,,140,,,25,0.4,,
19584,Mascarpone,produits laitiers,fromages et alternatives végétales,369,6,3.1,37,0.25,2.99,25.9,0.13,130,0.06,13,120,0.53,25,21,367,0,0.25,2.5,0.48,0.15,0.037
19585,Ricotta,produits laitiers,fromages et alternatives végétales,,8.13,4.09,10.7,0,3.69,7.38,0.27,314,0.38,11,105,1.16,,18,120,0,0.2,12,0.34,0.16,0
19590,Mozzarella au lait de vache,produits laitiers,fromages et alternatives végétales,227,16.5,0.7,17.7,0,0.7,11.7,0.6,598,0.44,20,76,2.92,16.3,37.2,179,0,0.4,7,2.28,0.06,0.01
19591,"Mozzarella au lait de bufflonne ou buflesse (""di bufala"")",produits laitiers,fromages et alternatives végétales,260,14.5,0.18,22.3,0.063,0,15,0.49,260,0.11,9.8,17,2.1,10,30,153,0,0.125,23.6,0.45,0.06,0.01
1027,"Spécialité végétale type fromage à tartiner, au soja, préemballée",produits laitiers,fromages et alternatives végétales,174,11.7,1.05,13.1,0.25,0,1.87,1.15,32,1.3,32,170,1,10,10,3.95,0.25,0.125,74.3,,0.66,0.01
1028,"Spécialité végétale type fromage, à la noix de cajou, préemballée",produits laitiers,fromages et alternatives végétales,441,14.5,15.2,35.3,2.6,0.28,5.78,0.88,51,3.9,120,290,3.4,10,10,1.283,0.25,0.125,34.3,,0.31,0.01
1029,"Spécialité végétale type fromage en tranche ou râpé, sans soja, préemballée",produits laitiers,fromages et alternatives végétales,271,0.25,21.2,20.1,2.3,0.25,17.4,1.88,46,0.15,5.2,34,0.1,10,10,7.725,0.25,0.125,5.63,,0.02,0.01
19402,"Crème ou spécialité à base de crème légère, sans précision sur la teneur en matière grasse (aliment moyen)",produits laitiers,crèmes et spécialités à base de crème,248,2.45,2.86,25,0.93,2.36,16.1,0.077,83.6,0.12,8.06,120,0.25,1.52,6.87,263,0.74,0.082,3.71,0.13,0.095,0.013
19403,"Crème ou spécialité à base de crème légère, sans précision sur la teneur en matière grasse, fluide (aliment moyen)",produits laitiers,crèmes et spécialités à base de crème,244,2.49,3.97,24.2,0.1,3.4,14.9,0.094,85.5,0.12,8.19,120,0.26,2.06,2.13,293,2.3,0.014,5.75,0.28,0.1,0.014
19404,"Crème ou spécialité à base de crème légère, sans précision sur la teneur en matière grasse, épaisse ou semi-épaisse (aliment moyen)",produits laitiers,crèmes et spécialités à base de crème,165,2.67,4.53,14.7,0.96,2.92,9.87,0.078,93.7,0.125,8.87,125,0.25,2.11,13.4,148,0.024,0.1,2.53,0.13,0.052,0.008
19410,"Crème 30% MG, épaisse, rayon frais",produits laitiers,crèmes et spécialités à base de crème,285,2.32,1.38,29.9,1.5,1.38,19.5,0.065,78.2,0.125,7.65,118,0.25,1,6.5,297,0.25,0.1,3.25,0.05,0.11,0.015
19411,"Crème d'Isigny, >= 35% MG",produits laitiers,crèmes et spécialités à base de crème,382,2.55,3,40,0,2.56,28.9,0.076,,,,,,,,,,,,,,
19415,"Crème 30% MG, semi-épaisse, UHT",produits laitiers,crèmes et spécialités à base de crème,294,2.49,1.94,30.7,1.5,1.94,21.4,0.073,67,0.03,7,86,0.24,1.29,10.8,345,0.6,0.65,4,0.19,0.08,0.01
19417,"Crème 30% MG, fluide, UHT",produits laitiers,crèmes et spécialités à base de crème,293,2.2,3.69,30,0,2.93,18.6,0.068,74.8,0.125,7.64,115,0.25,2.14,1.25,293,2.44,0,5.75,0.28,0.11,0.014
19420,"Crème chantilly, sous pression, UHT",produits laitiers,crèmes et spécialités à base de crème,305,2.11,10.6,28.2,1.5,10.4,18.9,0.065,101,0.05,11,147,0.37,,11,188,0,0.4,3,0.29,0.11,0.01
19430,"Crème 12 à 25% MG, légère, semi-épaisse, UHT",produits laitiers,crèmes et spécialités à base de crème,189,2.78,4.34,17.6,1.5,3.41,11.8,0.088,97.5,0.125,9.24,139,0.25,1,17.1,171,0.25,0.1,4.15,0.22,0.068,0.009
19431,"Crème 12 à 25% MG, légère, épaisse, rayon frais",produits laitiers,crèmes et spécialités à base de crème,162,2.65,4.55,14.4,0.9,2.87,9.66,0.078,93.3,0.125,8.83,124,0.25,2.23,13,145,0,0.1,2.35,0.12,0.05,0.008
19432,"Spécialité à base de crème légère 4-5% MG, fluide ou épaisse",produits laitiers,crèmes et spécialités à base de crème,75,3.06,4.5,5,0,4.5,3,0.1,,,,,,,,,,,,,,
19433,"Spécialité à base de crème légère 4% MG environ, fluide ou épaisse",produits laitiers,crèmes et spécialités à base de crème,73.2,3.25,5.28,4.3,1.5,4.44,2.88,0.11,105,0.04,10,140,0.34,1.3,10.6,76.9,0.9,0.14,13,0.25,0.01,0.01
19434,"Spécialité culinaire à base de crème et d'aromates 19% MG, à cuisiner",produits laitiers,crèmes et spécialités à base de crème,195,3.06,3,19,0,3,13,1.28,100,,,,,,,,,,,,,
19435,"Spécialité culinaire à base de crème légère et d'aromates 12% MG, à cuisiner",produits laitiers,crèmes et spécialités à base de crème,128,3.06,2,12,0,2,8.5,1.28,100,,,,,,,,,,,,,
19436,"Crème 12 à 20% MG, légère, fluide, rayon frais",produits laitiers,crèmes et spécialités à base de crème,173,2.96,4.3,16,0,4.2,9.4,0.15,105,,9,127,,,,,,,,,,
18009,"Eau minérale, embouteillée, faiblement minéralisée (aliment moyen)",eaux et autres boissons,eaux,0.004,0,0.001,0,0,0,0,0.002,5.45,0.003,1.81,0.24,0.004,1.555,0,0,0,0,0,0,0,0
18044,Eau minérale (aliment moyen),eaux et autres boissons,eaux,0.024,0,0.006,0,0,0,0,0.004,19.2,0.001,3.97,0.58,0.007,2.735,0,0,0,0,0,0,0,0
18045,"Eau minérale, embouteilée, plate (aliment moyen)",eaux et autres boissons,eaux,0.025,0,0.006,0,0,0,0,0.002,20.3,0.002,4.05,0.26,0.008,2.88,0,0,0,0,0,0,0,0
18046,"Eau minérale, embouteilée, gazeuse (aliment moyen)",eaux et autres boissons,eaux,0.018,0,0.005,0,0,0,0,0.01,15.4,0,3.7,1.25,0.004,1.86,0,0,0,0,0,0,0,0
18066,Eau du robinet,eaux et autres boissons,eaux,0,0,0,0,0,0,0,0.008,7.13,0.03,0.99,0.73,0.011,,,0,0,0,0,0,0,0
18430,Eau de source gazeuse ou plate,eaux et autres boissons,eaux,0,0,0,0,0,0,0,,16.9,0.023,1.81,0.99,0.011,5,,0,,,,,0,0
76000,"Eau minérale Abatilles, embouteillée, plate, faiblement minéralisée (Arcachon, 33)",eaux et autres boissons,eaux,0,0,0,0,0,0,0,0.023,1.9,0,0.9,0.4,0,0.05,,0,,,,,0,0
76001,"Eau minérale Aix-les-Bains, embouteillée, plate, faiblement minéralisée (Aix-les-Bains, 73)",eaux et autres boissons,eaux,0,0,0,0,0,0,0,0,8.23,0,2.25,0.08,0,0.05,0,0,0,0,0,0,0,0
76002,"Eau minérale Aizac, embouteillée, gazeuse, faiblement minéralisée (Aizac, 07)",eaux et autres boissons,eaux,0,0,0,0,0,0,0,0,8.01,0.001,2.77,0.12,0.002,0.5,0,0,0,0,0,0,0,0
76004,"Eau minérale Amanda, embouteillée, plate, riche en sels minéraux (St-Amand, 59)",eaux et autres boissons,eaux,0,0,0,0,0,0,0,0.01,24,0,6.6,0.61,0,0.05,0,0,0,0,0,0,0,0
76006,"Eau minérale Arcens, embouteillée, gazeuse, moyennement minéralisée (Arcens, 07)",eaux et autres boissons,eaux,0,0,0,0,0,0,0,0.004,0.9,0,1.6,0.53,0,0.05,0,0,0,0,0,0,0,0
76007,"Eau minérale Ardesy, embouteillée, gazeuse, riche en sels minéraux (Ardes, 63)",eaux et autres boissons,eaux,0,0,0,0,0,0,0,0.064,17,0,9.2,13,0.001,0.05,0,0,0,0,0,0,0,0
76010,"Eau minérale Celtic, embouteillée, gazeuse ou plate, très faiblement minéralisée (Niederbronn, 67)",eaux et autres boissons,eaux,0.004,0,0.001,0,0,0,0,0,1.05,0,0.4,0.19,0,0.05,0,0,0,0,0,0,0,0
76011,"Eau minérale Chambon, embouteillée, plate, faiblement minéralisée (Chambon, 45)",eaux et autres boissons,eaux,0.012,0,0.003,0,0,0,0,0.003,9.6,0.001,0.61,0.37,0,0.5,0,0,0,0,0,0,0,0
76012,"Eau minérale Chantemerle, embouteillée, plate, faiblement minéralisée (Le Pestrin, 07)",eaux et autres boissons,eaux,0,0,0,0,0,0,0,0,2.62,0,0.96,0.13,0.007,0.05,0,0,0,0,0,0,0,0
76013,"Eau minérale Chateauneuf, embouteillée, gazeuse, riche en sels minéraux (Chateauneuf, 63)",eaux et autres boissons,eaux,0,0,0,0,0,0,0,0.038,11.9,0,3,4.4,0,0.05,0,0,0,0,0,0,0,0
76014,"Eau minérale Chateldon, embouteillée, gazeuse, riche en sels minéraux (Chateldon, 63)",eaux et autres boissons,eaux,0,0,0,0,0,0,0,0.001,34,0,4.9,4.1,0.004,0.05,0,0,0,0,0,0,0,0
76015,"Eau minérale Clos de l'Abbaye, embouteillée, plate, moyennement minéralisée (St-Amand, 59)",eaux et autres boissons,eaux,0.064,0,0.016,0,0,0,0,0.006,16.4,0.001,4.15,0.36,0.001,0.5,0,0,0,0,0,0,0,0
76016,"Eau minérale Contrex, embouteillée, plate, riche en sels minéraux (Contrexéville, 88)",eaux et autres boissons,eaux,0.031,0,0.008,0,0,0,0,0.001,46.8,0,7.45,0.28,0.009,5,0,0,0,0,0,0,0,0
76017,"Eau minérale Dax, embouteillée, plate, moyennement minéralisée (Dax, 40)",eaux et autres boissons,eaux,0.28,0,0.069,0,0,0,0,0.031,,,,,,,0,0,0,0,0,0,0,0
76018,"Eau minérale Didier, embouteillée, gazeuse, riche en sels minéraux (Martinique)",eaux et autres boissons,eaux,0,0,0,0,0,0,0,0.032,13.7,0,11.3,1.4,0,0.05,0,0,0,0,0,0,0,0
76019,"Eau minérale Didier, embouteillée, plate, riche en sels minéraux (Martinique)",eaux et autres boissons,eaux,0,0,0,0,0,0,0,0.004,17.2,0.001,10.7,1.31,0,0.5,0,0,0,0,0,0,0,0
76020,"Eau minérale Evian, embouteillée, plate, faiblement minéralisée (Evian, 74)",eaux et autres boissons,eaux,0,0,0,0,0,0,0,0.001,8,0.004,2.6,0.1,0.003,0.5,0,0,0,0,0,0,0,0
76022,"Eau minérale Hépar, embouteillée, plate, riche en sels minéraux (Vittel, 88)",eaux et autres boissons,eaux,0,0,0,0,0,0,0,0.003,54.9,0,11.9,0.41,0.005,5,0,0,0,0,0,0,0,0
76023,"Eau minérale Hydroxydase, embouteillée, gazeuse, riche en sels minéraux (Le Breuil sur Couze, 63)",eaux et autres boissons,eaux,1.04,0,0,0,0,0,0,0.058,20.1,0,24,18.2,0.001,0.05,0,0,0,0,0,0,0,0
76024,"Eau minérale Vernière, embouteillée, gazeuse, moyennement minéralisée (Les Aires, 34)",eaux et autres boissons,eaux,0,0,0,0,0,0,0,0.002,18,0,7.3,4,0.016,0.05,0,0,0,0,0,0,0,0
76025,"Eau minérale Luchon, embouteillée, plate, faiblement minéralisée (Luchon, 31)",eaux et autres boissons,eaux,0,0,0,0,0,0,0,0,2.65,0,0.1,0.02,0,0.05,0,0,0,0,0,0,0,0
76027,"Eau minérale Mont-Roucous, embouteillée, plate, très faiblement minéralisée (Lacaune, 81)",eaux et autres boissons,eaux,0,0,0,0,0,0,0,0.001,0.24,0,0.05,0.04,0,0.05,0,0,0,0,0,0,0,0
76029,"Eau minérale Orée du bois, embouteillée, plate, moyennement minéralisée (St-Amand, 59)",eaux et autres boissons,eaux,0,0,0,0,0,0,0,0.01,24,0,6.12,0.64,0,0.05,0,0,0,0,0,0,0,0
76030,"Eau minérale Orezza, embouteillée, gazeuse, moyennement minéralisée (Rapaggio, 20B)",eaux et autres boissons,eaux,0,0,0,0,0,0,0,0.002,18.5,0,1.65,0.16,0,0.05,0,0,0,0,0,0,0,0
76031,"Eau minérale Parot, embouteillée, gazeuse, moyennement minéralisée (St-Romain-le-Puy, 42)",eaux et autres boissons,eaux,0,0,0,0,0,0,0,0.016,11,0.002,9.4,11,0,0.05,0,0,0,0,0,0,0,0
76032,"Eau minérale Plancoet, embouteillée, gazeuse ou plate, faiblement minéralisée (Plancoet, 22)",eaux et autres boissons,eaux,0,0,0,0,0,0,0,0.006,2.3,0,1.4,0.45,0,0.05,0,0,0,0,0,0,0,0
76033,"Eau minérale Propiac, embouteillée, plate, riche en sels minéraux (Propiac, 26)",eaux et autres boissons,eaux,0.92,0,0,0,0,0,0,0.17,,,,,,,0,0,0,0,0,0,0,0
76034,"Eau minérale Puits St-Georges, embouteillée, gazeuse, moyennement minéralisée (St-Romain-le-Puy, 42)",eaux et autres boissons,eaux,0,0,0,0,0,0,0,0.006,4.5,0,3.3,1.8,0,0.05,0,0,0,0,0,0,0,0
76035,"Eau minérale Quézac, embouteillée, gazeuse, moyennement minéralisée (Quézac, 48)",eaux et autres boissons,eaux,0,0,0,0,0,0,0,0.003,17,0,6.9,3.8,0.001,0.05,0,0,0,0,0,0,0,0
76036,"Eau minérale Reine des basaltes, embouteillée, gazeuse, moyennement minéralisée (Asperjoc, 07)",eaux et autres boissons,eaux,0,0,0,0,0,0,0,0.002,12.5,0.001,6.45,2.57,0.002,0.05,0,0,0,0,0,0,0,0
76037,"Eau minérale Rozana, embouteillée, gazeuse, riche en sels minéraux (Beauregard, 63)",eaux et autres boissons,eaux,0,0,0,0,0,0,0,0.11,30.1,0,16,5.2,0,0.05,0,0,0,0,0,0,0,0
76038,"Eau minérale Sail-les-Bains, embouteillée, plate, faiblement minéralisée (Sail-les-Bains, 42)",eaux et autres boissons,eaux,0,0,0,0,0,0,0,0.006,2.1,0.001,0.2,0.48,0.001,0.5,0,0,0,0,0,0,0,0
76039,"Eau minérale Salvetat, embouteillée, gazeuse, moyennement minéralisée (La Salvetat, 34)",eaux et autres boissons,eaux,0.12,0,0.03,0,0,0,0,0.001,21,0,0.95,0.23,0,0.05,0,0,0,0,0,0,0,0
76043,"Eau minérale St-Amand, embouteillée, gazeuse ou plate, moyennement minéralisée (St-Amand, 59)",eaux et autres boissons,eaux,0,0,0,0,0,0,0,0.006,17.6,0,4.6,0.5,0,0.05,0,0,0,0,0,0,0,0
76044,"Eau minérale St-Antonin, embouteillée, plate, riche en sels minéraux (St-Antonin-Noble-Val, 82)",eaux et autres boissons,eaux,0.088,0,0.022,0,0,0,0,0.002,56.8,0.009,8.9,0.3,0.001,0.5,0,0,0,0,0,0,0,0
76046,"Eau minérale St-Diéry, embouteillée, gazeuse, riche en sels minéraux (St-Diéry, 63)",eaux et autres boissons,eaux,0.02,0,0.005,0,0,0,0,0.019,8.5,0,8,6.5,0,0.05,0,0,0,0,0,0,0,0
76047,"Eau minérale Ste-Marguerite, embouteillée, gazeuse, moyennement minéralisée (St-Maurice, 63)",eaux et autres boissons,eaux,0,0,0,0,0,0,0,0.038,7.1,0,4,3.3,0.001,0.05,0,0,0,0,0,0,0,0
76049,"Eau minérale St-Yorre, embouteillée, gazeuse, riche en sels minéraux (Saint-Yorre, 03)",eaux et autres boissons,eaux,0.038,0,0.009,0,0,0,0,0.053,9,0,1.1,11,0,0.05,0,0,0,0,0,0,0,0
76050,"Eau minérale Thonon, embouteillée, plate, faiblement minéralisée (Thonon, 74)",eaux et autres boissons,eaux,0.029,0,0.007,0,0,0,0,0.001,9.2,0,1.9,0.05,0,0.05,0,0,0,0,0,0,0,0
76052,"Eau minérale Vals-Vivaraise, embouteillée, gazeuse, moyennement minéralisée (Vals, 07)",eaux et autres boissons,eaux,0,0,0,0,0,0,0,,,0,,,,0.05,,0,,,,,0,0
76053,"Eau minérale Ventadour, embouteillée, gazeuse, faiblement minéralisée (Le Pestrin, 07)",eaux et autres boissons,eaux,0.12,0,0.03,0,0,0,0,0,4.5,0.001,1.05,0.21,0.006,0.05,0,0,0,0,0,0,0,0
76054,"Eau minérale Vernet, embouteillée, gazeuse, faiblement minéralisée (Prades, 07)",eaux et autres boissons,eaux,0,0,0,0,0,0,0,0.001,3.2,0,1.7,2.2,0.004,0.05,0,0,0,0,0,0,0,0
76055,"Eau minérale Vichy Célestins, embouteillée, gazeuse, riche en sels minéraux (Saint-Yorre, 03)",eaux et autres boissons,eaux,0.05,0,0.013,0,0,0,0,0.039,10.3,0,1,6.6,0.001,0.05,0,0,0,0,0,0,0,0
76056,"Eau minérale Vittel, embouteillée, plate, moyennement minéralisée (Vittel, 88)",eaux et autres boissons,eaux,0.082,0,0.02,0,0,0,0,0.001,24,0,4.2,0.19,0.02,5,0,0,0,0,0,0,0,0
76057,"Eau minérale Volvic, embouteillée, plate, faiblement minéralisée (Volvic, 63)",eaux et autres boissons,eaux,0.009,0,0.002,0,0,0,0,0.003,1.2,0,0.8,0.6,0.005,5,0,0,0,0,0,0,0,0
76058,"Eau minérale Volvic active, embouteillée, gazeuse, faiblement minéralisée (Volvic, 63)",eaux et autres boissons,eaux,0,0,0,0,0,0,0,0.002,1.07,0.001,0.75,0.58,0,0.5,0,0,0,0,0,0,0,0
76059,"Eau minérale Wattwiller, embouteillée, gazeuse ou plate, faiblement minéraliséee (Wattwiller, 68)",eaux et autres boissons,eaux,0,0,0,0,0,0,0,0.001,3.5,0,1.1,0.11,0.011,0.05,0,0,0,0,0,0,0,0
76060,"Eau minérale Perrier, embouteillée, gazeuse, faiblement minéralisée (Vergèse, 30)",eaux et autres boissons,eaux,0,0,0,0,0,0,0,0.002,16,0,0.42,0.05,0.011,5,0,0,0,0,0,0,0,0
76061,"Eau minérale Badoit, embouteillée, gazeuse, moyennement minéralisée (St-Galmier, 42)",eaux et autres boissons,eaux,0,0,0,0,0,0,0,0.009,15.3,0,8,1.1,0.005,5,0,0,0,0,0,0,0,0
76062,"Eau minérale Avra, embouteillée, plate, faiblement minéralisée (Grèce)",eaux et autres boissons,eaux,0,0,0,0,0,0,0,0.001,11.1,0,1,0.07,0,0,0,0,0,0,0,0,0,0
76063,"Eau minérale Beckerich, embouteillée, plate, faiblement minéralisée (Luxembourg)",eaux et autres boissons,eaux,0,0,0,0,0,0,0,0.001,9.7,0,0.5,0.06,0,0.05,0,0,0,0,0,0,0,0
76065,"Eau minérale Chaudfontaine, embouteillée, plate, faiblement minéralisée (Belgique)",eaux et autres boissons,eaux,0,0,0,0,0,0,0,0.006,6.5,0,1.8,0.25,0,0,0,0,0,0,0,0,0,0
76066,"Eau minérale Christinen Brunnen, embouteillée, plate, moyennement minéralisée (Allemagne)",eaux et autres boissons,eaux,0,0,0,0,0,0,0,0.047,3.3,0,0,0,0,0,0,0,0,0,0,0,0,0
76067,"Eau minérale Courmayeur, embouteillée, plate, riche en sels minéraux (Italie)",eaux et autres boissons,eaux,0,0,0,0,0,0,0,0,51.7,0,6.7,0.2,0,0.05,0,0,0,0,0,0,0,0
76069,"Eau minérale Levissima, embouteillée, plate, faiblement minéralisée (Italie)",eaux et autres boissons,eaux,0,0,0,0,0,0,0,0,2,0,0.2,0.2,0,0,0,0,0,0,0,0,0,0
76070,"Eau minérale Luso, embouteillée, plate, très faiblement minéralisée (Portugal)",eaux et autres boissons,eaux,0,0,0,0,0,0,0,0.002,0.1,0,0.2,0,0,0,0,0,0,0,0,0,0,0
76071,"Eau minérale Néro, embouteillée, plate, faiblement minéralisée (Grèce)",eaux et autres boissons,eaux,0,0,0,0,0,0,0,0.01,5.9,0,3.5,0.2,0,0,0,0,0,0,0,0,0,0
76072,"Eau minérale Penacova, embouteillée, plate, très faiblement minéralisée (Portugal)",eaux et autres boissons,eaux,0,0,0,0,0,0,0,0.002,0.1,0,0.1,0,0,0,0,0,0,0,0,0,0,0
76074,"Eau minérale San Bernardo, embouteillée, gazeuse ou plate, très faiblement minéralisée (Italie)",eaux et autres boissons,eaux,0,0,0,0,0,0,0,0,1.1,0,0.05,0.04,0,0,0,0,0,0,0,0,0,0
76075,"Eau minérale San Pellegrino, embouteillée, gazeuse, moyennement minéralisée (Italie)",eaux et autres boissons,eaux,0,0,0,0,0,0,0,0.011,20.8,0,5.1,0.3,0,0.05,0,0,0,0,0,0,0,0
76076,"Eau minérale Spa-Reine, embouteillée, gazeuse ou plate, moyennement minéralisée (Belgique)",eaux et autres boissons,eaux,0,0,0,0,0,0,0,0.001,0.45,0,0.13,0.05,0,0,0,0,0,0,0,0,0,0
76078,"Eau minérale Valvert, embouteillée, plate, faiblement minéralisée (Belgique)",eaux et autres boissons,eaux,0,0,0,0,0,0,0,0,6.78,0,0.2,0.045,0,0,0,0,0,0,0,0,0,0
76079,"Eau minérale Appollinaris, embouteillée, plate, riche en sels minéraux (Allemagne)",eaux et autres boissons,eaux,0,0,0,0,0,0,0,0.017,9,0,11,3,0,0,0,0,0,0,0,0,0,0
76081,"Eau minérale Biovive, embouteillée, plate, faiblement minéralisée (Dax, 40)",eaux et autres boissons,eaux,0.044,0,0.011,0,0,0,0,0.003,4.2,0,0.38,0.24,,0.05,,0,,,,,0,0
76082,"Eau minérale La Cairolle, embouteillée, plate, riche en sels minéraux (Les Aires, 34)",eaux et autres boissons,eaux,0.43,0,0.11,0,0,0,0,0.002,34,,4,1.25,,,,0,,,,,0,0
76083,"Eau minérale Cilaos, embouteillée, gazeuse, riche en sels minéraux (Cilaos, 974)",eaux et autres boissons,eaux,0,0,0,0,0,0,0,0.001,11.1,0.002,7.05,0.53,,0.05,,0,,,,,0,0
76085,"Eau minérale La Française, embouteillée, plate, riche en sels minéraux (Propiac, 26)",eaux et autres boissons,eaux,0.49,0,0,0,0,0,0,0.16,35.4,0,8.3,2.2,,0.05,,0,,,,,0,0
76086,"Eau minérale Montcalm, embouteillée, plate, très faiblement minéralisée (Auzat, 09)",eaux et autres boissons,eaux,0.01,0,0.003,0,0,0,0,0,0.3,0,0.07,0.06,,0.05,,0,,,,,0,0
76087,"Eau minérale Montclar, embouteillée, plate, faiblement minéralisée (Montclar, 04)",eaux et autres boissons,eaux,0.036,0,0.009,0,0,0,0,0.001,4.1,0,0.3,,,0.05,,0,,,,,0,0
76088,"Eau minérale Nessel, embouteillée, gazeuse, moyennement minéralisée (Soultzmatt, 68)",eaux et autres boissons,eaux,0.33,0,0.082,0,0,0,0,0.007,11.4,0,5.42,4,,0.05,,0,,,,,0,0
76089,"Eau minérale Ogeu, embouteillée, gazeuse, faiblement minéralisée (Ogeu-les-Bains, 64)",eaux et autres boissons,eaux,0.05,0,0.012,0,0,0,0,0.008,4.8,,1.2,0.1,,,,0,,,,,0,0
76090,"Eau minérale Ogeu, embouteillée, plate, faiblement minéralisée (Ogeu-les-Bains, 64)",eaux et autres boissons,eaux,0.073,0,0.018,0,0,0,0,0.004,4.9,,1.7,0.1,,,,0,,,,,0,0
76091,"Eau minérale Prince Noir, embouteillée, plate, riche en sels minéraux (St-Antonin-Noble-Val, 82)",eaux et autres boissons,eaux,0,0,0,0,0,0,0,0.002,52.8,0,7.8,0.3,,0.05,,0,,,,,0,0
76092,"Eau minérale St-Alban, embouteillée, gazeuse, moyennement minéralisée (St-Alban, 42)",eaux et autres boissons,eaux,0,0,0,0,0,0,0,0.003,18,0.002,5,2.8,0.001,0.5,0,0,0,0,0,0,0,0
76093,"Eau minérale St-Géron, embouteillée, gazeuse, moyennement minéralisée (St-Géron, 43)",eaux et autres boissons,eaux,0.28,0,0.071,0,0,0,0,0.007,7.91,0.001,5.37,1.84,,0.05,,0,,,,,0,0
76094,"Eau minérale St-Michel-de-Mourcairol, embouteillée, gazeuse, moyennement minéralisée (Les Aires, 34)",eaux et autres boissons,eaux,0.33,0,0.082,0,0,0,0,0.004,23,0,10,5.5,,0.05,,0,,,,,0,0
76095,"Eau minérale Treignac, embouteillée, plate, très faiblement minéralisée (Treignac, 19)",eaux et autres boissons,eaux,0.005,0,0.001,0,0,0,0,0.001,0.12,0,,0.025,,0.05,,0,,,,,0,0
76096,"Eau minérale Vals, embouteillée, gazeuse, moyennement minéralisée (Vals-les-Bains, 07)",eaux et autres boissons,eaux,0.08,0,0.02,0,0,0,0,0.004,2.22,0.001,1.35,3.38,0.003,0.5,0,0,0,0,0,0,0,0
76097,"Eau minérale Vauban, embouteillée, plate, moyennement minéralisée (St-Amand-les-Eaux, 59)",eaux et autres boissons,eaux,0.35,0,0.088,0,0,0,0,0.01,23,0,6.6,0.8,,0.05,,0,,,,,0,0
76101,"Eau minérale Mont-Blanc, embouteillée, plate, faiblement minéralisée (Italie)",eaux et autres boissons,eaux,0,0,0,0,0,0,0,,2.9,,0.24,0.19,,,,0,,,,,0,0
76102,"Eau minérale Eden (La Goa), embouteillée, plate, faiblement minéralisée (Suisse)",eaux et autres boissons,eaux,0,0,0,0,0,0,0,,3.45,,0.31,0.07,,,,0,,,,,0,0
76103,"Eau minérale Velleminfroy, embouteillée, gazeuse ou plate, riche en sels minéraux (Chatenois, 70)",eaux et autres boissons,eaux,0,0,0,0,0,0,0,,51,0.027,6.6,0.26,0,0.025,25,0,,,,,0,0
2000,"Jus d'ananas, à base de concentré",eaux et autres boissons,boissons sans alcool,52.3,0.41,11.9,0.096,0.18,11.9,0.044,0.011,14.3,0.15,17,144,0.066,5,1,0.25,15,0,18,0,0.017,0
2002,"Jus multifruit, pur jus, multivitaminé",eaux et autres boissons,boissons sans alcool,48.4,0.48,11.3,0.1,0.25,11,0,0.004,9.6,0.12,9.98,171,0.036,5,1,31.7,24,0.25,30.5,0,,
2004,Jus de fruits (aliment moyen),eaux et autres boissons,boissons sans alcool,46.8,0.53,10.2,0.13,0.28,9.98,0.04,0.012,4.31,0.11,9.53,155,0.04,,2.16,5.07,32.2,0,24.1,0,,0.001
2006,"Jus de carotte, pur jus",eaux et autres boissons,boissons sans alcool,29.4,0.4,6.55,0.1,0.33,5.95,0.037,0.1,13.6,0.46,8.75,210,0.086,1.1,2,775,8.5,0,4,0,0.007,0
2007,"Jus de citron, fait maison",eaux et autres boissons,boissons sans alcool,28.6,0.35,2.52,0.24,0.3,2.52,0.04,0.006,12.4,0.08,5.99,103,0.049,1.1,0.9,0.083,38.7,0,20,0,0.009,0
2011,"Jus multifruit, base orange, multivitaminé",eaux et autres boissons,boissons sans alcool,45.5,0.25,11.3,0.4,0.25,11.1,,0.008,11,0.1,8.7,150,0.025,10,10,73.333,34.7,,90,1,,
2012,"Jus d'orange, à base de concentré",eaux et autres boissons,boissons sans alcool,45.6,0.63,9.59,0.13,0.25,9.59,0.034,0.008,7.25,0.08,10.9,154,0.022,5,0.45,0.88,44.2,0,30,0,0.006,0
2013,"Jus d'orange, frais",eaux et autres boissons,boissons sans alcool,44.8,0.7,9.19,0.2,0.2,8.4,0.024,0.001,10.5,0.079,13.2,200,0.027,5,1,2.75,50,0,30,0,,0
2014,"Jus de pomme, à base de concentré",eaux et autres boissons,boissons sans alcool,48.5,0.24,11.3,0.098,0.3,10.8,0.033,0.014,6.45,0.085,7.07,128,0.01,5,0.7,0.35,13.2,0,4.95,0,0.009,0
2015,"Jus de pamplemousse (pomélo), à base de concentré",eaux et autres boissons,boissons sans alcool,40.9,0.52,8.41,0.1,0.21,8.41,0.074,0.01,10.6,0.2,7.91,115,0.037,1.1,0.6,0.25,23.7,0,11.8,0,0.004,0
2016,"Jus de raisin, pur jus",eaux et autres boissons,boissons sans alcool,69.2,0.25,16.3,0.057,0.14,16,0.031,0.009,8.29,0.47,8.35,114,0.056,5,0.5,0.42,,0,2.5,0,0.005,0
2017,"Jus de grenade, pur jus",eaux et autres boissons,boissons sans alcool,54,0.15,12.7,0.29,0.1,12.7,0.077,0.023,11,0.1,7,214,0.09,,,0,0.1,0,24,0,,0
2018,Jus de pruneau,eaux et autres boissons,boissons sans alcool,77.4,0.37,18.7,0.039,0.45,13.5,0.003,0.025,12,1.18,14,276,0.21,,,0.17,4.1,0,,0,,0
2019,"Jus de raisin, à base de concentré",eaux et autres boissons,boissons sans alcool,67.1,0.31,16,0.11,0.15,16,0.055,0.007,16,0.43,7.8,62,0.025,10,10,0.21,9,,43,,,
2023,"Jus de mangue, frais",eaux et autres boissons,boissons sans alcool,38.8,0.19,9.5,0,0,9.3,0,0.028,,,14.3,,0.02,0.1,3,31.3,,0,27.1,0,,
2024,"Jus de fruit de la passion ou maracudja, frais",eaux et autres boissons,boissons sans alcool,61.7,0.67,14.3,0.18,0.2,14.3,0.015,0.015,4,0.36,17,278,0.06,,,43.8,18.2,0,8,0,,0
2025,"Jus de pamplemousse (pomélo), frais",eaux et autres boissons,boissons sans alcool,43.7,0.5,9.1,0.1,0.1,9.1,0.014,0.003,9,0.2,12,162,0.05,,0.6,0.33,38,0,10,0,,0
2026,"Jus de tomate, pur jus, salé à 3 g/L",eaux et autres boissons,boissons sans alcool,23.2,0.88,4.13,0.17,0.23,4.13,0,0.3,7.98,,12.5,263,,,0.4,0,,,,,,
2027,"Jus de pamplemousse (pomelo), pur jus",eaux et autres boissons,boissons sans alcool,42.5,0.49,8.89,0.083,0.15,8.89,0.044,0.008,4.83,0.15,8.63,128,0.05,,1,18.1,22.5,0,12.6,,,
2028,"Jus de citron, pur jus",eaux et autres boissons,boissons sans alcool,29.4,0.4,6.1,0.29,0.4,2.4,0.038,0.053,11,0.13,8,102,0.06,,,0.17,24.8,0,10,0,,0
2030,"Jus de citron vert, frais",eaux et autres boissons,boissons sans alcool,9.87,0.42,1.69,0.07,0.4,1.69,0.008,0.005,14,0.09,8,117,0.08,,,2.5,30,0,10,0,,0
2031,"Jus de citron vert, pur jus",eaux et autres boissons,boissons sans alcool,25.7,0.25,1.69,0.23,0.45,1.69,0.026,0.026,12,0.23,7,75,0.06,,1.2,0.83,6.4,0,8,0,,0
2032,"Jus de tomate, pur jus, salé à 6 g/L",eaux et autres boissons,boissons sans alcool,20.1,0.88,3.32,0.11,0.56,3.3,0.07,0.6,5.1,0.42,13.7,302,0.18,0.3,0.2,19.6,25.8,0,12,0,0.002,0
2033,"Jus multifruit, à base de jus et purée de fruits",eaux et autres boissons,boissons sans alcool,49.1,0.46,11.5,0.11,0.21,11.3,0.026,0.01,,,,,,,,0,19.4,,23,,,
2034,"Jus de clémentine ou mandarine, pur jus",eaux et autres boissons,boissons sans alcool,46.7,0.66,10.4,0.14,0.15,10,0.043,0.009,2.8,0.3,9.3,123,0.05,0.5,1,2.5,17.6,0,19,0,,
2035,"Jus multifruit, pur jus, standard",eaux et autres boissons,boissons sans alcool,46.5,0.25,11.2,0.15,0.25,10.1,0.005,0.002,5.4,0.08,7,140,0.025,10,10,7.08,11.5,0,2.5,0,0.005,0.01
2036,"Jus multifruit, base raisin, standard",eaux et autres boissons,boissons sans alcool,54.6,0.5,13,0,0.3,13,0,0.003,,,,,,,,0,,,,,,
2038,"Jus multifruit, base orange, standard",eaux et autres boissons,boissons sans alcool,46.8,0.7,10.4,0.16,0.44,10.1,0.05,0.069,,,11.9,152,,,,2.08,20.8,,19.2,,,
2039,"Jus de grenade, frais",eaux et autres boissons,boissons sans alcool,47.2,0.2,11.6,0,0,11.6,0,0.003,3,0.2,,200,0.1,,,2.75,8,0,6,,,
2040,"Jus de cerise des Antilles ou d'acérola, frais",eaux et autres boissons,boissons sans alcool,22.9,0.4,4.5,0.3,0.3,4.5,0.068,0.007,10,0.5,12,97,0.1,,,25.4,1600,,14,0,,0
2048,"Jus multifruit, base pomme, standard",eaux et autres boissons,boissons sans alcool,49.9,0.33,12.2,0.05,0.25,10.1,,0,,,5.94,99.1,,,,17.3,25.4,,16.2,,,
2050,"Jus multifruit, base pomme, multivitaminé",eaux et autres boissons,boissons sans alcool,41.9,0.33,10.1,0.05,0.25,10.1,,,,,5.9,69.5,,,,17.25,26.2,,20.7,,,
2052,"Jus de fruit(s) et de légume(s), pur jus",eaux et autres boissons,boissons sans alcool,42.8,0.85,9.5,0,0.7,8.6,0,0,,,,,,,,0,,,,,,
2053,"Jus de tomate, pur jus (aliment moyen)",eaux et autres boissons,boissons sans alcool,21.7,0.88,3.73,0.14,0.4,3.72,0.035,0.45,6.54,,13.1,283,,,0.3,0,,,,,,
2069,"Jus multifruit, à base de concentré, standard",eaux et autres boissons,boissons sans alcool,49.6,0.52,11.2,0.15,0.62,10.8,0.021,0.02,11.1,0.1,8.2,148,0.05,0.5,10,37.4,17.8,0,18.8,0,,
2070,"Jus d'orange, pur jus",eaux et autres boissons,boissons sans alcool,45.4,0.61,9.61,0.11,0.28,9.61,0.053,0.012,0.41,0.068,10,165,0.045,,0.7,2.18,37,0,30,0,,0
2071,"Jus multifruit, à base de concentré, multivitaminé",eaux et autres boissons,boissons sans alcool,45.5,0.29,10.8,0.091,0.27,10.3,0.051,0.019,,,,,,,,,16.2,,45.6,,,
2072,"Jus de fruits, pur jus (aliment moyen)",eaux et autres boissons,boissons sans alcool,46.6,0.51,10.2,0.11,0.26,10,0.046,0.013,1.81,0.11,9.05,154,0.045,,1.7,2.46,30.6,0,23.4,0,,0.001
2073,"Jus d'ananas, pur jus",eaux et autres boissons,boissons sans alcool,52.9,0.41,12.1,0.074,0.22,12.1,0.031,0.013,8.08,0.18,13.6,134,0.073,1.1,1,0,14,0,23,0,,
2074,"Jus de pomme, pur jus",eaux et autres boissons,boissons sans alcool,48.9,0.17,11.4,0.14,0.23,10.9,0.046,0.022,4.32,0.3,4.56,113,0.05,0.1,1,0.58,14.5,0,6.75,0,,0
2075,"Jus de légumes, pur jus (aliment moyen)",eaux et autres boissons,boissons sans alcool,24.3,0.72,4.69,0.13,0.37,4.48,0.036,0.33,8.94,0.44,11.6,258,0.13,0.71,0.88,403,17,0,7.94,0,0.005,0
2077,"Jus de fruits, à base de concentré (aliment moyen)",eaux et autres boissons,boissons sans alcool,47.6,0.55,10.4,0.13,0.36,10.2,0.031,0.012,8.7,0.095,9.86,148,0.031,3.76,3.49,11.6,32.1,0,24.4,0,0.007,0
2377,"Jus d'orange sanguine, pur jus",eaux et autres boissons,boissons sans alcool,45.6,0.63,10.2,0.1,0.68,9.75,0.043,0.01,,,,,,,,0,39.8,0,,0,,
2381,Jus de canneberge ou cranberry,eaux et autres boissons,boissons sans alcool,49.8,,12.1,0.13,0.1,12.1,0.01,0.005,8,0.25,6,77,0.1,,,2.25,9.3,0,1,0,,0
2500,"Smoothie, sans précision sur la teneur en fruits et les ingrédients autres que fruits",eaux et autres boissons,boissons sans alcool,60.2,0.62,12.9,0.26,1.08,11.7,0.17,0.01,9.65,0.24,11.5,165,0.07,10,10,19.833,20.2,,28.6,,,0
2009,"Nectar multifruit, base pomme, standard",eaux et autres boissons,boissons sans alcool,41.1,0.28,10,0.05,0,10,,,,,4.7,78.5,,,,0,,,35,,0,0
2010,"Nectar multifruit, base pomme, multivitaminé",eaux et autres boissons,boissons sans alcool,36.4,0.05,9.1,0.05,0,9.1,,,,,4.4,43.2,,,,,15.1,,17,,0,0
2022,Nectar de fraise,eaux et autres boissons,boissons sans alcool,47.5,0.3,11.3,0.1,0.1,11,0,0.005,12.3,0.25,8.14,102,0.06,0.19,,0,,,,,0,0
2043,Nectar d'abricot,eaux et autres boissons,boissons sans alcool,58.6,0.21,13.7,0.03,0.08,11,0.005,0.004,11.5,0.38,5.28,114,0.05,1.1,0.2,65.5,17.6,0,1,0,0,0
2045,Nectar de papaye,eaux et autres boissons,boissons sans alcool,58.9,0.17,13.9,0.15,0.6,13.9,0.047,0.013,10,0.34,3,31,0.15,,,7.58,3,0,2,0,0,0
2054,Nectar de poire,eaux et autres boissons,boissons sans alcool,62.5,0.19,14.8,0.043,0.45,11.4,0.001,0.003,5,0.26,3,13,0.07,,0.7,0.083,1.1,0,1,0,0,0
2060,"Nectar multifruit, multivitaminé",eaux et autres boissons,boissons sans alcool,47.2,0.24,11.3,0.1,0.15,10.9,0.007,0.016,3.1,0.2,5.4,79.1,0.05,0.3,1,22.3,16,0.25,22.9,0,0,0
2061,"Nectar multifruit, standard",eaux et autres boissons,boissons sans alcool,49.7,0.3,11.5,0.089,0.3,11,0.013,0.009,9.17,0,5.35,87.4,0,0.3,10,122,20.6,0,22.1,0,0,0
2062,"Nectar multifruit, base orange, multivitaminé",eaux et autres boissons,boissons sans alcool,42.6,0.4,10.3,0.05,0.25,10.3,,,,,6.3,85.7,,,,35.583,36.2,,23,,0,0
2063,"Nectar multifruit, base orange, standard",eaux et autres boissons,boissons sans alcool,50.2,0.25,11.9,0.1,0.33,11.4,0.05,0.019,,,6.7,86.8,,,,9.17,13,,13.8,,0,0
2064,"Nectar, avec édulcorants, allégé en sucres",eaux et autres boissons,boissons sans alcool,23.2,0.17,5.49,0.037,0.11,5.23,0.007,0.01,,,,,,,,0,10.8,,30,,0,0
2076,Nectar de pomme,eaux et autres boissons,boissons sans alcool,44.9,0.14,10.9,0.075,0.1,10.6,0.05,0.01,4.9,,3.94,64.9,,,,0,,,12.2,,0,0
2365,Nectar de fruit de la passion ou maracuja,eaux et autres boissons,boissons sans alcool,68,0.3,15.2,0.1,0,13,0,0.025,1.7,,3.8,72.8,0.02,0.1,1.1,8.33,17.4,,3,,0,0
2366,Nectar de banane,eaux et autres boissons,boissons sans alcool,53.8,0.23,12.8,0.048,0.51,12.6,0.03,0.005,5.8,0.07,8,91,0.025,10,10,0.58,11.6,,14.8,,0,0
2367,Nectar de goyave,eaux et autres boissons,boissons sans alcool,48,0.14,10.9,0.23,0.15,10.2,0.01,0.003,7.8,0.07,2.6,61,0.025,10,10,13.8,36,0,10.3,0,0,0
2370,Nectar de mangue,eaux et autres boissons,boissons sans alcool,52.1,0.21,11.3,0.08,0.16,11.3,0.043,0.005,8.1,0.08,3.7,39,0.025,10,10,65.3,8.2,,17.1,,0,0
2371,Nectar de pêche,eaux et autres boissons,boissons sans alcool,50.3,0.22,12.1,0.05,0.33,11.9,0.002,0.011,5,0.19,4,40,0.08,,,10.7,5.3,0,1,0,0,0
2374,Nectar d'ananas,eaux et autres boissons,boissons sans alcool,52.4,0.1,13,0,0,11.2,0,0,13,,8,90,,,,0,,,,,0,0
2375,Nectar d'orange,eaux et autres boissons,boissons sans alcool,41.6,0.32,9.19,0.086,0.2,9.19,0.007,0.018,7.69,,5.96,82.8,0.041,1.1,1.1,0.42,23.3,,10.8,,0,0
18001,"Boisson gazeuse aromatisée, sans fruit, sans sucres ajoutés, avec édulcorants",eaux et autres boissons,boissons sans alcool,0.23,0,0.063,0,0.05,0.054,0,0.013,,0.05,0,6,0.013,0.001,0.9,0,0,0,0,0,0,0
18007,Cocktail ou boisson apéritive sans alcool à base de jus de fruits sans sirop,eaux et autres boissons,boissons sans alcool,42.8,0.033,10.7,0.035,0.15,9.85,0,0.016,,,,,,,,0,12,,30,0.38,,0
18010,"Limonade, sucrée",eaux et autres boissons,boissons sans alcool,33,0,8.24,0,0.14,8.22,0,0.005,6.52,0.009,0.29,3.51,0.005,5,0.5,0,0,0,0,0,,0
18012,"Boisson à l'eau minérale ou de source, aromatisée, sucrée",eaux et autres boissons,boissons sans alcool,16.2,0,4.05,0,0.11,3.96,0,0.004,11.7,0,2.3,0.33,0,0.5,1,0,0,0,0,0,,0
18013,"Tonic ou bitter, sans sucres ajoutés, avec édulcorants",eaux et autres boissons,boissons sans alcool,0.2,0,0.058,0,0.25,0.058,0,0.003,,,,,,,,0,,,,,,0
18014,"Tonic ou bitter, sucré, avec édulcorants",eaux et autres boissons,boissons sans alcool,22.2,0,5.54,0,0,5.53,0,0,,,,,,,,0,,,,,,0
18015,"Boisson au thé, aromatisée, sucrée, avec édulcorants",eaux et autres boissons,boissons sans alcool,17.1,0.027,4.25,0.022,0.083,4.16,0.004,0.025,,,,,,,,0,,,,,,0
18016,"Limonade, sucrée, avec édulcorants",eaux et autres boissons,boissons sans alcool,8,0,2,0,0,2,0,0.005,,,,,,,,0,,,,,,0
18018,"Cola, sucré",eaux et autres boissons,boissons sans alcool,40.1,0,10,0,0,10,0,0.007,1.92,0.11,2.44,2,0.008,1.1,0.8,0,0,0,0,0,,0
18019,"Boisson gazeuse aux fruits (teneur en fruits >= 10% et < 50%), sucrée",eaux et autres boissons,boissons sans alcool,46.4,0.028,11.3,0.01,0.043,9.47,0.01,0.008,4.63,0.025,2.67,26.5,0.014,5,0.4,0.84,12,0,0,0,,0
18021,"Boisson plate aux fruits (teneur en fruits < 10%), sans sucres ajoutés, avec édulcorants",eaux et autres boissons,boissons sans alcool,4.07,0.06,0.96,0,0,0.96,0,0.05,,,,,,,,0,,,,,,0
18023,"Boisson plate aux fruits (teneur en fruits < 10%), sucrée",eaux et autres boissons,boissons sans alcool,25.6,0.13,6.39,0.11,0.004,6.1,0.009,0.012,,,,,,,,0,,,,,,0
18024,"Boisson plate aux fruits (teneur en fruits >= 10% et < 50%), sucrée, avec édulcorants",eaux et autres boissons,boissons sans alcool,23.3,0.06,5.83,0.06,0.25,5.4,0.013,0.009,,,,,,,,0,8.27,,,,,0
18025,"Kombucha, préemballé",eaux et autres boissons,boissons sans alcool,6.61,0.25,1.45,0.15,0.25,1.45,0.005,0.005,5.7,0.025,1.5,7.7,0.025,10,10,0.21,0.25,0.125,2.5,0.005,0.005,0.01
18026,"Boisson gazeuse aromatisée, sans fruit, sucrée",eaux et autres boissons,boissons sans alcool,34.5,0.002,8.28,0.043,0.017,8.28,0.013,0.007,3,0.18,1,1,0.05,0.029,1.85,0,0,0,0,0,0,0
18028,"Boisson à l'eau minérale ou de source, aromatisée, sans sucres ajoutés, sans édulcorants",eaux et autres boissons,boissons sans alcool,0.096,0,0.026,0,0,0.009,0,0.024,,,5,3,,,,0,,,,,,0
18029,Boisson rafraîchissante sans alcool (aliment moyen),eaux et autres boissons,boissons sans alcool,27.9,0.06,6.86,0.023,0.06,6.64,0.008,0.013,5.49,0.1,2.56,12.6,0.021,1.51,0.92,0.11,4.88,0.012,3.82,0.01,,0
18030,"Boisson à l'eau minérale ou de source, aromatisée, sans sucres ajoutés, avec édulcorants",eaux et autres boissons,boissons sans alcool,0.002,0,0,0,0.25,0,0,0,,,,,,,,0,,,,,,0
18033,"Boisson gazeuse aux fruits (teneur en fruits < 10%), sucrée, avec édulcorants",eaux et autres boissons,boissons sans alcool,27.2,0.002,6.79,0,0.005,6.71,0,0.01,,,,,,,,0,,,,,,0
18034,"Boisson gazeuse aux fruits (teneur en fruits >= 10% et < 50%), sucrée, avec édulcorants",eaux et autres boissons,boissons sans alcool,28.1,0.022,6.92,0,0.15,6.74,0,0.007,,,,,,,,0,12,,,,,0
18035,"Limonade, sans sucres ajoutés, avec édulcorants",eaux et autres boissons,boissons sans alcool,0.48,0,0.12,0,0.15,0.12,0,0.006,0,0,0,0,0,0,0,0,0,0,0,0,,0
18037,"Cola, sucré, avec édulcorants",eaux et autres boissons,boissons sans alcool,24.3,0,6.07,0,0.21,6.03,0,0.01,0,0,0,10,0,0,0,0,0,0,0,0,,0
18039,"Diabolo (limonade et sirop), sucré",eaux et autres boissons,boissons sans alcool,33.9,0.06,8.43,0,0.1,8.43,0,0.014,,,,,,,,0,,,,,,0
18048,"Boisson gazeuse aux fruits (teneur en jus non spécifiée), sucrée (aliment moyen)",eaux et autres boissons,boissons sans alcool,44.6,0.025,10.9,0.01,0.037,9.28,0.008,0.008,4.63,0.025,2.58,26.5,0.014,5,0.4,0.84,12,0,0,0,,0
18049,"Boisson gazeuse aux fruits (teneur en fruits < 10%), sucrée",eaux et autres boissons,boissons sans alcool,33.6,0.011,8.36,0.015,0,8.25,0,0.008,,,2,,,,,0,,,,,,0
18050,"Boisson gazeuse aux fruits (teneur en fruits < 10%), à teneur réduite en sucres",eaux et autres boissons,boissons sans alcool,28.7,0.007,7.15,0.1,0.02,7.06,0.01,0.009,,,,,,,,0,,,,,,0
18051,"Boisson gazeuse aux fruits (teneur en fruits >= 10% et < 50%), sans sucres ajoutés, avec édulcorants",eaux et autres boissons,boissons sans alcool,3.69,0.027,0.91,0.02,0.215,0.84,0,0.006,6.37,,1.99,63.7,,,,0,3.89,,,0,,0
18057,"Boisson préparée à partir de boisson concentrée à diluer type menthe, fraise, etc, sans sucres ajoutés, avec édulcorants, type ""sirop 0%"", diluée dans l'eau",eaux et autres boissons,boissons sans alcool,6,0.25,1.5,0,0,1,,0.025,,,,61.3,,,,0,,,,,,0
18058,"Boisson préparée à partir de sirop à diluer type menthe, fraise, etc, sucré, dilué dans l'eau",eaux et autres boissons,boissons sans alcool,31.2,0.055,7.7,0,0,7.7,0,0.012,7.55,0.025,2.71,5.06,0.01,0,0,0.17,1.3,0,1.51,0,,0
18060,"Cola, sans sucres ajoutés, avec édulcorants",eaux et autres boissons,boissons sans alcool,1.04,0,0.25,0,0,0.04,0,0.013,2.26,0.065,2.38,6,0.008,1.1,0.8,0,0,0,0,0,,0
18062,"Boisson au thé, aromatisée, sans précision sur la teneur en sucres et édulcorants (aliment moyen)",eaux et autres boissons,boissons sans alcool,21.1,0.017,5.26,0.002,0.12,5.13,0,0.023,1.89,0.009,1.26,12.2,0.014,4.72,0.38,0,21.2,0,0,0,,0
18063,"Cola, sans précision sur la teneur en sucres et édulcorants (aliment moyen)",eaux et autres boissons,boissons sans alcool,27.5,0.006,6.88,0.006,0.019,6.81,0.001,0.009,2.07,0.092,2.24,3.38,0.008,1.095,0.8,0,0,0,0,0,,0
18064,"Boisson au thé, aromatisée, à teneur réduite en sucres",eaux et autres boissons,boissons sans alcool,14.9,0,3.75,0,0.063,3.6,0,0.011,,,,,,,,0,,,,,,0
18065,"Boisson au thé, aromatisée, sans sucres ajoutés, avec édulcorants",eaux et autres boissons,boissons sans alcool,0.53,0,0.22,0,0.083,0.055,0,0.034,0,0,2.3,0,0,0,0,0,0,0,0,0,,0
18067,"Cola, sucré, sans caféine",eaux et autres boissons,boissons sans alcool,40.9,0.05,10.2,0.05,0.25,10.2,0.01,0.001,2,0.02,0,3,0.01,,,0,0,0,0,0,,0
18068,"Cola, sans sucres ajoutés, avec édulcorants, sans caféine",eaux et autres boissons,boissons sans alcool,0.058,0.083,0.13,0.083,0.25,0.13,0.017,0.011,3,0.02,0,7,0.01,,,0,0,0,0,0,,0
18075,"Boisson au thé, aromatisée, sucrée",eaux et autres boissons,boissons sans alcool,23.2,0.02,5.78,0.003,0.13,5.65,0,0.024,2,0.01,1.2,12.9,0.015,5,0.4,0,22.4,0,0,0,,0
18078,"Boisson gazeuse aromatisée, sans fruit, sucrée, avec édulcorants",eaux et autres boissons,boissons sans alcool,22.4,0.007,5.58,0,0.13,5.57,0,0.015,,,,,,,,0,,,,,,0
18294,"Boisson plate aux fruits  (teneur en fruits < 10%), sucrée, rayon frais, enrichie en vitamine(s)",eaux et autres boissons,boissons sans alcool,33.7,0,8.42,0,0,8.34,0,0.006,,,,,,,,,38,,,,,0
18295,"Boisson plate aux fruits  (teneur en fruits >= 10% et < 50%), sucrée, enrichie en vitamine(s)",eaux et autres boissons,boissons sans alcool,38,0,9.49,0,0.18,9.25,0,0.006,,,,,,,,,16.3,,30,0.41,,0
18296,"Boisson aux fruits avec de la purée de fruits type smoothie (teneur en fruits >=50%), enrichie en vitamine(s)",eaux et autres boissons,boissons sans alcool,51.3,0.52,11.5,0.45,0.54,9.95,0.41,0.007,,,,,,,,,19.3,,,,,0
18297,"Boisson plate aux fruits (teneur en fruits >= 50%), rayon ambiant, enrichie en vitamine(s)",eaux et autres boissons,boissons sans alcool,45.1,0.22,10.9,0,0.71,10.3,0,0.008,,,,,,,,,16,,,,,0
18298,"Boisson plate aux fruits (teneur en fruits >= 50%), rayon ambiant",eaux et autres boissons,boissons sans alcool,41.7,0.19,10,0.11,0.43,9.38,0.035,0.013,,,,,,,,0,12,,,,,0
18299,"Citronnade, boisson plate au citron (teneur en fruits >= 10% et < 50%), sucrée",eaux et autres boissons,boissons sans alcool,23.2,0,5.77,0.005,0.19,5.6,0,0.008,,,,,,,,0,6,,,,,0
18300,"Boisson aux fruits avec de la purée de fruits type smoothie (teneur en fruits >= 50%), sans sucres ajoutés, rayon frais",eaux et autres boissons,boissons sans alcool,67.5,0.8,12.1,1.45,1.4,11.8,1.13,0.003,,,,,,,,0,,,,,,0
18304,"Boisson plate aux fruits (teneur en fruits >= 10% et < 50%), à teneur réduite en sucres",eaux et autres boissons,boissons sans alcool,18.8,0.22,4.71,0.22,0,4.66,0,0.008,0,0,0,1.6,0,0,0,0,0,0,0,0,,0
18305,"Boisson plate aux fruits (teneur en fruits >= 10% et < 50%), sans sucres ajoutés",eaux et autres boissons,boissons sans alcool,13,0.052,3.18,0.007,0,3.06,0,0.015,,,,,,,,0,,,,,,0
18306,"Boisson à l'aloe vera, sucrée",eaux et autres boissons,boissons sans alcool,32.9,0.094,8.11,0,0.069,6.4,0,0.02,,,,,,,,0,,,,,,0
18309,"Boisson plate aux fruits (teneur en fruits non spécifiée), sucrée",eaux et autres boissons,boissons sans alcool,45.8,0.1,11.2,0.07,0,10.6,0,0.002,13,0.1,4.6,48,0.06,0,1,0,4.33,0,10,0,,0
18315,Boisson plate au(x) fruits et au(x) légume(s),eaux et autres boissons,boissons sans alcool,42.9,0.31,10,0.12,0.67,9.11,0.014,0.053,14,,8,250,,,,0,21.8,,,,,0
18316,"Kéfir d'eau et de fruits, préemballé",eaux et autres boissons,boissons sans alcool,3.6,0.1,0.9,0.25,0,0.4,0.25,0.05,,,,,,,,0,,,,,,0
18324,"Boisson énergisante, sans précision sur la teneur en sucres et édulcorants (aliment moyen)",eaux et autres boissons,boissons sans alcool,35.2,0.097,8.77,0.002,0.11,8.69,0,0.093,0,0,0,0,0,0,0,0,30.4,0,46.5,1.22,,0
18325,"Boisson plate aux fruits (teneur en fruits non spécifiée), sans précision sur la teneur en sucres et édulcorants ni sur l'enrichissement (aliment moyen)",eaux et autres boissons,boissons sans alcool,39.3,0.18,9.38,0.13,0.22,8.49,0.031,0.012,9.3,0.49,4.23,47.6,0.054,1.84,1.76,0.13,13.3,0.022,28.2,0.013,,0
18326,"Boisson à l'eau minérale ou de source, aromatisée, sans précision sur la teneur en sucres et édulcorants (aliment moyen)",eaux et autres boissons,boissons sans alcool,1.88,0,0.47,0,0.087,0.45,0,0.014,,,4.57,2.57,,,,0,,,,,,0
18327,"Limonade, sans précision sur la teneur en sucres et édulcorants (aliment moyen)",eaux et autres boissons,boissons sans alcool,28.4,0,7.09,0,0.13,7.07,0,0.005,5.8,0.008,0.26,3.12,0.004,4.45,0.44,0,0,0,0,0,,0
18328,"Boisson préparée à partir de sirop ou de boisson concentrée à diluer type menthe, fraise, etc, diluée dans l'eau, sans précision sur la teneur en sucres et édulcorants (aliment moyen)",eaux et autres boissons,boissons sans alcool,29.2,0.071,7.21,0,0,7.17,0,0.013,7.55,0.025,2.71,9.52,0.01,0,0,0.17,1.3,0,1.51,0,,0
18329,"Boisson gazeuse aromatisée, sans fruit, sans précision sur la teneur en sucres et édulcorants (aliment moyen)",eaux et autres boissons,boissons sans alcool,27.6,0.007,6.87,0.007,0.035,6.82,0.002,0.009,2.4,0.093,2.02,3.24,0.011,1.2,0.87,0,0,0,0,0,,0
18339,"Boisson plate aux fruits (teneur en fruits >= 10% et < 50%), sucrée",eaux et autres boissons,boissons sans alcool,41.1,0.13,9.92,0.14,0.19,8.87,0.027,0.012,5.98,0.55,3.21,33.8,0.05,1.1,1,0.083,13.1,0,30,0,,0
18340,"Boisson gazeuse aux fruits (teneur en fruits < 10%), sans sucres ajoutés, avec édulcorants",eaux et autres boissons,boissons sans alcool,2.06,0.063,0.45,0,0,0.43,0,0.022,0,0,0,8.3,0,0,0,0,0,0,0,0,,0
18341,"Boisson gazeuse à la pomme (teneur en fruits >= 50%), sans sucres ajoutés",eaux et autres boissons,boissons sans alcool,30,0,7.5,0,0,6.5,0,0.01,2.92,0.1,1.94,60.3,0.01,0.05,0.7,0.17,0,0,4,0,,0
18344,"Tonic ou bitter, sucré",eaux et autres boissons,boissons sans alcool,33.1,0,8.27,0,0.14,8.21,0,0.005,7.48,0.03,2.45,1,0.017,1.1,1,0,0,0,0,0,,0
18345,"Boisson gazeuse aux fruits (teneur en fruits < 10%), sans sucres ajoutés, sans édulcorants",eaux et autres boissons,boissons sans alcool,16.7,0,4.17,0,0,4,0,0.002,,,,,,,,0,,,,,,0
18347,Boisson à la sève de bouleau,eaux et autres boissons,boissons sans alcool,2.8,0.063,0.7,0.063,0,0.63,0.013,0.01,,,,,,,,0,,,,,,0
18348,"Boisson pour le sport, sucrée",eaux et autres boissons,boissons sans alcool,21.7,0,5.41,0,0,5.04,0,0.076,31,0,16.5,6.24,0.95,8,0,0,16,1.5,30,0.31,,0
18349,"Boisson pour le sport, sucrée, avec édulcorants",eaux et autres boissons,boissons sans alcool,19.3,0,4.82,0,0,3.74,0,0.1,,,30,40,0.8,,,,,,30,0.38,,0
18352,"Boisson énergisante, sucrée",eaux et autres boissons,boissons sans alcool,40.9,0.095,10.2,0,0.11,10.2,0,0.095,0,0,0,0,0,0,0,0,32,0,30,1.14,,0
18353,"Boisson énergisante, sans sucres ajoutés, avec édulcorants, enrichie en vitamines",eaux et autres boissons,boissons sans alcool,8.57,0.11,2.06,0.009,0.13,1.74,0,0.08,,,,,,,,,23,,124,1.57,,0
18354,"Boisson énergisante, sucrée, avec édulcorants",eaux et autres boissons,boissons sans alcool,27.6,0.042,6.86,0,0.13,6.22,0,0.1,,,,,,,,,25,,30,1.47,,0
18356,"Tonic ou bitter, sans précision sur la teneur en sucres et édulcorants (aliment moyen)",eaux et autres boissons,boissons sans alcool,28.8,0,7.21,0,0.15,7.16,0,0.004,7.48,0.03,2.45,1,0.017,1.1,1,0,0,0,0,0,,0
18343,Boisson au(x) fruit(s) et au lait,eaux et autres boissons,boissons sans alcool,47.7,0.68,10.7,0.041,0.53,9.89,0.003,0.002,60,0.2,8.1,68.4,0.1,,1,1,9.12,0.4,9.2,0.04,0.005,0.01
19114,"Boisson lactée aromatisée à la vanille, sucrée, au lait partiellement écrémé, enrichie en vitamine D",eaux et autres boissons,boissons sans alcool,57.4,2.04,11,0.6,0,11,0.4,0.1,80,0.03,,138,0.2,,,,0.96,0.75,6,0.33,,
19116,"Boisson lactée aromatisée au café, sucrée, au lait partiellement écrémé, enrichie en vitamine(s) et/ou minéraux",eaux et autres boissons,boissons sans alcool,50.6,2.96,8.9,0.38,0,8.9,0.24,0.19,101,,,,,,,,,,,,,
19117,"Boisson lactée aromatisée au café, sucrée, au lait partiellement écrémé, non enrichie",eaux et autres boissons,boissons sans alcool,70.3,3.12,8.84,2.33,0.88,8.6,1.51,0.13,,,,,,,,,,,,,,
19118,"Boisson lactée aromatisée au chocolat, sucrée, au lait partiellement écrémé, non enrichie",eaux et autres boissons,boissons sans alcool,72.8,3.49,11,1.58,0.5,10.5,1,0.12,114,0.35,20.1,160,0.49,1.62,15.4,14.9,0,0.083,3.2,0.08,0.003,0.005
19119,"Boisson lactée aromatisée au chocolat, sucrée, au lait partiellement écrémé, enrichie en vitamine(s) et/ou minéraux",eaux et autres boissons,boissons sans alcool,66.5,3.02,10.8,1.15,0.58,10.3,0.71,0.12,110,0.03,9,149,0.2,,,34,0.96,0.75,30,0.38,,
19120,"Boisson lactée aromatisée (sans précision sur l'arôme), sucrée, au lait partiellement écrémé, enrichie et/ou restaurée en vitamine(s) et/ou minéraux (aliment moyen)",eaux et autres boissons,boissons sans alcool,61,2.65,10.7,0.84,0.2,10.4,0.56,0.11,103,0.33,9.2,133,0.33,1.9,66,3.08,0.96,0.75,11,0.29,,
19127,"Boisson lactée aromatisée à la fraise, sucrée, au lait partiellement écrémé, enrichie en vitamine D",eaux et autres boissons,boissons sans alcool,58.8,2.53,10.7,0.72,0.033,10.4,0.5,0.1,102,0.5,9.3,125,0.4,1.9,66,3.08,0.96,0.75,2.5,0.25,,
18011,Eau de coco,eaux et autres boissons,boissons sans alcool,11.8,0.21,3.33,0.15,0.25,2.48,0.005,0.051,14,0.025,8.3,200,0.025,10,10,0.21,0.25,0.125,2.5,0,0.005,0.01
18107,"Boisson à l'amande, nature, sans sucres ajoutés, non enrichie, préemballée",eaux et autres boissons,boissons sans alcool,35.8,1.06,0.68,3.2,0.25,0,0.31,0.051,12,0.1,8.3,31,0.11,10,10,0.21,0.25,0.125,2.5,,0.005,0.01
18110,"Boisson à l'amande, sucrée, enrichie en calcium, préemballée",eaux et autres boissons,boissons sans alcool,43.9,0.69,3.96,2.8,0.25,3.44,0.58,0.095,54,0.35,12,32,0.12,10,10,0.208,0.25,0.125,2.5,,0.005,0.01
18111,"Boisson à l'amande, préemballée (aliment moyen)",eaux et autres boissons,boissons sans alcool,35.8,1.06,0.68,3.2,0.25,0,0.31,0.051,12,0.1,8.3,31,0.11,10,10,0.21,0.25,0.125,2.5,,0.005,0.01
18112,"Boisson végétale, préemballée (aliment moyen)",eaux et autres boissons,boissons sans alcool,43.6,2.68,2.38,2.33,0.63,1.32,0.29,0.064,25.9,0.43,16,121,0.21,6.03,4.6,8.52,0.79,0.36,14.6,0.003,0.1,0.006
18113,"Boisson au soja, préemballée (aliment moyen)",eaux et autres boissons,boissons sans alcool,46.1,3.21,2.93,2.04,0.76,1.75,0.28,0.069,30.4,0.53,18.6,150,0.25,4.71,2.82,11.8,1,0.43,14.6,0.003,0.14,0.005
18899,"Boisson à l'avoine, nature, sans sucres ajoutés, non enrichie, préemballée",eaux et autres boissons,boissons sans alcool,41,0.25,7.78,1.1,0.25,5,0.2,0.066,1,0.02,2.3,32,0.025,10,10,0.21,0.25,0.25,6.39,,0.005,0.01
18900,"Boisson au soja, nature, non enrichie, préemballée",eaux et autres boissons,boissons sans alcool,42.4,3.19,1.87,2.1,0.71,0.53,0.28,0.053,16.8,0.55,19.3,160,0.25,1,1.25,11.8,1,0.25,13,0,0.14,0.006
18901,"Boisson au soja, nature, enrichie en calcium, préemballée",eaux et autres boissons,boissons sans alcool,44.2,3.42,2.18,2.05,1,2.18,0.26,0.097,98,0.45,13,86,0.24,25,10,10.5,,1.16,22.3,,0.12,0.001
18902,"Boisson au soja, aromatisée, sucrée, non enrichie, préemballée",eaux et autres boissons,boissons sans alcool,61.9,3.08,7.54,1.8,0.73,5.98,0.3,0.11,23.2,0.54,20.7,170,0.25,1.12,2.5,11.8,1,0.5,20.6,0.014,0.13,0.006
18903,"Boisson au soja, aromatisée, sucrée, enrichie en calcium, préemballée",eaux et autres boissons,boissons sans alcool,43.2,3.01,2.89,1.8,1.1,2.7,0.28,0.12,53,0.4,21,137,0.2,10,10,0.743,0.25,0.25,7.31,,0.13,0.01
18904,"Boisson au riz, nature, préemballée",eaux et autres boissons,boissons sans alcool,52.2,0.23,10.8,1,0.25,5.6,0.11,0.074,5,0.01,3.3,16,0.025,10,10,0.21,0.25,0.25,2.5,,0.005,0.01
18906,"Boisson à la châtaigne, nature, préemballée",eaux et autres boissons,boissons sans alcool,67.9,0.21,13.5,1.4,0.61,9.01,0.18,0.077,77,0.22,9.3,42,0.12,20,10,0.21,0.25,0.125,2.5,,0.005,0.01
18907,"Boisson à la noix de coco, nature, préemballée",eaux et autres boissons,boissons sans alcool,29.9,0.21,2.75,2.1,0.25,2.46,1.87,0.089,2.7,0.025,2.1,14,0.025,10,10,0.21,0.25,0.125,2.5,,0.005,0.01
29209,"Boisson au soja et jus de fruits concentrés, préemballée",eaux et autres boissons,boissons sans alcool,56.2,2.3,9.5,1,0,5.8,,0.22,,,,,,,,0,,,,,,0
18004,"Café, non instantané, sans sucres ajoutés, prêt à boire",eaux et autres boissons,boissons sans alcool,5.78,0.25,1.35,0.018,0.25,0,0.002,0.007,4.3,0.025,9.2,150,0.025,10,10,0.21,0.25,0.125,2.5,0,0,0
18020,"Thé infusé, sans sucres ajoutés",eaux et autres boissons,boissons sans alcool,0.4,0.1,0,0,0,0,0,0.004,1.1,0.015,2,25.8,0.025,2.98,0.61,0,0,0,3.25,0,,0
18022,"Tisane infusée ou infusion, sans sucres ajoutés",eaux et autres boissons,boissons sans alcool,0.8,0,0.2,0,0,0,0,0.003,2,0.08,1,9,0.04,,1,0,0,0,1,0,,0
18070,"Café décaféiné, non instantané, sans sucres ajoutés, prêt à boire",eaux et autres boissons,boissons sans alcool,4.42,0.1,0.6,0.18,0,0,0.047,0.02,2,0.09,42.5,84.5,0.035,,1,0,0,0,1,0,0,0
18071,"Café expresso, non instantané, sans sucres ajoutés, prêt à boire",eaux et autres boissons,boissons sans alcool,6.54,0.25,1.16,0.2,0.25,0,0.092,0.007,3.5,0.025,7.9,150,0.025,10,10,0.21,0.25,0.125,2.5,0,0,0
18072,"Café décaféiné, instantané, sans sucres ajoutés, prêt à boire",eaux et autres boissons,boissons sans alcool,2.1,0.12,0.4,0.002,0,0,0.001,0.01,4,0.04,4,36,0.01,,1,0,0,0,0,0,0,0
18073,"Café, instantané, sans sucres ajoutés, prêt à boire",eaux et autres boissons,boissons sans alcool,1.64,0.1,0.3,0.004,0,0,0.002,0.01,4,0.04,4,30,0.01,0.03,1,0,0,0,0,0,0,0
18104,"Chocolat chaud, boisson instantanée, sucrée, prête à boire (reconstituée avec du lait demi-écrémé)",eaux et autres boissons,boissons sans alcool,65.9,3.78,9.5,1.42,0,8.68,0.85,0.12,97.1,0.87,27.5,239,0.5,5,24.3,15.3,0,0.083,3.2,0.085,0.008,
18106,"Chocolat chaud, boisson instantanée, sucrée, enrichie en vitamines, prête à boire (reconstituée avec du lait demi-écrémé)",eaux et autres boissons,boissons sans alcool,71.4,4.08,9.91,1.71,0.25,,0.99,,,,,,,,,,,,,0.07,0.01,
18151,"Café au lait, café crème ou cappuccino, instantané ou non, sans sucres ajoutés, prêt à boire",eaux et autres boissons,boissons sans alcool,21.5,1.39,2.31,0.76,0,2.31,0.49,0.059,62.2,0.13,8.52,109,0.22,0.6,5.6,9.5,,0.025,2.81,0.03,0.004,
18153,"Chicorée et café, instantané, sans sucres ajoutés, prête à boire (reconstituée avec du lait demi-écrémé)",eaux et autres boissons,boissons sans alcool,53.7,3.74,5.9,1.62,0.46,5,1,0.13,117,0.37,13.2,162,0.5,0.9,10.4,17.9,,0.01,2.6,0.26,,
18154,"Thé noir, infusé, sans sucres ajoutés",eaux et autres boissons,boissons sans alcool,1.26,0,0.3,0.007,0,0,0.002,0.007,0,0.02,3,37,0.02,,,0,0,0,5,0,,0
18155,"Thé vert, infusé, sans sucres ajoutés",eaux et autres boissons,boissons sans alcool,5.1,0,1.09,0,0,,,0.011,3.78,0.06,3.49,53.8,0.025,10,10,0.21,0.25,,6.99,,,
18161,"Chicorée, instantanée, sans sucres ajoutés, prête à boire (reconstituée avec du lait demi-écrémé)",eaux et autres boissons,boissons sans alcool,93.5,0,7.1,7.1,0.59,,,0.13,,,,,,,,,,,,,,
18162,"Chicorée et café, instantané, sans sucres ajoutés, prête à boire (reconstituée avec de l'eau)",eaux et autres boissons,boissons sans alcool,27.8,0.56,6.06,0.15,0.6,0.43,,0.022,11,0.2,35,160,0.025,10,10,0.21,0.25,0.125,5.5,,,
18003,"Café, moulu",eaux et autres boissons,boissons sans alcool,341,13.9,20.3,13.9,39.7,,,0.097,116,9.26,212,2050,0.77,7.24,3.6,0,0,0,22,0,,0
18005,"Café, poudre soluble",eaux et autres boissons,boissons sans alcool,291,18.5,41.9,1.1,20,0,0.2,0.2,148,4.75,391,3710,0.67,10.7,0.5,0,0,0,12,0,,0
18017,"Sirop à diluer, sucré",eaux et autres boissons,boissons sans alcool,252,0.25,62.5,0.25,0.25,58.8,0,0.017,2.7,0.06,1.2,17,0.025,10,10,0.21,0.25,,2.5,,,0
18059,"Boisson concentrée à diluer, sans sucres ajoutés, avec édulcorants, type ""sirop 0%""",eaux et autres boissons,boissons sans alcool,19.5,0.25,3.79,0.25,0.7,0.66,0,0.028,6.6,0.04,2,57,0.025,10,10,0.21,0.25,,2.5,,,0
18069,"Café, décaféiné, poudre soluble",eaux et autres boissons,boissons sans alcool,352,11.6,76,0.2,0,0,0.091,0.058,140,3.8,311,3500,0.11,17.3,,0,0,0,0,0,0.006,0
18076,"Thé, feuille",eaux et autres boissons,boissons sans alcool,232,19.4,6.3,2,55.8,,,0.11,430,18,250,2160,2.9,,16,0,0,0,,0,,0
18100,"Cacao, sans sucres ajoutés, poudre soluble",eaux et autres boissons,boissons sans alcool,387,22.4,11.6,20.6,29.5,0.9,12.4,0.11,140,48.5,500,3900,6.4,10,10,0.21,0.25,2.73,107,0,0.04,0.01
18101,"Poudre cacaotée ou au chocolat pour boisson, sucrée",eaux et autres boissons,boissons sans alcool,379,6.65,75.6,3.29,10.5,67.9,2.16,0.21,116,13,166,605,0.7,1.1,16.6,0,1,0,23,0,0,0
18102,"Poudre maltée, cacaotée ou au chocolat pour boisson, sucrée, enrichie en vitamines et minéraux",eaux et autres boissons,boissons sans alcool,,9.9,79.4,5.03,,78.5,2.38,0.55,255,4.7,248,1100,1,,6,580,48,0.25,219,2,,0
18150,"Chicorée et café, poudre soluble",eaux et autres boissons,boissons sans alcool,332,9.3,66.9,0.35,12,,0.12,0.72,103,4.76,213,3400,0.37,,0.5,0,0,0,0,0,,0
18152,"Chicorée, poudre soluble",eaux et autres boissons,boissons sans alcool,323,3.3,57.2,2.5,29.2,21.7,0.75,0.39,109,5.5,65,,0.05,2.5,0.5,0,0,0,19.1,0,,0
18160,"Café au lait ou cappuccino, poudre soluble",eaux et autres boissons,boissons sans alcool,416,12.2,70.1,8.8,3.3,52,7.47,0.79,,,,,,,,,,,,,0.005,0.01
18163,"Café au lait ou cappuccino au chocolat, poudre soluble",eaux et autres boissons,boissons sans alcool,384,11.2,63,9,3.5,59,8.11,1.25,,,,,,,,,,,,,,0
18167,"Poudre cacaotée ou au chocolat pour boisson, sucrée, enrichie en vitamines et minéraux",eaux et autres boissons,boissons sans alcool,376,4.68,79.3,3.04,6.48,76.7,1.44,0.43,523,2.1,113,,,,,,49.2,,122,0.25,,0
18168,"Poudre cacaotée ou au chocolat pour boisson, sucrée, enrichie en vitamines",eaux et autres boissons,boissons sans alcool,386,4.29,85,2.04,5.3,82.7,1.3,0.31,36,2.1,71,,1.7,,,,25,,66.7,0.33,,0
18220,"Spécialité à diluer au citron pour boissons ou usages culinaires, sans sucres ajoutés",eaux et autres boissons,boissons sans alcool,18.4,0.25,1.01,0,0,0.91,0,0.004,6.1,0.05,3.2,44,0.025,10,10,0.21,5.56,,6.44,,,0
1006,Vin doux,eaux et autres boissons,boisson alcoolisées,148,0.2,9.96,0,0,7.78,0,0.023,8,0.24,9,92,0.07,0.035,1,0,0,0,0,0,0,0
5100,Pétillant de fruits,eaux et autres boissons,boisson alcoolisées,65.7,0,6.95,0,0,6.95,0,0.007,6,0.4,4,30,0.1,,0.7,0,,0,,,0,0
5201,Vin blanc mousseux,eaux et autres boissons,boisson alcoolisées,72.3,0.1,1.78,0,0,1.78,0,0.004,9.16,0.6,5.28,54.8,0.024,1.1,1,0,0,0,0.1,0,0,0
5207,Champagne,eaux et autres boissons,boisson alcoolisées,76.1,0.3,1.4,0,0,1.4,0,0.005,7.15,0.11,7.97,22.8,0.042,5,0.7,0,0,0,0,0,0,0
5209,Vin blanc mousseux aromatisé,eaux et autres boissons,boisson alcoolisées,83.5,0.2,5.1,0,0,5.1,0,0.033,14,0.6,,110,0,,,0,0,0,0,,0,0
5210,Vin (aliment moyen),eaux et autres boissons,boisson alcoolisées,76.7,0.16,0.96,0.15,0.305,0.83,0,0.61,7.71,0.47,9.22,101,0.17,1.31,1.59,0.94,0.635,0.03,0.85,0,0,0
5214,Vin rouge,eaux et autres boissons,boisson alcoolisées,75.7,0.16,0,0.25,0.5,0,0,1,6.31,0.36,10.5,115,0.25,0.415,0.5,1.25,1,0.05,0.85,0,0,0
5215,Vin blanc sec,eaux et autres boissons,boisson alcoolisées,55.3,0.25,0.17,0,0,0.17,0,0.006,7.1,0.34,7.3,84.3,0.025,10,10,0,0.25,0,2.5,0,0,0
5216,Vin rosé,eaux et autres boissons,boisson alcoolisées,69.2,0.15,1.4,0,0,1.4,0,0.01,12,0.95,7,75,0.034,0.1,1,0,0,0,0.1,0,0,0
5000,Bière brune,eaux et autres boissons,boisson alcoolisées,40.5,0.43,4.1,0,0,4.1,0,0.029,6.91,0.02,9.55,45,0.17,0,4.1,0,0,0,8.5,,0,0
5001,"Bière ""coeur de marché"" (4-5° alcool)",eaux et autres boissons,boisson alcoolisées,39,0.39,3.12,0,0,0.05,0,0.005,6.05,0.01,7.2,36.6,0,1.1,1.88,0,0,0,5.64,0.02,0,0
5002,Bière forte (>8° alcool),eaux et autres boissons,boisson alcoolisées,62.5,0.51,4.6,0,0,,0,0.017,4.3,0.02,9,64.2,0.013,0.11,1.75,0,0,0,2.6,0.02,0,0
5003,Cidre (aliment moyen),eaux et autres boissons,boisson alcoolisées,36.5,0.075,3.67,0.09,0,3.23,0,0.01,7.9,0.61,3.14,100,0.022,3.645,3.47,0.062,9.97,,,,0,0
5006,Cidre brut,eaux et autres boissons,boisson alcoolisées,35.9,0,2.62,0,0,2.22,0,0.01,3.24,0.84,2.92,95.8,0.022,1.1,0.7,0,14.1,,,,0,0
5007,Cidre doux,eaux et autres boissons,boisson alcoolisées,38.9,0.25,6.4,0.3,0,5.8,0,0.01,17,0.1,3.5,110,0.025,10,10,0.21,0.25,,2.5,,0,0
5008,Bière faiblement alcoolisée (3° alcool),eaux et autres boissons,boisson alcoolisées,35.3,0.31,4.62,0.025,0,1.33,0,0.005,7.08,0.007,5.97,34.1,0,0.13,1.13,0,0,0,5.64,0.02,0,0
5009,Bière blanche,eaux et autres boissons,boisson alcoolisées,60.9,0.5,7.55,0.25,0.5,0,0,0.007,6.18,0.125,8.28,58.4,0.25,0.415,0.5,1.25,1,0.05,5.45,0.052,0,0
5010,"Bière ""spéciale"" (5-6° alcool)",eaux et autres boissons,boisson alcoolisées,56,0.48,4.55,0.025,0,0,0,0.005,5.89,0.006,9.84,48.8,0,0.9,1.9,0,0,0,7.98,,0,0
5011,"Bière ""de spécialités"" ou d'abbaye, régionales ou d'une brasserie (degré d'alcool variable)",eaux et autres boissons,boisson alcoolisées,47.1,0.51,3.2,0,0,0.25,0,0.009,4.9,0.012,7.9,41.6,0.018,0.11,1.5,0,0,0,2.6,0.02,0,0
5020,Cidre traditionnel,eaux et autres boissons,boisson alcoolisées,32.5,0,1.87,0,0,1.58,0,0.013,8.95,0.74,3.4,95.8,0.02,0,0.7,0,14.1,,,,0,0
5021,Cidre bouché demi-sec,eaux et autres boissons,boisson alcoolisées,44.3,0.25,4.4,0.3,0,3.7,0,0.007,17,0.2,3.4,120,0.025,10,10,0.21,0.25,,2.5,,0,0
5022,Cidre aromatisé aux fruits,eaux et autres boissons,boisson alcoolisées,38.4,0.25,7.07,0.3,0,6.57,0,0.008,16,0.1,4,110,0.025,10,10,0.21,0.25,,2.5,,0,0
5029,"Bière sans alcool, sucrée, aromatisée ou au jus de fruits",eaux et autres boissons,boisson alcoolisées,30.6,0.2,7.36,0.041,0.19,5.5,0.016,0.005,,,,,,,,0,,,,,0,0
5030,"Bière sans alcool (<1,2° alcool) et sans sucres ajoutés, aromatisée ou non",eaux et autres boissons,boisson alcoolisées,29.4,0.2,6.08,0.053,0.25,3.27,0.008,0.005,4.75,0.011,6.2,29.3,0,1.1,1,0,,0,5,0.009,0,0
1000,Pastis,eaux et autres boissons,boisson alcoolisées,274,0,2.86,0,0,0,0,0,0,,0,2,0.02,0,1,0,0,0,0,0,,
1001,Eau de vie de fruits,eaux et autres boissons,boisson alcoolisées,233,0,0.63,0,0,0,0,0.004,1,0.04,0,1.44,0.019,0,1,0,0,0,0,0,,
1002,Gin,eaux et autres boissons,boisson alcoolisées,265,0,0,0,0,0,0,0.005,0,0,0,0,0,,1,0,0,0,0,0,0,0
1003,Liqueur,eaux et autres boissons,boisson alcoolisées,225,0.1,25.4,0.23,0,17.4,0.11,0.02,1,0.06,3,30,0.03,,1,0,0,0,0,0,0.045,0
1004,Rhum,eaux et autres boissons,boisson alcoolisées,234,0,0,0,0,0,0,0.003,0,0.12,0,2,0.07,,1,0,0,0,0,0,0,0
1005,Whisky,eaux et autres boissons,boisson alcoolisées,252,0,0.096,0,0,0.096,0,0,0,0.02,0,1,0.02,,1.25,0,0,0,0,0,0,0
1007,Apéritif à base de vin ou vermouth,eaux et autres boissons,boisson alcoolisées,137,0.054,11.3,0,0,11.1,0,0.038,7.37,0.44,7,48,0.035,0,1.2,0,,0,0,0.003,,
1008,Vodka,eaux et autres boissons,boisson alcoolisées,250,0,0,0,0,0,0,0.003,0,0.025,0,1.5,0.04,,1,0,0,0,0,0,0,0
1010,"Pastis, prêt à boire (1+ 5)",eaux et autres boissons,boisson alcoolisées,,0,0.5,0,0,0,0,0.006,,0.039,0.82,,0.013,0.42,0.17,0,0,,0,0,0,0
1011,"Apéritif anisé sans alcool, à diluer",eaux et autres boissons,boisson alcoolisées,6,0,1,0,1,0.03,0,0.038,1.83,0,0.33,3.9,0.03,0,1.2,0,0,,0,,,0
1014,Alcool pur,eaux et autres boissons,boisson alcoolisées,660,0,0,0,0,0,0,0,0,0,0,0,0,,1,0,0,0,0,0,,
1015,Marsala,eaux et autres boissons,boisson alcoolisées,211,0.1,27.9,0,0,27.9,0,0.01,4,0.4,,97,0,,,0,0,0,0,,,
1016,Marsala aux oeufs,eaux et autres boissons,boisson alcoolisées,153,0,12.4,0,0,12.4,0,0,0,0,,0,0,,,0,0,0,0,,,
1021,Crème de cassis,eaux et autres boissons,boisson alcoolisées,245,0,41,0,0,40.9,0,0,16.6,0.62,8.44,128,0.12,0.57,0.87,4.01,5,0,2.96,0,,
1023,Eau de vie de vin type armagnac ou cognac,eaux et autres boissons,boisson alcoolisées,222,0,0.76,0,0,0,0,0.002,0,0,,2,0.011,,1.2,0,0,0,0,0,,
1024,Eau de vie type calvados,eaux et autres boissons,boisson alcoolisées,,0,0,0,0,0,0,0,,,,,,,,0,,,,,,
1026,Saké ou alcool de riz,eaux et autres boissons,boisson alcoolisées,113,0,0,0,0,0,0,0.005,5,0.1,6,25,0.02,,,0,0,0,0,0,,0
1012,Cocktail à base de rhum,eaux et autres boissons,boisson alcoolisées,121,0,7.74,2.19,0.3,7.74,1.64,0.015,8,0.21,8,71,0.13,,,0.083,4.9,,12,0,,0
1013,Cocktail à base de whisky,eaux et autres boissons,boisson alcoolisées,166,0,15.8,0.02,0,15.8,0.003,0.12,46,0.08,3,4,0.04,,,0,0.4,,0,0,,0
1017,"Sangria, faite maison",eaux et autres boissons,boisson alcoolisées,88.7,0,11,0.05,0,9.5,0,0.007,9.35,0.37,10.7,123,0.07,0.25,0.91,4.5,12.1,0,9.11,0,,0
1018,"Kir (vin blanc, crème de cassis)",eaux et autres boissons,boisson alcoolisées,74.7,0.18,3.3,0,0,3.3,0,0.004,6.88,0.67,5.09,108,0.082,1.1,0.96,0.73,18.5,0,3.97,0,,0
1019,"Kir royal (champagne, crème de cassis)",eaux et autres boissons,boisson alcoolisées,87.3,0.25,5.66,0,0,5.66,0,0.004,6.88,0.56,5.09,91.4,0.082,1.1,0.78,0.73,18.5,0,3.77,0,,0
1022,"Cocktail type punch, 16% alcool, préemballé",eaux et autres boissons,boisson alcoolisées,159,0.6,17.8,0.3,0.25,17.8,0,0.042,13,0.06,3.1,43,0.26,25,10,4.41,1.2,,5.08,0.077,0,0
2008,Cocktail ou boisson apéritive sans alcool à base de jus de fruits et de sirop,eaux et autres boissons,boisson alcoolisées,46,0.42,10.9,0,0.36,10.8,,0.006,12.8,0.1,8.31,132,0.034,0.36,,6.25,27.7,0,18,0,,0
5004,Panaché (limonade et bière),eaux et autres boissons,boisson alcoolisées,39,0,6.33,0,0,5.4,0,0.005,0.385,0.058,0.36,18.9,0.008,1.1,0.87,0,0.08,0,3.23,0.038,,0
5005,"Panaché préemballé (<1° alc.), aromatisé ou non",eaux et autres boissons,boisson alcoolisées,32,0.005,7.11,0.021,0.21,6.47,0,0.005,3.42,0.006,3.07,7.47,0,1.1,1,0,0.004,0,5,0.033,,0
11506,"Édulcorant à l'aspartame, en pastilles",produits sucrés,"sucres, miels et assimilés",44,11,,0,,0,0,1.5,,,,,,,,0,,,,,0,0
11509,"Édulcorant à l'aspartame, en poudre",produits sucrés,"sucres, miels et assimilés",18.6,1,3.7,0,0,3.7,0,0.05,,,,,,,,0,,,,,0,0
11510,Vermicelles multicolores,produits sucrés,"sucres, miels et assimilés",389,1.16,95.6,0.15,0.5,93.6,0.01,0.025,,,,,,,,,,,,,,
31008,Miel,produits sucrés,"sucres, miels et assimilés",331,0.65,82.1,0,0,81.1,0,0.01,7.93,0.18,4.26,70.3,0.098,5,0.67,0,0.5,0,2,0,0,0
31016,Sucre blanc,produits sucrés,"sucres, miels et assimilés",399,0,99.7,0,0,99.7,0,0.005,3.69,0.077,1.65,13.5,0.02,5,0.3,0,0,0,0,0,0,0
31017,Sucre roux,produits sucrés,"sucres, miels et assimilés",393,0.12,98.1,0,0,97,0,0.07,83,0.71,9,133,0.03,1.1,0.3,0,0,0,1,0,0,0
31034,Sirop d'érable,produits sucrés,"sucres, miels et assimilés",269,0.04,67.2,0.06,0,60.2,0.007,0.026,106,0.11,21,219,1.09,,,0,0,0,0,0,0,0
31044,Sucre vanillé,produits sucrés,"sucres, miels et assimilés",397,0.1,98.6,0.33,0.37,97.2,0.053,0.007,,,,2,,,,0,,,,,0.005,0.01
31046,Caramel liquide ou nappage caramel,produits sucrés,"sucres, miels et assimilés",324,0,81,0,0,61,0,0.013,,,,,,,,0,,,,,0,0
31064,Édulcorant à la saccharine,produits sucrés,"sucres, miels et assimilés",5,1.25,0,0,0,0,0,1.07,0,0.04,0,4,0.01,0,,0,0,0,0,0,0,0
31067,Mélasse de canne,produits sucrés,"sucres, miels et assimilés",300,0,74.7,0.1,0,74.7,0.018,0.093,205,4.72,242,1460,0.29,,,0,0,0,0,0,0,0
31076,Edulcorant à base de sucre et aspartame (petits morceaux),produits sucrés,"sucres, miels et assimilés",398,0.81,98.7,0,0,98.7,0,0.004,,,,,,,0.2,0,0,0,0,0,0,0
31077,Fructose,produits sucrés,"sucres, miels et assimilés",399,0,99.8,0,0,95,0,0,0.1,0.07,0,0.3,0.01,0.5,5,0,0,0,0,0,0,0
31087,Édulcorant à base d'extrait de stévia,produits sucrés,"sucres, miels et assimilés",1.2,0.16,0.3,0.25,0,0,0,2,5,0.25,1,4,0.5,0.415,1.25,0,,,,,0,0
31089,Sirop d'agave,produits sucrés,"sucres, miels et assimilés",,0.25,78,0.5,0,68,0.005,0.007,,,,,,,,0,,,,,0.005,0.005
31000,Barre chocolatée biscuitée,produits sucrés,chocolats et produits à base de chocolat,492,5.56,61.4,24.1,3.7,43.3,14,0.33,126,3.2,42.3,322,0.84,2.22,21.4,9.25,1,0,7.25,0.25,0.051,0.013
31001,Barre chocolatée non biscuitée enrobée,produits sucrés,chocolats et produits à base de chocolat,496,3.7,66.4,24.1,0.6,47,14,0.5,99.8,2.49,50.9,171,0.56,1.1,15.6,100,0.54,0.089,5.24,0.16,0.053,0.004
31002,"Barre à la noix de coco, enrobée de chocolat",produits sucrés,chocolats et produits à base de chocolat,475,3.88,60.2,23.8,3,53,19.6,0.5,78.8,1.8,46.8,331,0.8,1,11,8.92,0.25,0.25,25,0.17,0.022,
31004,"Chocolat au lait, tablette",produits sucrés,chocolats et produits à base de chocolat,550,7.5,58.9,30.8,2.9,56.3,18.7,0.2,220,3.6,59,510,1.1,10,33.7,42.8,1.58,1.5,18.7,0.54,0.08,0.01
31005,"Chocolat noir 50 % de cacao environ, tablette",produits sucrés,chocolats et produits à base de chocolat,521,5.98,53,29.6,8.31,46.3,19,0.035,40,3.5,100,490,2,10,10,12.3,0.05,0.125,22.3,0,0.06,0.01
31009,"Chocolat au lait aux céréales croustillantes, tablette",produits sucrés,chocolats et produits à base de chocolat,515,7.15,60.6,26.6,2.59,50.8,16.7,0.52,166,2.65,48,370,2.29,,23,65,0.6,0,11,0.8,0.039,0
31010,"Chocolat blanc, tablette",produits sucrés,chocolats et produits à base de chocolat,563,6.16,57.1,34.2,1,56,21.3,0.22,281,0.2,26.5,350,0.9,3,0.8,12.8,0,0,10,0,0.071,0.006
31012,Barre ou confiserie chocolatée au lait,produits sucrés,chocolats et produits à base de chocolat,551,8.75,50.9,34.2,1.7,43.3,16.6,0.23,262,0.63,91,282,5.26,,9.33,115,1.01,0.045,6.8,0.78,0.08,0.01
31018,"Chocolat au lait aux fruits secs (noisettes, amandes, raisins, praline), tablette",produits sucrés,chocolats et produits à base de chocolat,559,8.43,48.7,35.9,3.52,43.6,17,0.25,187,1.4,61,617,0.98,5,17,38.8,0.05,0.25,42,0.32,0.11,0.002
31020,"Chocolat au lait sans sucres ajoutés, avec édulcorants, tablette",produits sucrés,chocolats et produits à base de chocolat,487,5.75,54.2,34.6,2,11.3,21.2,0.34,130,,,,,,,,,,,,,
31026,"Chocolat blanc aux fruits secs (noisettes, amandes, raisins, praliné) , tablette",produits sucrés,chocolats et produits à base de chocolat,579,7.64,48,39.1,2.43,45.1,21.8,0.29,230,,,,,,,,,,,,0.068,0.005
31030,"Chocolat noir sans sucres ajoutés, avec édulcorants, en tablette",produits sucrés,chocolats et produits à base de chocolat,525,8.48,34.1,42.3,10.2,2,26.6,0.006,45.6,22.8,152,793,2.51,5,,,,,,,,
31032,Pâte à tartiner chocolat et noisette,produits sucrés,chocolats et produits à base de chocolat,549,5.02,57.9,32.4,3.23,56.2,9.18,0.12,99.5,3.85,97.1,503,1,5,12.5,0,0.75,0,42,1.68,0.41,0.032
31041,Confiserie au chocolat dragéifiée,produits sucrés,chocolats et produits à base de chocolat,505,5.49,64.9,24.3,1.98,57.4,15,0.28,164,12.5,40.7,112,0.97,,7.87,194,0.95,0.46,6.5,0.68,,
31042,Cacahuète enrobée de chocolat dragéifiée,produits sucrés,chocolats et produits à base de chocolat,499,9.5,55.9,25,5.9,50.5,9.87,0.12,100,2.9,95,500,1.4,10,10,0.883,,0.75,80.4,,0.05,0.01
31063,Bouchée chocolat fourrage fruits à coques et/ou praliné,produits sucrés,chocolats et produits à base de chocolat,558,9.1,51.5,34.7,2.1,46.2,13.6,0.34,275,,52,,,,,,,,,,,
31066,Rocher chocolat fourré praliné,produits sucrés,chocolats et produits à base de chocolat,558,6.53,51.4,35.3,3.88,49.2,15.5,0.14,120,3.4,82,430,1.2,10,10,11.4,0.25,0.125,22.9,0.5,0.061,0.01
31069,"Chocolat noir aux fruits (orange, framboise, poire), tablette",produits sucrés,chocolats et produits à base de chocolat,539,6.8,45.3,34.4,10.3,35.7,22.5,0.078,76,4,102,,,,,,0.5,,,,0.063,0.014
31070,"Chocolat noir aux fruits secs (noisettes, amandes, raisins, praline), tablette",produits sucrés,chocolats et produits à base de chocolat,567,8.69,40.7,39,8.4,38.2,17.5,0.03,64,8.7,140,510,2,10,,1.56,0.25,1.09,41.7,0,0.07,0.01
31071,Barre chocolatée aux fruits secs,produits sucrés,chocolats et produits à base de chocolat,494,7.23,57.6,26,1.53,45.1,9.53,0.38,122,1.3,13.6,47.3,0.64,2.8,4.96,1,0,0.03,0.11,0.3,0.057,0
31072,Chocolat noir fourrage confiseur à la menthe,produits sucrés,chocolats et produits à base de chocolat,445,2.9,70.2,16,4,69,11,0,14,3,48,150,0.7,10,10,12,0.25,,13.9,0.14,0.02,0.01
31073,"Gâteau moelleux fourré au chocolat et au lait, enrobé de chocolat, préemballé, rayon frais",produits sucrés,chocolats et produits à base de chocolat,449,5.95,42.4,28,1.6,35.5,18,0.22,174,0.9,47.3,296,1.15,2.5,10,32.4,0.25,0.53,26.9,0.39,0.049,0.01
31074,"Chocolat noir 70 % de cacao environ, de dégustation, tablette",produits sucrés,chocolats et produits à base de chocolat,591,10.4,26.9,46.3,12.8,17.9,28.7,0.02,62,11,200,750,3,10,10,10.7,0.25,2.16,52,0,0.09,0.045
31080,"Chocolat noir fourré praliné, tablette",produits sucrés,chocolats et produits à base de chocolat,559,6.38,52.4,34.8,5.07,48.8,16.9,0.039,70,6.1,110,400,1.7,25,10,12.7,0.25,0.25,32.2,0.32,0.067,0.017
31084,"Chocolat au lait fourré au praliné, tablette",produits sucrés,chocolats et produits à base de chocolat,559,7.29,52.9,34.9,2.51,49.9,16.4,0.2,150,3.2,70,420,1.2,25,10,40.3,0.25,0.25,14.7,0.99,0.062,0.015
31085,"Chocolat noir 40% de cacao et plus, à pâtisser, tablette",produits sucrés,chocolats et produits à base de chocolat,546,6.39,51.4,33.1,8.76,41.6,22,0.015,46,4.35,130,300,1.3,,,4.5,0.28,0,12,,0.069,0.005
31091,Bouchée/bonbon au chocolat fourrage gaufrettes ou biscuit,produits sucrés,chocolats et produits à base de chocolat,521,6.5,55.1,29.4,4.92,42.9,17.8,0.32,40,3.6,,,,,,,0.5,,,,,
31098,Barre chocolat au lait avec nougat,produits sucrés,chocolats et produits à base de chocolat,532,5.8,60.5,29,2.9,60.1,17.4,0.11,150,2.3,50,260,0.97,10,10,58.2,0.25,0.25,19.2,0.37,0.09,0.01
31120,"Chocolat, tablette (aliment moyen)",produits sucrés,chocolats et produits à base de chocolat,552,7.57,50.4,34.2,5.96,45.2,20.3,0.13,142,4.96,93.2,519,1.6,11.8,20.7,29.1,0.76,1.12,24.9,0.38,0.073,0.015
15058,Cacahuète caramélisée ou chouchou,produits sucrés,confiseries non chocolatées,544,12.9,51.4,29.7,6.1,44.7,3.95,0.013,,,,,,,,,,,,,,0
15201,"Pâte d'amande, préemballée",produits sucrés,confiseries non chocolatées,432,5.8,70.3,13.5,2.8,60.1,1.05,0.018,91,0.88,74,190,0.86,10,0.5,0.21,0.25,0.125,13.5,,0.005,0.01
31007,"Chewing-gum, sucré",produits sucrés,confiseries non chocolatées,360,0.25,86.4,0.65,4,68.1,0.3,0.006,18,9.5,340,3.5,0.06,10,0.2,0.21,0.25,0.125,0,0,,0
31014,Pâte de fruits,produits sucrés,confiseries non chocolatées,336,1.69,76.6,1.8,3.9,69.2,0.17,0.078,25,0.58,18,170,0.38,10,10,0.21,5.13,0.125,12,0,0,0
31021,Ecorce d'orange confite,produits sucrés,confiseries non chocolatées,307,0.59,75.6,0.083,1.1,65.2,0.033,0.1,65,1.5,,24,0.1,,,10,3,0,0,,,0
31023,Marron glacé,produits sucrés,confiseries non chocolatées,320,0.89,77.5,0.54,2.67,55.3,0.063,0.066,8.1,0.28,5.7,54,0.14,10,10,0.208,0.25,0.125,33.2,,0.005,0.01
31027,Fruit confit,produits sucrés,confiseries non chocolatées,297,0.25,72.4,0.063,3.3,62.9,0.05,0.14,71,0.27,4.7,40,0.025,10,,0.49,0.25,0.125,2.5,,,0
31028,Bonbon dragéifié,produits sucrés,confiseries non chocolatées,378,0.53,89.9,1.94,0.13,71.9,0.98,0.096,,,,,,,,,,,,,,0
31036,Dragée amande,produits sucrés,confiseries non chocolatées,465,5.25,75.7,14.7,4.6,68.3,1.25,0.025,84,2.5,48,262,1.02,,,0,0,0,16,,,0
31050,Guimauve ou marshmallow,produits sucrés,confiseries non chocolatées,336,3.31,80.7,0.081,0.011,69.9,0,0.078,3,0.23,2,5,0.04,,,0,0,0,1,0,0.005,0
31052,Praline,produits sucrés,confiseries non chocolatées,483,8.7,67.7,19.7,,66.3,1.5,0.001,,,,,,,,,,,,,,0
31054,"Chewing-gum, sans sucres",produits sucrés,confiseries non chocolatées,206,0.22,76,0.25,1.95,0.088,0.17,0.031,3700,5.2,130,73,0.09,25,10,0,0,0,31.5,0,,0
31059,Bonbon dur et sucette,produits sucrés,confiseries non chocolatées,384,0.16,95.3,0.18,0.91,70.4,0.087,0.091,3,0.3,3,5,0.01,,0.3,0,0,0,0,0,0.05,0
31060,Bonbon gélifié,produits sucrés,confiseries non chocolatées,339,4.88,76.9,0.53,1.5,58.4,0.25,0.02,2.5,0.125,1.08,13,0.25,0.415,1.25,1.25,1,0,0.85,0.05,0.002,0.01
31081,"Bonbon tendre, au caramel",produits sucrés,confiseries non chocolatées,415,2.23,79.1,9.98,0.19,59.8,5.63,0.56,95.6,0.55,17.4,154,0.3,2.5,22.2,,0.25,0.25,31.8,0.08,0.013,0.005
31092,Calisson d'Aix en Provence,produits sucrés,confiseries non chocolatées,440,7.97,59.8,18,3.1,49.6,1.74,0.032,81,,67,210,6.4,10,10,20.75,0.25,0.125,29,,0.005,0.01
31093,"Guimauve ou marshmallow, enrobé de chocolat",produits sucrés,confiseries non chocolatées,383,4.4,67.5,10.5,0.45,56.4,6.5,0.081,,,,,,,,,,,,,,
31094,"Bonbon dur, au caramel",produits sucrés,confiseries non chocolatées,416,1.33,86.6,7.09,0.13,72.7,4.77,0.87,,0,,,0,,,0,0,0,0,,0.05,0
31097,Bonbon tendre,produits sucrés,confiseries non chocolatées,392,0.94,84.3,5.1,1.5,66.5,2.99,0.063,2.5,0.125,0.5,6.62,0.25,0.415,1.25,1.25,1,,0.85,0.05,0.012,0.017
31112,"Bonbon gélifié à la réglisse, type rouleau ou batonnet",produits sucrés,confiseries non chocolatées,347,3.62,75.6,1.55,8.18,46.3,0.73,1.05,,,,,,,,,,,,,,0
31121,"Chewing-gum, sans précision sur la teneur en sucres (aliment moyen)",produits sucrés,confiseries non chocolatées,263,0.23,79.9,0.4,2.71,25.4,0.22,0.022,2330,6.8,208,47.1,0.079,19.4,6.35,0.078,0.095,0.046,19.8,0,,0
31122,"Bonbon tendre, au caramel enrobé de chocolat",produits sucrés,confiseries non chocolatées,446,3.29,69.6,16.8,1.8,55.5,11.1,0.4,,,,,,,,,,,,,,0
31124,"Bonbon dur type collier, sifflet, sucette, pastille, au dextrose",produits sucrés,confiseries non chocolatées,376,0.018,91.1,1.35,0,85.6,1.18,0.3,,,,,,,,,,,,,,0
31125,"Pastille rafraîchissante, sans sucres",produits sucrés,confiseries non chocolatées,241,0.08,96.3,0.65,0.4,0.19,0.61,0.033,,,,,,,,,,,,,,0
31126,"Pastille rafraîchissante, sucrée",produits sucrés,confiseries non chocolatées,390,0.13,96.7,0.37,0.27,93.8,0.27,0.036,,,,,,,,,,,,,,0
31127,Nougat tendre,produits sucrés,confiseries non chocolatées,437,6.98,69.3,13.9,3.27,60.8,1.21,0.045,,,,,,,,,,,,,,0
31128,"Bonbon dur et sucette, sans sucres",produits sucrés,confiseries non chocolatées,235,0.081,96,0.44,0,0.067,0.3,0.073,,,,,,,,,,,,,,0
11299,"Crème de pruneaux, préemballée",produits sucrés,confitures et assimilés,240,1.4,55,0.45,5,53,0,0.01,,,,,,,,,,,,,,0
15013,"Crème de marron ou confiture de châtaigne, préemballée",produits sucrés,confitures et assimilés,278,0.95,65.9,0.66,2.28,51.5,0.13,0.014,11.3,1.7,12.2,174,0.3,1,0.4,0,6.29,,30,,,0
30886,"Gelée, autres fruits ou mélange de fruits (extra ou classique)",produits sucrés,confitures et assimilés,252,0.1,61.9,0.1,1.25,60.9,0.025,0.007,,,,,,,,0,,,,,,0
30887,"Confiture, autres fruits ou mélange de fruits, allégée en sucres (extra ou classique)",produits sucrés,confitures et assimilés,162,0.75,38,0.21,1.8,38,0.026,0.023,13,0.2,6.7,110,0.06,10,1.5,10.2,9.57,0.125,17.5,,,0
30888,Marmelade ou confiture d'autres agrumes ou mélange d'agrumes (extra ou classique),produits sucrés,confitures et assimilés,,0.33,59.5,0.2,0.99,55.5,0.044,0.009,,,,,,,,0,,,,,,0
30889,"Marmelade ou confiture d'orange, allégée en sucres",produits sucrés,confitures et assimilés,,0.25,40.6,0.063,1.03,39.9,0,0.015,,,,,,,,0,,,,,,0
30990,Confiture de mûre (extra ou classique),produits sucrés,confitures et assimilés,245,0.44,58.3,0.63,1.3,56.9,0.31,0.007,15.6,0.37,12.5,94.4,0.25,0.415,1.25,1.25,6.1,0.125,10.7,,0.015,0.001
30991,Gelée de mûre (extra ou classique),produits sucrés,confitures et assimilés,245,0.53,60,0.28,0.73,57.4,0.025,0.007,,,,,,,,0,,,,,,0
30992,Confiture de rhubarbe (extra ou classique),produits sucrés,confitures et assimilés,239,0.26,58.6,0.057,1.53,57.7,0.002,0.01,,,,,,,,0,,,,,,0
30993,Confiture de pêche (extra ou classique),produits sucrés,confitures et assimilés,242,0.27,59.5,0.075,1.16,57.4,0.001,0.008,,,,,,,,0,,,,,,0
30994,Confiture de figue (extra ou classique),produits sucrés,confitures et assimilés,243,0.63,59.1,0.17,1.31,56.8,0.033,0.012,,,,,,,,0,,,,,,0
30995,"Confiture de fraise, allégée en sucres",produits sucrés,confitures et assimilés,166,0.31,40.3,0.1,1.37,39.6,0.032,0.024,12.2,0.05,8.5,61.7,0.05,,5,2.08,0.5,,28.6,,0.028,0
30996,"Confiture d'abricot, allégée en sucres",produits sucrés,confitures et assimilés,167,0.41,40.5,0.067,1.33,39.5,0.029,0.028,12.4,0.05,5.5,89.8,0.05,,5,8.25,0.5,,5,,0.019,0
30997,"Confiture de framboise, allégée en sucres",produits sucrés,confitures et assimilés,167,0.68,39.2,0.14,2.98,37.9,0.034,0.024,,,,,,,,0,,,,,,0
30998,Gelée de framboise (extra ou classique),produits sucrés,confitures et assimilés,249,0.56,61,0.1,0.86,59.3,0.001,0.006,,,,,,,,0,,,,,,0
30999,"Confiture ou marmelade, tout type de fruits, sans précision sur la teneur en sucres (aliment moyen)",produits sucrés,confitures et assimilés,235,0.36,57.1,0.27,1.34,55.7,0.068,0.015,12.5,0.18,6.4,88.8,0.068,,,3.2,15.2,,13,,,0.002
31006,"Confiture ou marmelade ou gelée, tout type de fruits, non allégée en sucres (aliment moyen)",produits sucrés,confitures et assimilés,244,0.33,59.3,0.28,1.29,57.7,0.073,0.014,,,,,,,,0,16.2,,,,,0.002
31024,Confiture de fraise (extra ou classique),produits sucrés,confitures et assimilés,248,0.25,60.5,0.5,0.7,60.1,0.11,0.018,9,0.17,5.7,77,0.025,10,10,0.21,11.4,,24.6,,0.05,0.01
31037,Confiture d'abricot (extra ou classique),produits sucrés,confitures et assimilés,246,0.25,59.7,0.3,1.1,56.8,0.029,0.013,8.7,0.14,4.4,110,0.07,10,10,6.84,6.42,0.125,2.5,,0,0
31038,Confiture de cerise (extra ou classique),produits sucrés,confitures et assimilés,238,0.48,58.1,0.19,1.1,57.5,0,0.013,12,0.22,7.1,110,0.025,10,10,4.57,19.6,,6,,,0
31039,Marmelade d'orange ou confiture d'orange (extra ou classique),produits sucrés,confitures et assimilés,245,0.25,59.3,0.4,1.5,56.9,0.14,0.015,33,0.08,4.2,49,0.025,10,10,0.21,8.92,0.125,6.27,0,0.005,0.01
31040,Confiture de lait,produits sucrés,confitures et assimilés,340,6.84,61.7,7.35,0,49.7,4.53,0.32,251,0.17,22,350,0.79,,,73,2.6,0.2,,0.31,0.05,0.004
31053,"Confiture de prune, par ex. mirabelle, quetsche, reine-claude (extra ou classique)",produits sucrés,confitures et assimilés,240,0.28,58.9,0.089,1.27,58,0.029,0.011,,,,,,,,0,,,,,,0
31062,Confiture de framboise (extra ou classique),produits sucrés,confitures et assimilés,232,0.56,55.2,0.17,2.69,55.2,0.071,0.013,9.9,0.28,9.5,100,0.12,10,10,0.21,2.93,,13.9,,,0
31068,Confiture de myrtille (extra ou classique),produits sucrés,confitures et assimilés,245,0.25,58.9,0.4,2.1,58.9,0.047,0.006,8.7,0.14,3.2,35,0.06,10,,0.21,0.25,0.125,2.5,,,0
31082,Préparation de fruits divers (en taux de sucres : confitures allégées en sucres < préparations de fruits < confitures),produits sucrés,confitures et assimilés,195,0.48,47.3,0.17,1.94,46.2,0.036,0.032,,,,,,,,0,,,,,,0
31083,"Confiture, autres fruits ou mélange de fruits (extra ou classique)",produits sucrés,confitures et assimilés,244,0.36,59.8,0.15,1.47,57.3,0.06,0.017,,,,,,,,0,39,,,,,0
31095,Gelée de groseille (extra ou classique),produits sucrés,confitures et assimilés,244,0.25,59.7,0.044,0.25,58.7,0,0.006,9.8,0.16,3.8,84,0.025,10,,0.21,1.79,0.125,2.5,,,0
31129,"Préparation aux fruits divers (35% de fruits min, sucres et autre(s) ingrédient(s))",produits sucrés,confitures et assimilés,204,0.81,47.4,0.75,2.8,45,0.089,0.028,,,,,,,,0,,,,,,0
7225,"Pain brioché ou viennois, artisanal",produits sucrés,viennoiseries,338,8.89,48.6,11.2,1.9,7.51,6.25,1.14,47.8,0.92,20.4,156,0.83,5.2,6.5,74.8,1,0.3,42.6,0.05,0.079,0.006
7600,Viennoiserie (aliment moyen),produits sucrés,viennoiseries,385,7.63,49,17,2.43,12.9,8.33,1.03,40.3,1.71,22.2,142,0.72,8.39,10.7,86.5,0.49,0.13,28,0.15,0.26,0.01
7603,"Croissant, sans précision (aliment moyen)",produits sucrés,viennoiseries,417,6.56,46.2,22.1,2.41,7.49,14,1.19,23.5,0.74,15.7,123,0.56,9.7,9.55,149,0.61,0.12,21.3,0.12,0.11,0.01
7615,"Croissant ordinaire, artisanal",produits sucrés,viennoiseries,412,6.33,47.6,21.1,1.8,7.88,11.6,1.31,21,0.85,17,130,0.63,10,10,16.4,0.25,0.125,32.8,0.089,0.12,0.01
7616,"Croissant ordinaire, préemballé",produits sucrés,viennoiseries,398,6.95,46.7,19.1,4.1,8.33,9.33,1.16,58,0.79,18.3,131,0.62,4,1.25,29.6,1,0,5.2,0.05,0.16,0.01
7619,"Croissant pur beurre, sans précision (aliment moyen)",produits sucrés,viennoiseries,420,6.61,45.7,22.6,2.5,7.3,15.1,1.16,22,0.7,15,120,0.53,10,10,204,0.71,0.125,18.3,0.13,0.11,0.01
7620,"Croissant pur beurre, artisanal",produits sucrés,viennoiseries,420,6.61,45.7,22.6,2.5,7.3,15.1,1.16,22,0.7,15,120,0.53,10,10,204,0.71,0.125,18.3,0.13,0.11,0.01
7621,"Croissant pur beurre, préemballé",produits sucrés,viennoiseries,388,6.27,45.7,18.9,3.7,9.79,11.1,0.91,32.4,0.8,19.4,139,0.65,1,1.25,176,1,0,4.3,0.05,0.12,0.009
7650,"Croissant aux amandes, artisanal",produits sucrés,viennoiseries,449,7.62,36.5,29.1,3.7,14.4,14.9,0.79,55.7,1.1,36.6,174,0.76,2.48,7.06,117,0.044,0.44,35.6,0.12,0.083,
7710,"Pain au lait, artisanal",produits sucrés,viennoiseries,376,8.55,49,15.4,1.5,9.62,8.34,1.1,37.1,1.1,20.3,171,0.5,2.5,5,46.1,0,0.1,46,0.82,0.13,0.015
7711,"Pain au lait, préemballé",produits sucrés,viennoiseries,357,8.69,50.5,12.3,3.5,11.5,4.14,1.06,49.1,0.85,19.5,140,0.74,4,6.5,40.6,1,0,13.3,0.05,0.53,0.013
7712,"Pain au lait aux pépites de chocolat, préemballé",produits sucrés,viennoiseries,375,8.25,49.6,14.7,3.8,18.9,5.31,0.9,72.9,2.7,30.6,211,0.89,5,6.5,14.8,1,0,35.4,0.05,0.55,0.008
7719,"Panettone (brioche italienne aux raisins secs et écorces d'orange confite), préemballée",produits sucrés,viennoiseries,352,6.88,50.6,12.7,3.4,25.9,7.04,0.46,39.4,1.3,19.2,227,0.63,11,6.5,58.3,1,0,3.7,0.05,0.08,0.013
7720,"Pain aux raisins (viennoiserie), artisanal",produits sucrés,viennoiseries,345,5.81,53.4,11.5,1.4,20.9,5.66,0.81,32.1,0.77,18.6,278,0.5,9.7,5,38.1,0,0.1,132,0.54,0.12,0.003
7730,"Pain au chocolat, artisanal",produits sucrés,viennoiseries,423,7.47,45.4,22.5,3,12.8,14.7,0.98,23,4.1,29,160,0.78,10,10,170,0.25,0.125,33.8,0.09,0.11,0.01
7733,"Pain au chocolat, préemballé",produits sucrés,viennoiseries,421,6.28,48.6,21.4,2.72,13,12.5,0.98,91,3.2,32,150,0.84,10,10,94.5,0.25,0.125,16.8,0.064,0.11,0.01
7735,"Brioche (ou briochettes) aux pépites de chocolat ou fourrée au chocolat, préemballée",produits sucrés,viennoiseries,352,8.17,51.1,12.1,2.98,17.4,3.08,0.91,52,3.5,31,170,0.84,10,,17,0.25,0.125,22.3,0.16,0.005,0.01
7738,"Brioche fourrée aux fruits, préemballée",produits sucrés,viennoiseries,326,5.81,52.4,9,5.5,24.4,2.15,0.99,19.6,0.68,12.9,108,0.6,4,1.25,9.25,1,0,7.8,0.05,0.39,0.005
7739,"Brioche fourrée crème pâtissière (type ""chinois""), préemballée",produits sucrés,viennoiseries,267,5.81,45.7,6,3.4,20.3,1.9,0.83,56,0.55,14.5,137,0.52,3,6.5,22.9,1,0,8.7,0.05,0.29,0.004
7740,"Brioche nature, préemballée",produits sucrés,viennoiseries,356,7.99,52.7,12.1,2.09,14.5,4.68,0.98,32,0.94,18,120,0.74,10,10,71.1,0.25,0.125,23.9,0.21,0.4,0.01
7742,"Brioche nature, artisanale",produits sucrés,viennoiseries,420,11.3,50.7,19.1,0.25,5.7,8.51,1.47,30,1.15,25.5,188,0.68,5,31.8,88.3,0.25,0.25,53,0.32,0.16,
7744,"Couronne des rois (brioche) aux fruits confits, préemballée",produits sucrés,viennoiseries,353,7.2,52.8,12.3,1.35,19.6,6.1,0.89,,,,,,,,,,,,,,
7745,"Brioche pur beurre (ex : gâche vendéenne) nature, préemballée",produits sucrés,viennoiseries,361,8.21,51.1,13.3,2.03,13,8.71,0.99,30,0.85,19,110,0.72,10,10,116,0.25,0.125,48.4,0.22,0.09,0.01
7746,"Brioche, sans précision (aliment moyen)",produits sucrés,viennoiseries,363,8.41,52.1,13,1.94,13.9,5.09,1.04,34,1.24,20.5,136,0.74,9.03,13.6,66.5,0.27,0.14,27.9,0.21,0.32,0.01
23467,Chouquette,produits sucrés,viennoiseries,408,9.13,40.6,22.9,1.5,18.4,11,1.06,54.6,1.7,15.3,122,0.82,4.42,6.5,144,1,0.85,29.2,0.39,0.17,0.043
23480,Chausson aux pommes,produits sucrés,viennoiseries,360,4.17,42.2,18.7,3.1,11.2,10.3,0.87,39,0.8,10,106,0.3,1.3,7.24,104,5.36,0.32,5.15,0,0.061,
7355,"Galette de riz soufflé, nappée de chocolat",produits sucrés,biscuits sucrés,494,7.32,60.7,23.2,5.1,26.3,13,0.048,65.3,3.9,111,367,1.8,5,6.5,63.3,1,0,12.3,0.24,0.06,0.012
7356,"Galette de maïs soufflé, nappée de chocolat",produits sucrés,biscuits sucrés,481,7.3,63.2,20.8,5.05,22.8,12.2,0.063,,,89.5,,,,,,,,,,,0
7412,"Tartine craquante, extrudée et grillée, fourrée au chocolat",produits sucrés,biscuits sucrés,445,7.88,65.4,15.6,5.3,29.7,5.84,0.19,144,7.5,71.9,357,1.1,4,6.5,9.25,1,0,4.6,0.05,0.53,0.009
7413,"Tartine craquante, extrudée et grillée, fourrée aux fruits",produits sucrés,biscuits sucrés,372,4.22,74.9,5.1,2.6,31.3,2.54,0.23,125,0.53,14.7,136,0.25,1,16,9.25,1,0,4.6,0.05,0.06,0.004
23027,Macaron sec,produits sucrés,biscuits sucrés,436,6.9,77.7,10.2,3,74,0.6,0.2,,,,,,,,,,,,,,
24000,"Biscuit sec, sans précision",produits sucrés,biscuits sucrés,433,7.83,67.8,13.8,3,25,3.46,1.02,10,0.4,14,157,0.6,,4.15,,0,0,14,0.05,0.33,0
24001,Biscuit sec nature,produits sucrés,biscuits sucrés,438,7.13,74.9,11.5,3.3,25.4,5.31,0.74,25,0.86,17,139,0.25,4.19,1.25,9.25,1,0,5.15,0.05,0.05,0.007
24002,Biscuit sec à teneur garantie en vitamines,produits sucrés,biscuits sucrés,457,9.63,72.3,14.2,0.75,23.3,6.07,0.16,,2,54,275,1.5,6,13,2.25,3,0.55,212,0.04,0.25,
24003,Biscuit sec à teneur garantie en vitamines et minéraux,produits sucrés,biscuits sucrés,472,10.8,61.1,19.8,3.5,22.1,8.44,0.44,,6.4,195,256,1.9,8,11,1.93,0.5,0.25,157,0.04,0.12,
24004,"Biscuit sec aux fruits, hyposodé ou à teneur réduite en sel",produits sucrés,biscuits sucrés,448,8.88,64,16,5.4,17.9,1.45,0.02,43.8,1.5,34.4,427,0.82,2.72,1.25,9.25,1,0,19.7,0.05,1,0.008
24006,"Biscuit sec au soja, enrichi en vitamines et minéraux",produits sucrés,biscuits sucrés,444,10.9,60.3,16.1,6.6,20.3,2.22,0.71,179,3,149,423,2.4,6,1.25,1.25,3,,146,,0.88,0.006
24008,"Biscuit sec fourré aux fruits, allégé en matière grasse",produits sucrés,biscuits sucrés,391,4.69,75.3,7.2,3,39.9,2.82,0.58,59,0.5,15.6,152,0.5,1.5,5,3.08,,0.1,49.6,0.35,0.14,0
24009,Spéculoos,produits sucrés,biscuits sucrés,476,5.63,71.2,18.1,3,32.5,7.81,0.92,14,0.73,14.9,103,0.25,2.44,1.25,9.25,5.72,0,3.05,0.39,0.31,0.01
24010,"Biscuit sec, avec matière grasse végétale",produits sucrés,biscuits sucrés,436,7.23,74,11.7,3.1,23.4,5.4,0.75,57.7,2.16,34.5,89.7,0.92,,6,,,,,,,
24011,"Biscuit sec, assortiment",produits sucrés,biscuits sucrés,515,6.44,61.4,26.4,2.9,39.4,6.21,0.46,55,2.6,35,200,0.66,10,,28.4,0.25,0.125,48.7,0.21,0.34,
24012,"Biscuit sec au chocolat, sans sucres ajoutés, avec édulcorants, enrichi en vitamines",produits sucrés,biscuits sucrés,448,6.78,64.6,21.8,3.71,1.72,8.99,0.57,,,65,,,,,,,3.2,60.7,1.4,,
24013,"Biscuit sec, sans sucres ajoutés, avec édulcorant",produits sucrés,biscuits sucrés,429,6.23,72.1,15.7,3.93,0.11,3.3,0.79,,2.3,,,,,,,,,,,,
24014,Biscuit sec avec tablette de chocolat et fourrage au lait,produits sucrés,biscuits sucrés,512,6.75,62.3,25.6,2.7,35.6,14.9,0.45,89.6,3,38,253,0.81,2.48,15,73.7,1,0,4.55,0.26,0.18,0.014
24015,Biscuit sec petit beurre,produits sucrés,biscuits sucrés,450,7.78,73.4,13.3,2.54,22,8.61,1.04,34,0.82,18,150,0.52,10,10,107,0.25,0.125,19.1,0.092,0.07,0.01
24016,Biscuit sec avec tablette de chocolat,produits sucrés,biscuits sucrés,485,5.56,68.8,20,3.5,40.8,11.3,0.35,59.4,3.1,33,198,0.67,2.81,6.5,9.25,1,0,5.15,0.2,0.16,0.011
24017,Biscuit sec petit beurre au chocolat (tablette ou pépites),produits sucrés,biscuits sucrés,496,6.88,63.8,22.8,4,35.4,14.2,0.59,91.8,4.6,45.7,288,0.89,3.04,16.5,12.5,1,0,8.75,0.05,0.076,0.012
24018,"Biscuit sec sans gluten, petit beurre",produits sucrés,biscuits sucrés,460,3.8,79.3,14,0.9,21,8.5,1.1,,,,,,,,,,,,,,
24019,"Biscuit sec sans gluten, au chocolat",produits sucrés,biscuits sucrés,504,5.04,64,24.7,2.95,27.5,12.2,0.5,,,,,,,,,,,,,,
24020,Biscuit sec aux céréales complètes,produits sucrés,biscuits sucrés,462,7.75,63,18.4,6.6,19.5,4.97,0.37,44.5,1.8,60.8,205,1.4,5.9,18,37.7,1,0,13,0.2,0.75,0.018
24021,Biscuit sec petit beurre au blé complet,produits sucrés,biscuits sucrés,439,9.25,66.6,13.4,7.2,18.8,2.01,0.37,31.9,2.2,71.8,280,2,2.92,6.5,9.25,1,0,3.9,0.15,0.8,0.007
24028,"Biscuit sec au sésame, non enrichi",produits sucrés,biscuits sucrés,496,9.19,60,23.3,4.84,21,6.27,0.55,,2.3,73.5,,1.9,,,,,,2.3,,,
24029,"Biscuit sec au sésame, enrichi en vitamines et minéraux",produits sucrés,biscuits sucrés,485,11.5,60,21,4.9,18.5,2.05,0.68,350,7,179,,,,,,,,41.9,,,
24031,"Biscuit sec sans chocolat, allégé en matière grasse",produits sucrés,biscuits sucrés,388,6,71,6,13,35,2.5,0.34,199,0.5,25.5,211,0.5,1.5,5,3.08,,0.1,11.7,0.97,0.1,0
24034,"Biscuit sec pour petit déjeuner, sans chocolat, non enrichi",produits sucrés,biscuits sucrés,452,7.81,65.8,16.3,5.5,21,2.83,1.19,250,4,140,190,0.94,10,,10.7,0.25,0.125,13.9,0.033,0.87,0.01
24035,"Biscuit sec pour petit déjeuner, allégé en sucres",produits sucrés,biscuits sucrés,444,7.78,66.2,15,6.7,19.5,5,0.69,200,4.2,112,,,,,,,,3.6,,,
24036,"Biscuit sec au chocolat, non enrichi",produits sucrés,biscuits sucrés,507,7.75,59.5,25.6,3.9,44.2,9.7,0.39,112,3.3,63.2,422,1.3,3.27,14,9.25,5.4,0,25.7,0.32,0.16,0.014
24037,Biscuit sec fourré à la pâte ou purée de fruits (ex : figue),produits sucrés,biscuits sucrés,421,4.93,71.6,12.3,2,27.2,5.19,0.38,64,1,294,269,0.3,2.5,12,1.58,0.25,0,21,0.04,0.083,0.005
24038,"Biscuit sec, sablé, nappé de chocolat",produits sucrés,biscuits sucrés,495,6.56,63.5,22.9,4.1,27.7,12.4,0.74,64.7,3,35.9,221,0.72,2.4,6.5,72.1,1,0,5.25,0.15,0.12,0.013
24040,"Biscuit sec pour petit déjeuner, au chocolat, non enrichi",produits sucrés,biscuits sucrés,447,8.06,62.9,16.4,7.6,27.3,6.15,0.86,53.2,6.4,74.1,377,1.5,2.53,1.25,9.25,1,0.35,13.2,0.05,0.062,0.009
24041,"Biscuit sec pour petit déjeuner, tous parfums, enrichi en vitamines et minéraux",produits sucrés,biscuits sucrés,454,7.06,67.3,16.1,5.8,27.2,6.21,0.53,136,5.9,76.4,254,1.3,2.86,1.25,9.25,1,0.35,7.95,0.05,0.28,0.009
24042,"Biscuit sec au chocolat, enrichi en vitamines et minéraux",produits sucrés,biscuits sucrés,461,8.96,61.9,18.3,6.54,20.1,3.78,0.6,236,7,172,,,,,,26,0.92,27.9,,,
24048,"Biscuit sec, sablé, galette ou palet, autre que pur beurre",produits sucrés,biscuits sucrés,495,5.71,64.5,23.1,3.34,25.8,10.9,0.72,,,,,,,,,,,,,,
24049,"Biscuit sec, sablé, galette ou palet, au beurre",produits sucrés,biscuits sucrés,481,6.81,66.8,20,3.2,22.2,12,0.96,22.2,0.85,17.2,117,0.52,3.59,6.5,178,1,0,5.35,0.05,0.11,0.01
24050,"Biscuit sec, sablé, galette ou palet, au beurre, au chocolat",produits sucrés,biscuits sucrés,499,6.33,63.5,23.7,3.11,33.6,11.9,0.5,,,,,,,,,,,,,0.37,0.005
24051,"Biscuit (génoise), nappé de chocolat, type barquette",produits sucrés,biscuits sucrés,489,7.38,59.5,23.9,3.1,42.4,3.01,0.31,83,3.9,42.9,297,0.95,5.3,15.5,9.25,1,0,11.5,0.24,1.27,0.012
24052,"Biscuit sec (tartelette), nappé au chocolat, préemballé",produits sucrés,biscuits sucrés,504,6.58,59.7,25.6,3.71,31.5,15.2,0.51,58,0.15,59,360,1,10,10,25.7,0.25,0.125,39.1,0.15,0.09,0.01
24054,"Biscuit sec, sablé, galette ou palet, aux fruits",produits sucrés,biscuits sucrés,482,5.8,66.3,21,2.37,30.9,12.2,0.56,35,1,32,210,0.66,10,10,26.3,0.25,0.125,19.6,0.41,0.07,0.01
24056,Florentin (biscuit sec au chocolat et aux amandes),produits sucrés,biscuits sucrés,514,9.31,50.7,28.7,7.6,44.1,10.8,0.13,120,2.5,84,320,1.1,10,,33.7,0.25,1.01,16.9,0.28,0.36,0.025
24057,"Biscuit sec, sablé, fourré aux fruits type lunette de Romans",produits sucrés,biscuits sucrés,449,6.06,69.2,16,2.04,31.9,9.47,0.2,,,,,,,,,,,2,,0.07,0.005
24061,"Biscuit meringué fourré (chocolat, noisette, noix de coco…), nappé ou sur base de chocolat",produits sucrés,biscuits sucrés,540,7.65,54.5,31.5,3.95,45.9,20,0.24,,,,,,,,,,,,,,
24070,Biscuit sec à la noix de coco,produits sucrés,biscuits sucrés,493,6.32,65.4,22.1,3.51,25.3,13.1,0.71,,,,,,,,,,,,,0.03,0.005
24071,"Sablé pâtissier, artisanal",produits sucrés,biscuits sucrés,484,8.38,59.4,22.9,3.3,22,,0.41,31.9,0.5,21.8,123,0.5,6.3,5,175,,0.1,14.5,0.79,,
24224,"Biscuit au chocolat fourré (""sandwiché"") parfum vanille, rond, noir et blanc",produits sucrés,biscuits sucrés,480,5.06,69.2,19.6,3.2,35.7,5.88,0.65,21.2,2.3,33.6,226,0.59,1,1.25,9.25,1,0,4.35,0.05,0.56,0.011
24225,"Goûter sec fourré (""sandwiché"") parfum lait ou vanille",produits sucrés,biscuits sucrés,478,5,70,19,3.6,31.3,7.89,0.44,18.4,1,19.1,115,0.74,1,1.25,9.25,1,0,6.05,0.05,0.26,0.01
24230,"Goûter sec fourré (""sandwiché"") parfum chocolat, au blé complet",produits sucrés,biscuits sucrés,465,5.94,69.3,17.2,4.8,31.9,5.5,0.54,28.3,3,42.5,256,0.86,2.3,1.25,9.25,1,0,6.55,0.05,0.45,0.009
24231,"Goûter sec fourré (""sandwiché"") parfum chocolat",produits sucrés,biscuits sucrés,471,6.31,67.5,18.5,4.7,29.2,8.81,0.46,32.5,3.3,46.1,218,0.92,2.43,1.25,9.25,1,0,4.85,0.05,0.15,0.01
24240,"Goûter sec fourré (""sandwiché"") parfum fruits",produits sucrés,biscuits sucrés,407,5.13,73.6,9.4,3.7,30.3,4.27,0.52,16.5,0.73,16.6,109,0.25,3,1.25,9.25,1,0,5.05,0.05,0.083,0.006
24300,"Gaufrette (éventail, cigarette…), sans fourrage",produits sucrés,biscuits sucrés,437,6.51,80,9.7,2.05,34.6,6.23,0.48,1.55,,,144,,,,,2,,5,0.09,0.032,
24311,Gaufrette fourrée et/ou enrobée de chocolat,produits sucrés,biscuits sucrés,534,6.63,56.6,30.5,3.5,37.8,18.8,0.25,127,5,65.4,465,1.1,4.9,14.9,9.25,5.7,0,11.6,0.05,0.14,0.015
24312,"Gaufrette fourrée, aux fruits à coque (noisette, amande, praliné, etc.), avec ou sans chocolat",produits sucrés,biscuits sucrés,562,9,49,36.1,2.5,34,15.4,0.26,219,3.5,63.3,498,1.3,4.34,32,9.25,6.4,0,19.3,0.63,0.085,0.018
24313,"Gaufrette, fourrée vanille",produits sucrés,biscuits sucrés,538,5.75,60.1,30.1,1.6,32.9,19.9,0.36,92,0.55,24,260,0.49,10,,10.7,0.63,0.125,15.3,0.29,0.05,0.01
24320,"Gaufrette fourrée, aux fruits",produits sucrés,biscuits sucrés,355,4.13,81,0.8,2.7,46.6,0.3,0.15,32.3,0.68,68.8,174,0.25,2.84,6.5,9.25,1,0,6.65,0.05,0.001,0.002
24370,Crêpe dentelle nature,produits sucrés,biscuits sucrés,467,6.37,73.1,16.2,1.7,36.6,11.1,0.65,,,,,,,,,,,,,0.05,
24371,"Crêpe dentelle, nappée de chocolat",produits sucrés,biscuits sucrés,498,5.75,67.4,22.1,3.5,43.2,11.5,0.57,,,,,,,,,,,,,0.45,0.007
24430,Biscuit sec aux oeufs à la cuillère (cuiller) ou boudoir,produits sucrés,biscuits sucrés,366,7.75,74.5,3.4,2.9,48.8,1.17,0.3,25.3,0.96,12.6,117,0.5,7.9,6.5,27.1,1,0,7.85,0.26,0.05,0.014
24441,"Biscuit sec, type langue de chat ou cigarette russe",produits sucrés,biscuits sucrés,475,5.27,72.7,17.8,1.55,39.7,9.45,0.49,21.8,0.6,15.4,135,0.3,2,2,1.33,0.25,0.25,41,0.04,0.069,0.003
24520,Meringue,produits sucrés,biscuits sucrés,396,4.82,93.2,0.52,0.125,87.6,0.003,0.23,4.15,0.18,4.76,89.8,0.15,3,2,0,0,0,6,0.1,0.005,0.01
24614,Biscuit sec croquant aux amandes (ex. canistrelli),produits sucrés,biscuits sucrés,454,9.04,68.2,15.4,3.2,37.6,2.94,0.27,,,,,,,,,,,2.9,,,
24615,"Biscuit sec fin ou tuile, aux amandes",produits sucrés,biscuits sucrés,471,7.8,68,18.1,2.1,49.1,5.65,0.21,49,0.81,40,170,0.67,10,10.5,47.6,0.25,0.25,15.3,0.084,0.05,0.01
24616,"Biscuit sec fin ou tuile, saveur citron ou orange",produits sucrés,biscuits sucrés,419,6.37,69.7,9.73,13.6,31.6,4.17,0.55,,,,,,,,,,,,,0.068,0.004
24654,"Biscuit sec ou galette à l'avoine, nappée de chocolat",produits sucrés,biscuits sucrés,509,5.73,61.3,26,3.58,39.6,14.6,0.59,,,,,,,,,,,,,,
24655,Biscuit sec ou galette à l'avoine,produits sucrés,biscuits sucrés,491,5.64,63.9,22.9,3.41,34.6,11.7,0.74,,,,,,,,,,,,,,
24656,"Cookie aux cranberries et au chocolat blanc, préemballé",produits sucrés,biscuits sucrés,488,4.76,65.9,22.4,2.1,41,10.9,1.2,,,,,,,,,,,,,,
24657,"Biscuit sec, type batonnet, stick, vrille ou torsade, nappé de chocolat",produits sucrés,biscuits sucrés,510,6.86,63.1,25.1,2.42,34.6,14.1,0.42,,,,,,,,,,,,,0.056,0.005
24658,"Biscuit sec feuilleté, type palmier ou autres, nappé de chocolat",produits sucrés,biscuits sucrés,532,5.93,59.7,29.4,2.33,30.3,16.6,1.02,,,,,,,,,,,,,,
24659,"Biscuit sec feuilleté, type palmier ou autres, préemballé",produits sucrés,biscuits sucrés,528,6.06,56.8,30,3.4,18.8,15.4,1.15,16.6,0.88,15.1,94.4,0.25,21.8,1.25,111,1,0,3.15,0.05,0.17,0.015
24660,"Biscuit sec feuilleté, type palmier ou autres, artisanal",produits sucrés,biscuits sucrés,499,5.93,47.8,30.4,5.3,21.8,14.4,1.16,15.6,0.58,11.5,83.5,0.5,10.7,5,49.1,0,0.1,11.5,0.43,0.25,0
24676,"Cookie au chocolat et aux fruits à coque (noisettes, amandes, noix de pécan…), préemballé",produits sucrés,biscuits sucrés,507,6.78,57,27.1,4.02,30.5,11.2,0.77,30.6,2.14,57.2,82.9,1.23,,,,,,,,0.077,0.005
24678,"Biscuit (génoise), nappé aux fruits, type barquette",produits sucrés,biscuits sucrés,341,4.44,74.4,2.1,2.8,51.1,0.75,0.12,19,0.7,11,110,0.38,10,5,12.5,1.61,0.25,10.4,0.19,0.01,0.01
24679,"Biscuit sec (tartelette), nappé aux fruits, préemballé",produits sucrés,biscuits sucrés,424,4.63,71.3,13,1.94,34.5,6.75,0.43,,,,70,,,,,,,,,0.038,0.005
24680,Biscuit moelleux fourré à l'orange et enrobé de sucre glace,produits sucrés,biscuits sucrés,359,4.1,80,2.1,1.7,47,0.4,0.005,,0.7,10.1,81,0.4,2.5,11,2.25,0.5,0.25,26,0.04,0.049,
24684,"Cookie au chocolat, préemballé",produits sucrés,biscuits sucrés,493,6.44,61,23.8,4.3,31.4,11.4,0.86,39.1,6.1,55.1,258,0.95,2.99,6.5,78.1,1,0,4.95,0.11,0.1,0.013
24685,"Cône ou cornet classique, pour glace",produits sucrés,biscuits sucrés,401,7.5,80.4,5,2,25.6,4.1,0.54,,,,,,,,,,,,,,
24686,"Biscuit (génoise), fourré aux fruits (ex : orange, cerise…), nappé de chocolat",produits sucrés,biscuits sucrés,395,3.88,66.6,11.7,3.2,45.2,5.75,0.31,23.8,2.9,33.3,148,0.58,3.15,6.5,9.25,1,0,5.85,0.05,0.16,0.007
24687,"Cookie aux pépites de chocolat et à la noix de coco, préemballé",produits sucrés,biscuits sucrés,519,5.93,54.5,29.8,4.85,28.3,16.3,0.83,,,,,,,,,,,,,0.022,0.005
32000,"Grains de blé soufflés au miel ou caramel, enrichis en vitamines et minéraux",produits sucrés,céréales de petit-déjeuner,390,7.31,82.8,2,5,33.8,0.57,0.01,18.9,8.9,55.3,257,1.5,1,1.25,9.25,1,8.1,266,0.82,0.05,0.002
32001,"Céréales pour petit déjeuner chocolatées, non fourrées, enrichies en vitamines et minéraux",produits sucrés,céréales de petit-déjeuner,393,8.19,74.7,5.1,7.1,22.5,1.36,0.3,522,11,73.5,496,1.3,0.415,1.25,9.25,1,2.9,319,0.05,0.05,0.004
32003,Céréales pour petit déjeuner (aliment moyen),produits sucrés,céréales de petit-déjeuner,402,7.96,73.2,7.21,5.99,21.2,1.96,0.6,165,7.91,62.3,321,2.33,2.81,2.98,12.4,6.04,3.15,194,0.7,0.074,0.005
32004,Muesli (aliment moyen),produits sucrés,céréales de petit-déjeuner,433,8.87,63.4,14.3,6.9,19.4,3.44,0.44,48.5,3.44,84.6,359,1.98,2.32,2.87,9.25,2.41,0.68,20.6,0.19,0.082,0.007
32005,"Pétales de maïs nature, enrichis en vitamines et minéraux",produits sucrés,céréales de petit-déjeuner,368,6.88,80,1,5.5,7.59,0.32,1.01,2.5,9.4,13.1,101,0.25,5,1.25,9.25,1,9,262,1.5,0.024,0.002
32006,"Riz soufflé nature, enrichi en vitamines et minéraux",produits sucrés,céréales de petit-déjeuner,388,6.66,86.3,1.2,2,7.9,0.4,1,9.5,8,25.3,170,7,7.33,2,,,8.4,166,2.1,,0
32008,"Céréales pour petit déjeuner riches en fibres, au chocolat, enrichies en vitamines et minéraux",produits sucrés,céréales de petit-déjeuner,389,9.23,71.9,4.7,9.7,19.5,2.15,0.19,40,12,120,480,2,,,,,2.8,170,1.1,,0
32012,"Riz soufflé chocolaté, non enrichi en vitamines et minéraux",produits sucrés,céréales de petit-déjeuner,387,5.96,83.3,2.3,3.9,28.2,1.06,0.71,26,3.3,61,370,1.2,10,10,10.7,0.25,0.25,27.8,,0.005,0.01
32013,"Céréales pour petit déjeuner chocolatées, non fourrées, non enrichies en vitamines et minéraux",produits sucrés,céréales de petit-déjeuner,387,8.63,77.7,3.2,6.1,26.8,1.14,0.28,27.7,4.3,70.4,453,1.4,3,1.25,9.25,1,0.375,16.6,0.05,0.04,0.002
32014,"Pétales de maïs nature, non enrichis en vitamines et minéraux",produits sucrés,céréales de petit-déjeuner,372,6.88,82.4,0.7,4.6,4.12,0.31,1.82,2.5,0.125,11.7,99.6,0.25,6,1.25,9.25,1,0,6.95,0.05,0.014,0.005
32016,"Céréales pour petit déjeuner fourrées au chocolat ou chocolat-noisettes, enrichies en vitamines et minéraux",produits sucrés,céréales de petit-déjeuner,440,7.06,67,15,4.4,26.3,3.57,0.88,138,5.8,50.9,255,1.1,4,6.5,37.3,1,0,178,1.6,0.26,0.008
32017,"Céréales pour petit déjeuner fourrées au chocolat ou chocolat-noisettes, non enrichies en vitamines et minéraux",produits sucrés,céréales de petit-déjeuner,457,7,67.2,17.2,2.3,29.1,3.95,0.47,62.4,4.2,64.6,411,1.3,4,1.25,34,1,0,13.5,0.05,0.27,0.008
32018,"Céréales pour petit déjeuner fourrées au lait ou à la vanille, enrichies en vitamines et minéraux",produits sucrés,céréales de petit-déjeuner,429,10.4,63.9,13.4,4.9,26,4.16,0.56,183,4.7,74.1,471,1.9,7,28,27.3,1,1.3,183,1.5,0.06,0.007
32022,"Pétales de céréales au chocolat, avec ou sans fruits à coque, enrichis en vitamines et minéraux",produits sucrés,céréales de petit-déjeuner,399,8,74.5,6.3,6,19.2,3.46,0.75,185,16,62.2,270,8,3,6.5,9.25,1,7,403,1,0.06,0.004
32023,"Pétales de céréales aux fruits, enrichis en vitamines et minéraux",produits sucrés,céréales de petit-déjeuner,377,8.1,80.6,1.58,4.25,14.6,0.3,0.77,354,8.04,58.3,237,7.53,27.8,20,0,62,5.75,155,2.3,,0
32025,"Pétales de céréales aux fruits à coque, enrichis en vitamines et minéraux",produits sucrés,céréales de petit-déjeuner,392,8.18,73.5,5.53,6.43,23.2,1.07,1.04,552,11.4,,,,,,,75.8,,160,2.36,,0
32028,"Pétales de céréales au chocolat, avec ou sans fruits à coque, non enrichis en vitamines et minéraux",produits sucrés,céréales de petit-déjeuner,413,7.63,73.6,8.4,4.9,20.6,3.81,0.56,29.5,4,66.2,275,1.5,4,1.25,9.25,1,0.61,16.2,0.05,0.05,0.004
32029,"Pétales de céréales aux fruits, non enrichis en vitamines et minéraux",produits sucrés,céréales de petit-déjeuner,378,8.36,79.7,1.62,5.44,12.7,0.32,0.84,30,7.3,63,380,1.5,10,10,12.5,74,0.25,68.1,,0.14,0.01
32030,"Pétales de céréales, nature, sucrées, enrichies en vitamines et minéraux",produits sucrés,céréales de petit-déjeuner,372,8.5,77.7,1.5,6,12.6,0.5,0.85,264,15,54.8,237,8.6,4,1.25,9.25,1,7.2,472,0.96,0.047,0.002
32031,"Céréales pour petit déjeuner, enrichies en vitamines et minéraux (aliment moyen)",produits sucrés,céréales de petit-déjeuner,408,7.71,72.8,8.2,5.75,21.4,2.2,0.67,196,8.66,58.8,295,2.28,2.61,3.42,13.8,7.48,3.79,231,0.86,0.08,0.005
32032,"Céréales pour petit déjeuner, non enrichies en vitamines et minéraux (aliment moyen)",produits sucrés,céréales de petit-déjeuner,386,8.43,77.1,3.39,6.05,23.5,1.16,0.43,62,5.7,67.6,405,2.44,3.72,1.78,9.35,1.48,1.34,86.6,0.19,0.045,0.003
32033,"Céréales pour petit déjeuner riches en fibres, aux fruits ou fruits à coque, enrichies en vitamines et minéraux",produits sucrés,céréales de petit-déjeuner,395,8.63,64.5,9,9.5,23.3,3.95,0.72,37.7,5.5,73.7,443,1.5,3,6.5,9.25,5.41,0,244,1.1,0.06,0.005
32034,"Céréales pour petit déjeuner riches en fibres, aux fruits ou fruits à coque, non enrichies en vitamines et minéraux",produits sucrés,céréales de petit-déjeuner,374,8.53,71.1,3.93,9.9,22.3,2.15,1.51,,,,,,,,0,,,,,,0
32035,"Céréales pour petit déjeuner riches en fibres, nature, enrichies en vitamines et minéraux",produits sucrés,céréales de petit-déjeuner,361,11.9,67.7,2.13,11.6,11.7,0.6,1.06,30,8.97,103,485,2,10.5,,,65,,180,2.32,,0
32036,"Céréales pour petit déjeuner riches en fibres, nature, non enrichies en vitamines et minéraux",produits sucrés,céréales de petit-déjeuner,368,8.48,74.8,1.85,9.4,15.2,0.4,0.86,,,,,,,,0,,,,,,0
32037,"Céréales pour petit déjeuner au chocolat et caramel, extrudées, enrichies en vitamines et minéraux",produits sucrés,céréales de petit-déjeuner,410,8.06,74.7,7.2,6.4,23.9,1.32,0.47,525,8.3,60.7,318,1.4,0.415,1.25,9.25,1,2.5,334,0.05,0.06,0.005
32038,"Céréales pour petit déjeuner au chocolat et caramel, extrudées, non enrichies en vitamines et minéraux",produits sucrés,céréales de petit-déjeuner,394,9.13,76.2,4.43,6.6,27,0.87,0.62,,,,,,,,,,,,,,0
32039,"Céréales pour petit déjeuner fourrées au lait ou à la vanille, non enrichies en vitamines et minéraux",produits sucrés,céréales de petit-déjeuner,440,7.94,67.5,14.5,3.4,26.8,3.23,0.53,124,1,39.3,259,1.2,4,13,9.25,1,0,12.5,0.17,0.23,0.007
32040,"Grains de blé soufflés au miel ou caramel, non enrichis en vitamines et minéraux",produits sucrés,céréales de petit-déjeuner,382,8.93,77.6,2.52,6.53,32,0.63,0.02,,,,,,,,0,,,,,,0
32041,"Mélange de flocons de céréales, nature, non enrichi en vitamines et minéraux",produits sucrés,céréales de petit-déjeuner,341,10.2,61.7,3.17,12.4,1.49,0.6,0.01,,,,,,,,0,,,,,,0
32042,"Pétales de céréales, nature, sucrées, non enrichies en vitamines et minéraux",produits sucrés,céréales de petit-déjeuner,377,8,80.1,1.5,5.7,13.9,0.52,0.72,18.2,1.3,47.4,211,1.4,3,1.25,9.25,1,0,9.7,0.05,0.03,0.005
32043,"Pétales de céréales, nature, sans sucres ajoutés, non enrichies en vitamines et minéraux",produits sucrés,céréales de petit-déjeuner,369,12.2,70.2,2.78,7.28,0.88,0.42,1.22,,,,,,,,0,,,,,,0
32107,"Pétales de maïs glacés au sucre, non enrichis en vitamines et minéraux",produits sucrés,céréales de petit-déjeuner,381,6.22,85.4,0.96,2.8,23.4,0.36,1.2,,7,,,,,,0,,,,,,0
32108,"Muesli croustillant aux fruits, avec ou sans fruits à coque et/ou graines, non enrichi en vitamines et minéraux",produits sucrés,céréales de petit-déjeuner,442,8.69,62.7,15.7,7.1,22.4,4.43,0.12,37.9,2.7,77.8,325,1.8,5,1.25,9.25,4.24,0.375,20.2,0.05,0.06,0.008
32109,"Muesli croustillant au chocolat, non enrichi en vitamines et minéraux",produits sucrés,céréales de petit-déjeuner,446,9.25,64.7,15.1,6.8,21.5,5.26,0.31,48.4,4,91,331,2.2,5,1.25,9.25,1,0.375,20.5,0.05,0.14,0.009
32110,"Muesli floconneux aux fruits, fruits à coque et/ou graines, enrichi en vitamines et minéraux",produits sucrés,céréales de petit-déjeuner,378,9.5,68.9,5.3,7.4,20.3,0.97,0.32,53.9,3,87.4,459,2.1,1,6.5,9.25,1,0.375,21.5,0.05,0.06,0.004
32111,"Muesli croustillant aux fruits, avec ou sans fruits à coque et/ou graines, enrichi en vitamines et minéraux",produits sucrés,céréales de petit-déjeuner,464,8.38,60.4,19.4,6.7,19.1,3.58,0.56,45.4,2.8,86.1,301,2,2,1.25,9.25,4.24,0,22.9,0.05,0.08,0.009
32112,"Muesli croustillant au chocolat, enrichi en vitamines et minéraux",produits sucrés,céréales de petit-déjeuner,469,8,61.9,19.7,5.3,22.3,6.68,0.49,46.6,3.8,73.5,286,1.7,4,1.25,9.25,1,0.375,14.9,0.05,0.07,0.01
32113,"Muesli floconneux aux fruits, fruits à coque et/ou graines, sans sucres ajoutés, non enrichi",produits sucrés,céréales de petit-déjeuner,374,10.3,59.8,8.1,8.9,13.3,1.54,0.023,59.6,3.3,113,529,2.5,3,1.25,9.25,2.85,0,21.5,0.05,0.31,0.005
32116,"Céréales pour petit déjeuner très riches en fibres, nature, enrichies en vitamines et minéraux",produits sucrés,céréales de petit-déjeuner,327,13.4,43.3,3.8,33.1,10.4,0.75,0.51,60,8.8,274,820,4,,,,26,,250,1.6,,0
32121,"Pétales de maïs glacés au sucre, enrichis en vitamines et minéraux",produits sucrés,céréales de petit-déjeuner,381,4.25,88.6,0.5,2.3,36.4,0.14,0.81,5,8.5,6.82,68.8,0.5,3,1.25,9.25,1,11,359,2.2,0.01,0.005
32129,"Boules de maïs soufflées au miel, non enrichies en vitamines et minéraux",produits sucrés,céréales de petit-déjeuner,389,5.84,87.3,1.41,2.01,26.3,0.19,0.65,86,2.6,21,110,0.48,10,10,15.4,0.25,0.25,57.9,2.31,0.005,0.01
32130,Blé khorasan complet soufflé,produits sucrés,céréales de petit-déjeuner,378,6.68,80.5,1.96,4.4,23.4,0.52,0.027,,,,,,,,0,,,,,0.024,0
32131,"Riz soufflé chocolaté, enrichi en vitamines et minéraux",produits sucrés,céréales de petit-déjeuner,382,6.75,81.8,2,4.5,18,1.05,0.62,16.4,19,63.9,415,1.4,1,1.25,9.25,1,12.5,365,0.36,0.01,0.005
32133,"Boules de maïs soufflées au miel, enrichies en vitamines et minéraux",produits sucrés,céréales de petit-déjeuner,384,5.63,86.6,0.9,3.2,22.9,0.24,0.89,5,7.7,17.3,104,0.5,0.415,1.25,13.7,1,5.8,297,1.2,0.022,0.01
32138,"Muesli floconneux aux fruits, fruits à coque et/ou graines, non enrichi en vitamines et minéraux",produits sucrés,céréales de petit-déjeuner,371,10.6,60.9,7,9.8,11.7,2.09,0.058,44.6,3.4,99.8,495,2.1,4,1.25,9.25,2.84,0,26.4,0.05,0.22,0.004
32139,Muesli enrichi en vitamines et minéraux (aliment moyen),produits sucrés,céréales de petit-déjeuner,436,8.78,63.6,14.6,6.77,19.7,3.51,0.47,48.6,3.47,83.4,351,1.96,2.17,3.02,9.25,2.33,0.72,20.4,0.2,0.071,0.007
32140,Flocons d'avoine,produits sucrés,céréales de petit-déjeuner,369,10.6,57.7,7.82,11.2,1.04,1.37,0.011,52,3.8,101,362,2.6,1.675,0.5,0,0,0,32,0,0.065,0
32141,Muesli non enrichi en vitamines et minéraux (aliment moyen),produits sucrés,céréales de petit-déjeuner,409,9.63,61.8,11.6,8.36,17.2,3.3,0.093,41.3,3.04,88.6,405,1.95,4.57,1.25,9.25,3.49,0.19,23.2,0.05,0.14,0.006
32142,"Céréales pour petit déjeuner au miel ou caramel, soufflées ou extrudées, enrichies en vitamines et minéraux",produits sucrés,céréales de petit-déjeuner,388,7.44,75.4,4.6,6.3,21.8,0.76,0.91,395,8.4,58.2,222,1.3,4,1.25,13.8,1,0.9,250,0.16,0.05,0.003
32143,"Céréales pour petit déjeuner au miel ou caramel, soufflées ou extrudées, non enrichies en vitamines et minéraux",produits sucrés,céréales de petit-déjeuner,382,6.73,80.1,2.78,5.03,21.9,0.62,0.43,,,,,,,,0,,,,,,0
32144,"Muesli croustillant aux fruits à coque et/ou graines uniquement, enrichi en vitamines et minéraux",produits sucrés,céréales de petit-déjeuner,433,9.77,63.3,13.8,8.27,14.7,3.73,0.56,,6.27,,,,,,,,4.8,177,1.45,,0
32145,"Muesli croustillant aux fruits à coque et/ou graines uniquement, non enrichi en vitamines et minéraux",produits sucrés,céréales de petit-déjeuner,450,10,61.2,16.5,6.7,17.2,2.65,0.22,44.5,2.7,93,318,2.3,7,1.25,9.25,1,0,24,0.05,0.079,0.01
31100,"Barre céréalière pour petit déjeuner au lait, au chocolat ou non, enrichie en vitamines et minéraux",produits sucrés,barres céréalières,382,7.06,79.5,3.2,4.5,28.1,1.74,0.54,752,9.65,30,320,0.97,,7,0,,0,138,0.69,0.02,0.01
31101,"Barre céréalière ""équilibre"" aux fruits, enrichie en vitamines et minéraux",produits sucrés,barres céréalières,382,6.13,73.3,6.53,4.13,30.4,3.5,0.75,511,8.05,20,140,0.85,15,20,0,50,0,169,1.47,,0
31102,"Barre céréalière ""équilibre"" au chocolat, enrichie en vitamines et minéraux",produits sucrés,barres céréalières,407,5.99,70.3,10.9,3.7,32.3,6.65,0.7,607,6.94,35,180,1,,,0,56.7,1.1,140,1.01,,0
31104,Barre céréalière diététique hypocalorique,produits sucrés,barres céréalières,391,5.9,71,11.2,5.8,8.5,9.6,0.75,281,6.55,95.1,763,5.54,25.5,43,,22.4,2.3,73,0.65,,0
31106,Barre céréalière au chocolat,produits sucrés,barres céréalières,451,6.55,73,14.9,4.5,32.9,7.37,0.51,260,3.1,45,217,1,2.5,4,6.92,0.25,0.62,74,0.2,0.1,0
31113,Barre céréalière aux fruits,produits sucrés,barres céréalières,379,5.49,74.1,7.07,3.8,29.6,3.44,0.63,84,2.18,91,392,1.6,,20,0,0,0,30,0.24,0.14,0.002
31114,Barre céréalière aux amandes ou noisettes,produits sucrés,barres céréalières,444,8.69,60.6,18.2,4.6,20.4,4.03,0.45,37,1.7,73,240,1.4,10,7,0.72,0.25,0.125,25.4,0.7,0.12,0.01
31115,Barre céréalière au chocolat et aux fruits,produits sucrés,barres céréalières,419,5.7,70.4,11.8,4.04,34.8,7.45,0.56,,,,,,,,,41.2,,99.5,0.43,0.029,0.015
19688,"Baba au rhum, rayon frais",produits sucrés,gâteaux et pâtisseries,174,2.8,28.3,2.35,0.76,28.3,1.8,0.33,,,,,,,,,,,,,0.008,
23000,Gâteau (aliment moyen),produits sucrés,gâteaux et pâtisseries,410,5.49,51.8,19.6,2.38,29.3,5.13,0.72,33.9,2.02,20.4,183,0.53,8.27,9.25,56.7,0.53,0.21,,0.21,0.81,0.013
23001,"Cheesecake, préemballé",produits sucrés,gâteaux et pâtisseries,337,5.44,34.1,19.7,0.7,21.3,11.4,0.44,55,0.34,12,110,0.41,10,10,176,0.25,0.125,12,0.2,0.15,0.015
23005,Gâteau Paris-Brest (pâte à choux crème mousseline praliné),produits sucrés,gâteaux et pâtisseries,327,5.42,29.1,20.5,1.1,18.6,12.5,0.29,73,0.66,23,160,0.54,10,10,152,,0.125,67.6,0.39,0.14,0.01
23006,"Forêt noire, pâtisserie type génoise au chocolat et crème multi-couches, avec ou sans cerises",produits sucrés,gâteaux et pâtisseries,317,3.66,39.1,14.8,1.85,26.4,9.71,0.17,53,2.7,32,190,0.59,10,10,88.3,0.25,0.125,48.2,0.23,0.067,0.01
23007,"Gâteau mousse de fruits sur génoise, type miroir, bavarois",produits sucrés,gâteaux et pâtisseries,265,2.79,30.8,14.5,0.5,24.3,8.89,0.16,42.3,0.8,10.5,97,0.4,,3,106,3.1,0.25,26.3,0.2,0.072,
23008,Entremets type Opéra,produits sucrés,gâteaux et pâtisseries,392,5.19,37.6,24,2.3,33.3,13.4,0.11,42,3.2,44,240,0.76,10,10,97.1,0.25,0.125,7.09,0.21,0.1,0.01
23009,Fraisier ou framboisier,produits sucrés,gâteaux et pâtisseries,221,2.6,25,12,1.5,21,7.5,0.14,57.1,0.5,16.9,105,0.5,15.1,5,91.1,4.3,0.1,78.1,0.45,0.056,0.005
23021,"Baba au rhum, artisanal",produits sucrés,gâteaux et pâtisseries,,2.25,36.3,9.9,0.8,29.9,6.42,0.22,24,0.7,6.7,60,0.23,10,5,79.3,0.82,0.125,6.37,0.14,0.05,0.01
23022,Canelé,produits sucrés,gâteaux et pâtisseries,298,5,61,3.2,2.6,41.2,2.11,0.1,56.9,,,,,,,,,,,,0.035,
23023,"Kouign amann, préemballé",produits sucrés,gâteaux et pâtisseries,489,3.64,53.2,28.8,1.45,27.8,19.9,0.86,,,,,,,,,,,,,,
23024,Macaron moelleux fourré à la confiture ou à la crème,produits sucrés,gâteaux et pâtisseries,448,11,56.5,19,2.9,51.3,2.5,0.16,81,1.5,79.1,290,0.9,,2,6.67,2.1,,,,,
23030,Bûche de Noël pâtissière,produits sucrés,gâteaux et pâtisseries,363,4.25,39.8,20.4,1,31.8,11.1,0.24,32.3,2.7,21.3,141,0.51,4.7,6.5,163,1,0.3,13,0.13,0.11,0.016
23031,"Brownie au chocolat et aux fruits à coques, préemballé",produits sucrés,gâteaux et pâtisseries,466,6.58,45.9,27.7,3.18,32,6.71,0.47,60.3,,39.3,,0.79,1.1,,,,,,,0.61,0.005
23032,"Brownie au chocolat, préemballé",produits sucrés,gâteaux et pâtisseries,458,5.94,50.6,25.4,3.4,35.1,7.32,0.35,42,5,47,330,0.9,10,12,30.6,0.25,0.125,10.8,0.28,1.12,0.01
23033,"Rocher coco ou congolais (petit gâteau à la noix de coco), préemballé",produits sucrés,gâteaux et pâtisseries,459,3.98,56.1,23,5.62,49.3,19.7,0.15,,,,,,,,,,,,,0,0
23050,Biscuit de Savoie,produits sucrés,gâteaux et pâtisseries,260,5.9,56.3,0.8,1.5,,0.12,1.87,140,0.52,12,93,0.07,,25,1.67,0,,3,0.06,,
23080,"Quatre-quarts (beurre, oeufs, sucre, farine), artisanal",produits sucrés,gâteaux et pâtisseries,440,5.94,46,25.6,1.1,26.8,15.8,0.52,23,0.68,9.4,94,0.52,10,10,247,48,0.125,23.4,0.24,0.15,0.03
23081,"Quatre-quarts (beurre, oeufs, sucre, farine), préemballé",produits sucrés,gâteaux et pâtisseries,434,5.94,48.2,23.9,1.1,26.4,15.2,1.07,19,0.74,10,92,0.51,10,10,232,0.25,0.125,9.28,0.31,0.13,0.03
23082,"Barre pâtissière, préemballée",produits sucrés,gâteaux et pâtisseries,378,5.38,54.7,14.9,1.4,26.8,1.59,1.28,15,0.52,10,140,0.37,10,,14.8,0.25,0.125,10.1,0.16,0.94,0.01
23103,"Gâteau moelleux au citron, préemballé",produits sucrés,gâteaux et pâtisseries,411,6.81,49.6,20.4,1,30.5,7.93,0.43,,0.4,,170,,,,,,,,,0.38,
23120,"Gâteau breton fourré à la crème de pruneaux, préemballé",produits sucrés,gâteaux et pâtisseries,453,5.17,59.3,21.3,1.5,37.7,12.7,0.63,,,,,,,,,,,,,,
23121,Far breton aux pruneaux,produits sucrés,gâteaux et pâtisseries,229,5.13,32,8,3.4,21.5,4.79,0.23,71,0.45,16,230,0.45,10,10,73,0.25,0.125,34.5,0.3,0.06,0.01
23122,"Kouign Amann, artisanal",produits sucrés,gâteaux et pâtisseries,449,5.81,48.7,25.1,2.2,20.5,16.7,0.85,20,0.49,11,86,0.43,10,10,248,0.25,0.125,47,0.056,0.15,0.03
23200,"Pain d'épices, préemballé",produits sucrés,gâteaux et pâtisseries,318,3.14,71.8,1.15,3.78,40.8,0.24,0.62,4,1.1,14.3,91.9,0.5,,2,0.167,0.25,,,,0.06,0.01
23220,"Pain d'épices fourré aux fruits ou nonnette, préemballé",produits sucrés,gâteaux et pâtisseries,338,3.85,75,2.15,1.74,45.4,0.35,0.47,,,,77,,,,,,,,,,
23300,Baklava ou baklawa (pâtisserie orientale aux amandes et sirop),produits sucrés,gâteaux et pâtisseries,459,10.4,49.2,24.5,0.5,39.6,4.7,0.075,98.3,1.5,95,255,1.12,2.5,20,94.2,0.4,0.18,24,0.02,0.077,
23301,Corne de gazelle (pâtisserie orientale aux amandes en forme de croissant recouverte de sucre glace),produits sucrés,gâteaux et pâtisseries,474,8.55,60.2,22.1,0.5,32,7.78,0.15,68.2,1,44.9,165,0.7,2.5,40,,,,37,,0.22,
23455,"Chou à la crème, sans précision (chantilly ou pâtissière)",produits sucrés,gâteaux et pâtisseries,325,4.5,25.1,22.9,0.25,16.7,14.5,0.28,31,0.7,,360,0.1,,,260,0,,8,,0.1,0.01
23456,"Chou à la crème chantilly, Saint-honoré",produits sucrés,gâteaux et pâtisseries,337,4.63,22.9,25,1,8.9,13.6,0.37,71.6,0.5,9.2,108,0.5,27.2,5,213,,0.1,50.8,0.65,0.12,0.009
23457,Chou à la crème pâtissière,produits sucrés,gâteaux et pâtisseries,225,4.31,34.9,7.3,1,10.7,3.38,0.25,71.6,0.5,10,99.5,0.5,9.6,5,19.1,,0.1,51.2,0.57,0.051,0.001
23477,Éclair,produits sucrés,gâteaux et pâtisseries,264,5.78,31.6,11.8,3.9,18.9,6.11,0.23,68.4,1.16,11,117,0.48,12,24,76.3,0.15,0.63,11,0.34,0.037,0.017
23479,Tarte aux fruits et crème pâtissière,produits sucrés,gâteaux et pâtisseries,205,2.94,30,7.7,1.3,18.7,4.8,0.26,42,0.43,11,150,0.25,10,,65.5,5.42,0.25,20.6,0.091,0.06,0.01
23481,"Tarte normande aux pommes (garniture farine, oeufs, crème, sucre, calvados), artisanale",produits sucrés,gâteaux et pâtisseries,313,4.44,38.7,15,2.5,25.8,8.37,0.23,39,0.57,16,180,0.39,10,10,104,7.05,0.25,22.4,0.16,0.08,0.035
23485,Tarte au citron,produits sucrés,gâteaux et pâtisseries,319,5.56,43.1,13.6,0.97,34.1,7.65,0.3,25.2,1.2,9.7,95.8,0.5,5.8,5,64.1,13.4,0.1,39.9,0.35,0.083,0.011
23490,Tarte ou tartelette aux pommes,produits sucrés,gâteaux et pâtisseries,227,2.52,32.7,8.79,3.3,20.7,4.66,0.31,4.5,0.55,11,149,0.2,1.1,3,30,5,0.25,8,0.04,0.05,0.012
23491,"Tarte aux fraises, artisanale",produits sucrés,gâteaux et pâtisseries,318,3.19,31,19.8,1.5,12.9,9.04,0.14,53.6,0.51,18,146,0.5,22.1,5,36.1,5.1,0.1,28.9,0.39,0.13,0.004
23493,"Crumble aux pommes, préemballé",produits sucrés,gâteaux et pâtisseries,226,1.71,35.4,8.17,1.9,19,5.43,0.11,8.6,0.3,7.47,75.6,0.2,2.5,50,4.08,55.8,0.25,8,0.04,0.05,0.01
23494,Tarte aux abricots,produits sucrés,gâteaux et pâtisseries,285,3.18,41,10.7,5.9,17.5,6.43,0.22,25,6,,,,,,,,,,,0.02,
23495,Tarte aux fruits rouges,produits sucrés,gâteaux et pâtisseries,231,3.5,36.5,6.87,4.5,20.8,3.85,0.21,,,,,,,,5.5,,,,,0.094,
23496,Tarte tatin aux pommes,produits sucrés,gâteaux et pâtisseries,245,1.76,38.1,9.25,1.25,28.5,5.79,0.15,9.4,0.33,6.7,100,0.19,10,10,15.1,0.25,0.25,10,0.051,0.07,0.01
23497,"Tarte au chocolat, fabrication artisanale",produits sucrés,gâteaux et pâtisseries,469,5.94,40.9,30.7,2.9,22.7,18.9,0.19,53,4.7,47,230,0.79,10,10,189,0,0.125,80,0.32,0.12,0.01
23498,Tarte ou tartelette aux fruits (aliment moyen),produits sucrés,gâteaux et pâtisseries,245,3.18,34.1,9.99,2.4,21.6,5.52,0.26,22.7,0.87,11.9,140,0.28,6.2,4.48,49.1,5.79,0.215,22.8,0.12,0.061,0.011
23525,Flan pâtissier aux oeufs ou à la parisienne,produits sucrés,gâteaux et pâtisseries,211,3.97,33.2,6.85,0.48,17.5,4.08,0.2,72,0.35,9,120,0.39,10,10,85.2,0.25,0.125,33.8,0.13,0.061,0.01
23531,Charlotte aux fruits,produits sucrés,gâteaux et pâtisseries,200,5.16,28.2,6.64,2.8,21.7,3.34,0.038,37.6,0.75,18.7,138,0.47,5,50,56.3,8.15,0.2,23,0.15,0.056,
23540,Gâteau moka ou gâteau au café,produits sucrés,gâteaux et pâtisseries,386,4.1,23,30.8,0.4,17,11,0.19,41.7,,27.2,194,0.7,,,,,,,,,
23585,"Gâteau au chocolat, préemballé",produits sucrés,gâteaux et pâtisseries,445,5.88,51,24,3.7,28.6,5.71,0.42,38.9,4.5,33,233,0.71,5.7,6.5,58.3,1,0,3.75,0.18,1.16,0.013
23586,"Gâteau au chocolat type fondant ou mi-cuit, préemballé",produits sucrés,gâteaux et pâtisseries,467,6,43,29.7,1.85,34.1,6.22,0.25,,,,,,,,,,,,,0.085,0.005
23588,"Gâteau ou cake au yaourt, préemballé",produits sucrés,gâteaux et pâtisseries,409,5.88,52,19.1,2.7,27.7,2.23,0.89,,,,,,,,,,,,,,
23594,"Gâteau moelleux nature type génoise, préemballé",produits sucrés,gâteaux et pâtisseries,378,6.7,57.6,13.2,0.8,30.5,2.3,0.76,31.4,,9.5,141,0.7,,,,,,,,,
23680,"Galette des rois feuilletée, fourrée à la pomme",produits sucrés,gâteaux et pâtisseries,289,3.4,29.1,17.2,2,10.2,11.6,0.59,,,,,,,,,,,,,,
23684,"Galette des rois feuilletée, fourrée frangipane, et Pithiviers",produits sucrés,gâteaux et pâtisseries,438,7.6,33.4,30,2,12.3,14,0.7,58.7,1.1,38.1,169,0.5,1.5,5,,1.3,,28,0.56,0.1,0.011
23799,"Crêpe, nature, préemballée, rayon frais",produits sucrés,gâteaux et pâtisseries,257,6.31,41.6,6.8,2.2,19.1,3.6,0.52,75,0.56,14,140,0.52,10,10,23.6,0.25,0.25,17,0.41,0.1,0.056
23800,"Crêpe, nature, préemballée, rayon température ambiante",produits sucrés,gâteaux et pâtisseries,389,7.65,59.9,12.8,1.61,28.8,6.48,1.77,63,0.8,17.7,162,0.7,6,11,63.2,0.5,0.25,33,0.14,0.29,0.01
23801,"Galette de sarrasin, nature, souple (à garnir) préemballée",produits sucrés,gâteaux et pâtisseries,161,5.32,30.5,1.74,0.5,0,0.51,1.36,21.6,1.8,86.9,188,1.6,2.5,20,1,0,0.25,34.9,0.13,0.035,0
23802,Gâteau basque à la crème pâtissière,produits sucrés,gâteaux et pâtisseries,340,3.75,51.5,13,1,28.1,7.55,0.47,27,0.44,11,100,0.28,10,10,120,0.25,0.125,19.5,0.1,0.07,0.01
23803,Gâteau basque aux cerises,produits sucrés,gâteaux et pâtisseries,395,4.3,63.3,13.5,1.4,42,9.1,0.43,,,,,,,,,,,,,,
23804,"Crêpe fourrée au chocolat et aux billes de céréales croustillantes, préemballée",produits sucrés,gâteaux et pâtisseries,448,6.81,58.3,20.3,2.52,35,7.39,0.96,,,,,,,,,,,,,,
23815,"Crêpe fourrée au sucre, préemballée",produits sucrés,gâteaux et pâtisseries,406,6.62,58.7,15.8,1.04,31,9.38,1.44,82.5,,17.4,,0.58,1.1,,,,,,,0.05,
23820,"Crêpe fourrée à la confiture, faite maison",produits sucrés,gâteaux et pâtisseries,296,6.51,54,5.74,1,19.4,3.36,0.89,49.8,0.77,12.2,126,0.43,10.6,1.82,47.8,4.62,0.11,29.5,0.15,,
23821,"Crêpe fourrée au chocolat ou à la pâte à tartiner chocolat et noisettes, faite maison",produits sucrés,gâteaux et pâtisseries,388,7.76,54.3,15.1,2.22,20.4,6.06,0.61,72.6,2.43,35.7,223,0.76,11.3,3.68,47.1,0.25,0.49,31.7,0.19,,
23827,"Pancake (petite crêpe épaisse), sucrée, préemballée",produits sucrés,gâteaux et pâtisseries,358,5.5,45.3,16.6,2.2,25.6,2.11,1.37,52.1,0.54,11.2,125,0.25,6,16,9.25,1,0,5.1,0.05,1.19,0.014
23828,"Pancake (petite crêpe épaisse), fourrée à la pâte à tartiner chocolat noisette, préemballée",produits sucrés,gâteaux et pâtisseries,331,6.83,50.1,11,2.2,28.1,2.13,0.56,,,,,,,,,,,,,,
23829,"Crêpe fourrée au chocolat, préemballée",produits sucrés,gâteaux et pâtisseries,439,6.83,58.6,19.1,2.43,39.1,5.73,0.95,71,2.9,36,240,0.84,10,10,48.3,0.25,0.125,13.9,0.34,0.16,0.01
23830,"Crêpe fourrée fraise, préemballée",produits sucrés,gâteaux et pâtisseries,351,4.96,64.3,7.91,1.5,39.9,3.93,1.06,,,,,,,,,,,,,,
23849,"Gaufre fine fourrée au miel, au caramel ou à la vergeoise, préemballée",produits sucrés,gâteaux et pâtisseries,455,4.56,67,18.3,1.9,37,8,0.77,17,0.91,24,130,0.51,10,,28.8,0.25,0.125,10,0.021,0.1,0.01
23850,"Gaufre bruxelloise ou liégeoise nature, artisanale",produits sucrés,gâteaux et pâtisseries,301,8,36.1,13.4,1.9,4.8,5.12,0.99,48,0.89,18,160,0.64,10,20,,0.25,0.61,30.4,0.37,0.4,0.015
23851,"Gaufre moelleuse (type bruxelloise ou liégeoise), nature ou sucrée, préemballée",produits sucrés,gâteaux et pâtisseries,455,6.19,52.1,24.1,2.4,26.9,10.5,0.75,29,1,17,128,0.59,4.27,6.5,36.1,1,0,11.2,0.19,0.33,0.013
23852,"Gaufre moelleuse (type bruxelloise ou liégeoise), au chocolat, préemballée",produits sucrés,gâteaux et pâtisseries,460,5.59,54.4,23.9,2.36,27.7,12,0.76,,,,,,,,,,,,,,
23853,"Gaufre croustillante (fine ou sèche), nature ou sucrée, préemballée",produits sucrés,gâteaux et pâtisseries,477,6.22,67.6,19.7,1.78,33.1,12.6,0.74,,,,,,,,,,,,,0.1,
23880,"Beignet ou donut rond moelleux, sans fourrage, saupoudré de sucre",produits sucrés,gâteaux et pâtisseries,404,7.25,39.4,23.7,2,10.7,9.46,1.11,24,0.68,18,93,0.62,10,10,15.1,0,0.125,30.4,0.089,0.21,0.01
23881,"Beignet ou donut fourré aux fruits (fourrage type confiture), préemballé",produits sucrés,gâteaux et pâtisseries,391,5.1,49.5,19,0.9,19,3.1,0.9,30.8,1.76,12.7,79,0.53,1.1,15,16.7,0,0,17,0.22,,0.018
23885,"Beignet ou donut fourré ou nappé goût chocolat ou chocolat noisette, préemballé",produits sucrés,gâteaux et pâtisseries,407,5.3,48,21,2.6,20,4.2,0.83,80,2,32,180,0.83,10,10,14.6,0.25,0.125,24.5,0.28,0.75,0.01
23900,Pâtisserie (aliment moyen),produits sucrés,gâteaux et pâtisseries,279,4.14,35.5,12.9,1.98,21.2,6.8,0.27,38.9,0.89,17.4,140,0.39,7.47,14.2,66.9,8.97,0.23,26.7,0.2,0.07,0.012
23909,"Cake aux fruits (confits et/ou raisins secs), préemballé",produits sucrés,gâteaux et pâtisseries,360,4.19,55.2,12.6,2.1,35.8,1.6,0.59,42,0.84,13,190,0.38,10,11,10.7,0.25,1.27,2.5,0.21,0.9,0.01
23925,"Gâteau marbré au chocolat, préemballé",produits sucrés,gâteaux et pâtisseries,438,5.68,50.5,23.2,1.83,27.2,4.65,0.67,30,1.7,19,160,0.56,10,10,31,0.25,0.125,73.6,0.24,1.01,0.01
23935,"Gâteau moelleux nature, préemballé",produits sucrés,gâteaux et pâtisseries,438,5.42,53.1,22.4,1.23,27.3,4.41,0.76,,,,,,,,,,,,,,
23937,"Gâteau moelleux aux fruits, préemballé",produits sucrés,gâteaux et pâtisseries,382,3,69,10,2,52,6,0.13,,,,,,,,,,,,,,
23938,"Gâteau moelleux aux fruits à coque, type gâteau creusois, préemballé",produits sucrés,gâteaux et pâtisseries,418,6.35,48.8,21.5,1.9,36.5,11.4,0.53,,,,,,,,,,,,,0.05,
23939,"Gâteau moelleux fourré au chocolat, type mini-cake, mini-roulé, ourson…, préemballé",produits sucrés,gâteaux et pâtisseries,414,5.44,55.4,18.2,3.2,30.4,4.21,0.56,47.8,3.5,32.8,358,0.74,3.91,6.5,9.25,1,0,4.95,0.13,0.87,0.01
23941,"Gâteau moelleux fourré aux fruits type mini-roulé ou mini-cake fourré, préemballé",produits sucrés,gâteaux et pâtisseries,374,4.63,57.7,12.8,4.5,33.9,2.35,0.61,28.8,0.75,12.5,195,0.25,7.1,6.5,9.25,1,0,11,0.14,0.63,0.012
23943,"Gâteau moelleux aux pépites de chocolat, type mini-cake, préemballé",produits sucrés,gâteaux et pâtisseries,442,5.38,50.2,23.6,3.7,28.7,8.45,0.82,25.4,5.7,33.7,187,0.69,4.8,6.5,73.4,1,0,3.45,0.16,0.48,0.012
23944,"Gâteau moelleux fourré au chocolat et enrobé ou nappé de chocolat, préemballé",produits sucrés,gâteaux et pâtisseries,440,5,53.8,21.8,2.7,31.3,8.8,0.31,51.2,2.7,32.8,299,0.62,3.73,14.6,9.25,1,0,4.65,0.15,0.063,0.011
23945,"Gâteau moelleux fourré au chocolat et au lait, enrobé de chocolat, préemballé",produits sucrés,gâteaux et pâtisseries,446,5.81,52.9,23.1,1.58,35.3,16.3,0.35,,,,,,,,,,,,,,
23951,"Muffin, aux fruits (myrtilles et autres), préemballé",produits sucrés,gâteaux et pâtisseries,397,4.81,49.1,19.9,1.34,31.7,5.22,0.92,44,1.3,10,121,0.37,11.2,,21.2,0.9,0.1,12,0.16,1.02,0.008
23952,"Muffin, au chocolat, préemballé",produits sucrés,gâteaux et pâtisseries,444,5.58,52.5,23,2.42,30.2,5.34,0.93,46.5,,43.6,325,1,,,,,,,,1.26,0.061
24630,"Madeleine, pur beurre, préemballée",produits sucrés,gâteaux et pâtisseries,453,5.88,52.4,24.1,1.27,27.3,15.3,0.92,20,0.67,11,81,0.48,10,20,219,0.25,0.125,66.5,0.47,0.15,0.01
24631,"Madeleine au chocolat (nappage, pépites ou fourrage…), préemballée",produits sucrés,gâteaux et pâtisseries,447,5.45,53.7,22.7,2.05,28.5,5.25,0.83,36,2.1,24,160,0.58,10,10,67.7,,0.125,37.1,0.34,1.19,0.01
24632,"Madeleine ordinaire, préemballée",produits sucrés,gâteaux et pâtisseries,441,5.55,55.3,21.6,1.4,28.4,2.8,0.83,19,0.59,9.8,83,0.39,10,10,28.5,0.25,0.33,66.4,0.3,1.58,0.01
24663,Tarte aux poires amandine,produits sucrés,gâteaux et pâtisseries,310,4.9,37.7,14.9,2.3,21.2,7.2,0.14,37,0.57,27,140,0.44,10,10,108,0.82,0.125,109,0.13,0.06,0.01
24664,"Gâteau aux amandes type financier, préemballé",produits sucrés,gâteaux et pâtisseries,447,8.26,44.3,25.7,2.3,34.6,12.2,0.32,54,0.01,51,180,0.51,10,10,171,0.25,0.125,27.3,0.043,0.11,0.01
24666,Mille-feuille,produits sucrés,gâteaux et pâtisseries,292,3.88,43.7,11.3,0.24,21.1,5.27,0.42,67.4,0.5,14.4,111,0.5,47.2,5,67.1,,0.1,14.2,0.42,0.1,0.002
24674,"Gâteau moelleux sans gluten (cake, madeleine…), préemballé",produits sucrés,gâteaux et pâtisseries,443,4.74,50.7,24.2,1.62,24.3,7.6,0.74,,,75.2,,,,,,,,10.3,,,
24675,"Gâteau moelleux sans gluten (cake, brownie…), au chocolat, préemballé",produits sucrés,gâteaux et pâtisseries,434,5.38,49.6,24.4,2.18,28.9,7.78,0.53,,,,,,,,,,,12.5,,,
39500,"Glace à l'eau ou sorbet ou crème glacée, tout parfum (aliment moyen)",glaces et sorbets,-,249,2.73,32,11.9,1.06,25.3,8.45,0.14,83.8,1.36,14.5,141,0.47,2.82,15.5,50.9,1.09,0.054,4.5,0.21,0.05,0.007
31035,Barre glacée chocolatée,glaces et sorbets,glaces,354,4.79,37,20.5,1.36,28.8,13,0.23,145,1.1,40.3,251,1.1,2.5,16,61.5,0.5,0.25,0.87,0.26,0.07,0
39503,"Glace ou crème glacée, bâtonnet enrobage chocolat",glaces et sorbets,glaces,329,3.3,33.3,20,1.21,27.8,14,0.17,93.8,3.22,12.6,94.5,0.52,1.1,13.3,134,0.4,0.13,1.25,0.34,0.057,0.013
39509,"Glace ou crème glacée, cône (taille standard)",glaces et sorbets,glaces,290,3.51,36.8,13.5,1.5,25.1,9.77,0.13,109,0.95,17.5,216,0.5,1.1,22,0.42,1,0,8,0.13,0.06,0.01
39515,"Glace ou crème glacée, en bac",glaces et sorbets,glaces,191,2.55,26.1,8.4,1.5,21.9,5.44,0.12,74,0.14,14.3,190,0.35,10,10,99.5,0.25,0.125,10,0.43,0.03,0.01
39517,Glace au yaourt,glaces et sorbets,glaces,126,3.45,22.7,2.2,1.5,20.7,1.44,0.093,,,,,,,,,,,,,0.02,0.01
39520,"Glace ou crème glacée, gourmande, en bac",glaces et sorbets,glaces,231,3.32,29.4,11,0.91,24.8,6.78,0.19,84.5,,,,,1.7,,,,,,,,
39521,"Glace ou crème glacée, gourmande, en pot",glaces et sorbets,glaces,256,3.94,29.2,13.6,1,24.9,8.33,0.22,110,1.3,21,210,0.58,10,10,132,,,15.6,0.47,0.08,0.072
39522,"Glace ou crème glacée, mini cône",glaces et sorbets,glaces,351,3.89,40.2,19,1.96,28.1,14.2,0.15,,,,,,,,246,,0.044,8.65,0.15,,
39523,"Glace ou crème glacée, pot individuel",glaces et sorbets,glaces,233,3.64,23.3,13.8,0.74,18.9,9.23,0.16,,,,,,,,,,,,,,
39527,"Glace ou crème glacée, bac ou pot (aliment moyen)",glaces et sorbets,glaces,171,2.83,25,6.45,1.5,21.5,4.18,0.11,74,0.14,14.3,190,0.35,10,10,99.5,0.25,0.125,10,0.43,0.027,0.01
39531,"Glace ou crème glacée, petit pot enfant",glaces et sorbets,glaces,170,2.32,24.9,6.64,0.67,21.8,5.42,0.14,119,,,,,,,,,,,,0.019,
39535,"Glace ou crème glacée, bâtonnet enrobage fruits",glaces et sorbets,glaces,160,1.52,26.8,5.14,0.4,22.2,3.72,0.086,,,,,,,,,,,,,,
31013,"Sorbet, bâtonnet",glaces et sorbets,sorbets,103,0.23,24.8,0.28,0.34,22.4,0.22,0.01,3.6,0.03,2.1,21,0.025,10,10,0.99,5.48,0.125,2.5,,,0
39524,"Sorbet, en bac",glaces et sorbets,sorbets,122,0.41,28.7,0.56,0.99,24.9,0.33,0.04,19.7,0.18,6.18,56.9,0.48,1.6,1,12.1,2.3,0,2.5,0.065,,0
39525,"Sorbet, pot individuel",glaces et sorbets,sorbets,126,0.5,28.4,1.03,0.96,25.5,0.83,0.055,,,,,,,,0,,,,,,0
39526,Glace à l'eau,glaces et sorbets,sorbets,83.8,0.18,20.5,0.17,0.26,19.4,0.1,0.02,5.8,0.01,1.4,13,0.025,10,10,45.2,2.35,0,2.5,,0,0
39528,"Sorbet, cône",glaces et sorbets,sorbets,216,1.82,38.2,5.78,1.85,27.7,4.7,0.088,,,,,,,,0,,,,,,0
23472,Profiterole avec glace vanille et sauce chocolat,glaces et sorbets,desserts glacés,286,5.38,31.4,14.9,1.6,19,8.39,0.24,82.7,1,31.2,261,0.3,6,30,127,0.25,0.65,20,0.4,0.06,0.015
39401,Pêche melba,glaces et sorbets,desserts glacés,119,2.06,18.8,3.62,1.54,18.2,1.71,0.063,62.3,0.57,10.1,144,0.33,0.31,11.2,40.4,15.7,0.028,13.6,0.078,,
39502,Dessert glacé type mystère ou vacherin,glaces et sorbets,desserts glacés,226,2.86,32.9,9,1.15,29.1,5.21,0.11,38,0.25,9,120,0.18,10,10,44.5,3.6,0.125,18.7,0.24,0.03,0.01
39512,Dessert glacé type sundae,glaces et sorbets,desserts glacés,211,2.42,30.8,8.7,0.33,27,6.98,0.22,,,,,,,,,,,,,,
39516,"Dessert glacé feuilleté, à partager",glaces et sorbets,desserts glacés,242,2.36,27.3,13.6,0.84,23.5,10.8,0.14,,,,,,,,,,,,,0.11,0
39518,Omelette norvégienne,glaces et sorbets,desserts glacés,212,3.6,34.8,6.5,0.25,32.7,3.9,0.15,61,0.28,11,160,0.23,10,20,36.9,0.25,0.125,44.3,0.34,0.02,0.01
39519,Poire belle Hélène,glaces et sorbets,desserts glacés,196,2.74,23.5,9.57,2.76,21,5.19,0.039,49.3,2.43,35.3,176,0.49,0.76,4.16,32,1.82,0.48,7.76,0.077,,
39529,Nougat glacé,glaces et sorbets,desserts glacés,249,4.47,26.4,13.4,2.41,23,5.86,0.093,95,0.54,43,230,0.47,10,10,64.5,0.25,0.125,17.5,0.24,0.026,0
39530,Citron givré ou orange givrée (sorbet),glaces et sorbets,desserts glacés,133,0.14,29.1,1.77,0,24.4,0,0.034,,,,,,,,,,,,,,
39532,Coupe glacée type café ou chocolat liégeois,glaces et sorbets,desserts glacés,210,2.71,28.7,9.24,0.9,25.8,6.92,0.15,,,,,,,,,,,,,,
39533,Bûche glacée,glaces et sorbets,desserts glacés,219,2.8,29.8,9.61,1.04,25.6,6.43,0.16,,,,,,,,,,,,,,
39534,Coupe glacée parfum pêche Melba ou poire Belle-Hélène,glaces et sorbets,desserts glacés,160,1.46,28.9,4.07,0.89,23.8,2.49,0.08,,,,,,,,,,,,,,
16400,"Beurre à 80% MG minimum, doux",matières grasses,beurres,753,0.64,0.71,83,0,0.71,60,0.035,19.8,0.25,2.63,36.1,0.5,1,6.5,927,0,0.5,0.85,0.1,0.35,0.043
16401,Huile de beurre ou beurre concentré,matières grasses,beurres,900,0.28,0,99.9,0,0,61.9,0.005,4,0.004,0,0.002,0.01,,,840,0,1.8,0,0.01,0.43,0
16402,"Beurre à 80% MG, demi-sel",matières grasses,beurres,725,0.75,0.5,80,0,0.5,56.5,1.9,17.8,0.13,4.94,39,0.052,5,1.75,753,0,1.13,3,0.17,0.45,0
16403,"Beurre à 80% MG, salé",matières grasses,beurres,732,0.5,0.68,80.8,0,0,52.9,2.52,24,0.23,7.4,35,0.17,10,10,887,0.25,0.125,2.5,0.076,0.4,0.045
16404,"Beurre à 80% MG minimum, doux, tendre",matières grasses,beurres,755,0.7,0.5,83.4,0,,,0.055,,,,,,,,,,,,,,
16410,"Beurre à 60-62% MG, à teneur réduite en matière grasse, doux",matières grasses,beurres,550,0.56,0.7,60.6,0,0.1,40.1,0.045,18,0.025,1.8,27,0.13,10,10,685,0.5,0.125,2.5,0.1,0.33,0.035
16411,"Beurre à 60-62% MG, à teneur réduite en matière grasse, demi-sel",matières grasses,beurres,555,0.92,0.5,61,0,0.5,39.6,1.13,48,1.09,5,71,0.26,,2,465,0,1,1,0.13,,0
16412,"Beurre ou assimilé allégé (léger ou à teneur réduite en matière grasse), doux (aliment moyen)",matières grasses,beurres,367,0.34,3.7,39.1,0.52,1.04,25.2,0.4,20.6,0.22,2.08,38.7,0.34,7.67,5.26,587,0.5,0.44,2.5,0.1,0.22,0.024
16413,"Beurre sans précision sur la teneur en matière grasse (allégé ou non), demi-sel (aliment moyen)",matières grasses,beurres,712,0.75,0.53,78.6,0,0.51,55.3,1.85,19.6,0.19,4.97,41.1,0.064,5,1.77,736,0,1.11,2.88,0.17,0.45,0
16414,"Beurre ou assimilé sans précision sur la teneur en matière grasse, doux (aliment moyen)",matières grasses,beurres,731,0.63,0.88,80.5,0.03,0.73,58,0.056,19.8,0.25,2.61,36.2,0.49,1.25,6.43,915,0.018,0.5,0.85,0.1,0.34,0.042
16415,"Beurre à 39-41% MG, léger, doux",matières grasses,beurres,390,0.26,3.6,41.7,0,1.26,26.2,0.45,,0.1,,,,,2,,,,,,0.24,0.025
16416,"Beurre à 39-41% MG, léger, demi-sel",matières grasses,beurres,376,0,4,40,0,1.5,26,1.38,23,0.1,8,80,,,2,,,0,,,,
16713,"Matière grasse laitière à 15-25% MG, légère, ""à tartiner"", doux, enrichie en vitamine(s)",matières grasses,beurres,197,0.25,6.2,19.1,1.5,1.56,12.1,0.63,22.7,0.5,2.3,48.1,0.5,5.8,5,509,0.5,0.7,2.5,0.1,0.11,0.015
16030,Huile ou beurre de cacao,matières grasses,huiles et graisses végétales,900,0,0,100,0,0,59.7,0,0,0,0,0,0,0,0,0,0,0,0,0,0.1,0
16040,"Huile ou graisse de coco, sans précision",matières grasses,huiles et graisses végétales,897,0,0.41,99.5,0,0,84.5,0,1,0.045,0,0,0.02,,,0,0,0,0,0,0.019,0
16050,"Huile ou graisse de coco, vierge",matières grasses,huiles et graisses végétales,899,0.16,0,99.9,0,0,85.4,2,5,0.25,1,4,0.5,0.415,1.25,9.25,1,,,,0.023,0.046
16060,"Huile ou graisse de coco (coprah), raffinée",matières grasses,huiles et graisses végétales,900,0,0,100,0,0,86.5,0,1,0.06,0,0,0,0,0.4,0,0,0,0,0,,
16080,Matière grasse ou graisse végétale solide (type margarine) pour friture ou graisse à frire,matières grasses,huiles et graisses végétales,898,0.25,0,99.8,0,0,94.6,0.006,0.1,0.025,0.025,0.15,0.025,10,10,10.7,0.25,0.125,2.5,0.005,0.005,0.01
16110,Huile ou beurre de karité,matières grasses,huiles et graisses végétales,900,0,0,100,0,0,46.6,0,0,0,0,0,0,,,0,0,,0,0,,0
16128,"Huile pour friture, sans précision",matières grasses,huiles et graisses végétales,900,0,0,100,0,0,9.86,0.006,0.4,0.025,0.025,0.15,0.025,10,10,0.21,,0.125,,,2.22,0.01
16150,"Huile de palme, raffinée",matières grasses,huiles et graisses végétales,900,0,0,100,0,0,49.3,0,0,0.01,0,0,,,,0,0,0,0,0,0.2,0
16200,"Huile ou graisse de palmiste, sans précision",matières grasses,huiles et graisses végétales,900,0,0,100,0,0,81.5,0,0,0,0,0,0,,,0,0,0,0,0,,0
17001,Huile végétale (aliment moyen),matières grasses,huiles et graisses végétales,899,0.18,0.032,99.9,0,0,12.9,0.01,0.31,0.024,0.056,0.18,0.026,9.4,8.84,8.54,0,0.11,0,0,1.16,0.01
17020,Huile de noyaux d'abricot,matières grasses,huiles et graisses végétales,900,0,0,100,0,0,6.3,0,0,0,0,0,0,,,0,0,,0,0,,0
17030,Huile d'amande,matières grasses,huiles et graisses végétales,900,0,0,100,0,0,8.2,0,0,0,0,0,0,,,0,0,0,0,0,,0
17040,Huile d'arachide,matières grasses,huiles et graisses végétales,899,0.25,0,99.9,0,0,16.2,0.006,1.3,0.025,0.025,0.15,0.06,10,10,0.21,0,0.125,0,0,0.18,0.053
17100,Huile d'avocat,matières grasses,huiles et graisses végétales,900,0,0,100,0,0,17.9,0,0,0,0,0,0,,,2.08,0,,0,0,0.55,0
17110,Huile de germe de blé,matières grasses,huiles et graisses végétales,900,0,0,100,0,0,18.8,0,0,0,0,0,0,,,0,0,0,0,0,5.91,0
17130,Huile de colza,matières grasses,huiles et graisses végétales,900,0,0,100,0,0,7.26,0.001,1.285,0.023,0.29,0.405,0.026,5,0.8,0,0,0,0,0,7.83,0
17170,Huile de coton,matières grasses,huiles et graisses végétales,900,0,0,100,0,0,25.9,0,0,0,0,0,0,0,0,0,0,0,0,0,0.2,0
17180,Huile de lin,matières grasses,huiles et graisses végétales,900,0,0.018,100,0,0,8.98,0,1,0,0,0,0.07,,,0,0,0,0,0,53.4,0
17190,Huile de maïs,matières grasses,huiles et graisses végétales,900,0,0,100,0,0,12.9,0,0,0,0,0,0,0,0.8,0,0,0,0,0,1.16,0
17210,Huile de noisette,matières grasses,huiles et graisses végétales,900,0,0,100,0,0,8.34,0,0,0,0,0,0,0,0,0,0,0,0,0,0.36,0
17220,Huile de noix,matières grasses,huiles et graisses végétales,900,0,0,100,0,0,10,0,0,0,0,0,0,2.5,0.8,0,0,0,0,0,11.9,0
17270,Huile d'olive vierge extra,matières grasses,huiles et graisses végétales,899,0.25,0,99.9,0,0,15.2,0.006,0.1,0.025,0.025,0.15,0.025,10,10,17.5,0,0.125,0,0,0.65,0.01
17325,Huile de pavot,matières grasses,huiles et graisses végétales,900,0,0,100,0,0,13.5,0,0,0,0,0,0,,,0,0,,0,0,,0
17350,Huile de pépins de raisin,matières grasses,huiles et graisses végétales,900,0,0,100,0,0,11.4,0.006,0.3,0.025,0.025,1.1,0.025,10,10,0.21,0,0.125,0,0,0.32,0.01
17390,Huile de son de riz,matières grasses,huiles et graisses végétales,900,0,0,100,0,0,19.7,0,0,0.07,0,0,0,,,0,0,,0,0,,0
17400,Huile de sésame,matières grasses,huiles et graisses végétales,900,0,0,100,0,0,14.9,0,0,0,0,0,0,,,0,0,0,0,0,0.38,0
17420,Huile de soja,matières grasses,huiles et graisses végétales,900,0,0,100,0,0,15.7,0.001,1.285,0.041,1.52,1.85,0.11,5,0.8,0,0,0,0,0,6.79,0
17440,Huile de tournesol,matières grasses,huiles et graisses végétales,900,0.25,0,100,0,0,11.1,0.025,0.1,0.025,0.025,0.15,0.025,10,10,0.21,0,0.125,0,0,0.05,0.01
17700,Huile combinée (mélange d'huiles),matières grasses,huiles et graisses végétales,897,0,0.49,99.5,0,0,10.3,0.006,1.285,0.013,0.29,0.405,0.03,5,0,0,0,0,0,0,1.25,0
17701,"Huile combinée, mélange d'huile d'olive et de graines",matières grasses,huiles et graisses végétales,900,0,0,100,0,0,12.1,0,0,0,0,0,0,0,0,0,0,5,0,0,2.18,0
17800,Huile de cameline,matières grasses,huiles et graisses végétales,,0,0,,0,0,,,,,,,,,,0,,,,,36.4,
17850,Huile de chanvre,matières grasses,huiles et graisses végétales,900,0,0.25,100,0.25,0.05,10.5,0.001,,,,,,,,0,,,,,16.6,0.048
17900,Huile d'argan ou d'argane,matières grasses,huiles et graisses végétales,889,0,0,98.7,0,0,17.6,,,,,,,,,0,,,,,0.13,0
16588,"Matière grasse tartinable à teneur en MG <= 41%, doux, aux stérols végétaux",matières grasses,margarines,,0.25,1.3,35,0,0.25,7.8,0.72,,,,,,,,,,7.5,,,3,
16589,"Matière grasse tartinable à teneur en MG > 62%, doux, riche en oméga 3",matières grasses,margarines,616,0,0,67.7,3.6,0,18,0.26,,,,,,,,,,7.5,,,5.37,
16590,"Matière grasse tartinable à teneur en MG > 62%, doux, standard",matières grasses,margarines,650,0.022,0.089,72.1,0.13,0.089,32.6,0.54,6.9,0.5,1,13.5,0.5,1.5,5,38.5,2.4,7.5,2.5,0.1,0.77,0
16591,"Matière grasse tartinable à teneur en MG > 41% et <= 62%, doux, standard",matières grasses,margarines,540,0.25,0.14,60,0,0.14,16.2,0.38,3.3,0.025,0.85,19,0.025,10,10,172,0.25,0.125,,0.04,3.57,0.01
16592,"Matière grasse tartinable à teneur en MG <= 41%, doux, standard",matières grasses,margarines,366,1.44,2.94,38.6,0,1.37,17.5,0.53,51,0.04,5,120,0.19,10,10,45.7,0.25,7.5,2.5,0.14,1.45,0.01
16593,"Matière grasse tartinable à teneur en MG > 62%, demi-sel, standard",matières grasses,margarines,630,0.25,0.25,70,0,0.25,17,1.4,6.9,0.5,1,13.5,0.5,1.5,5,38.5,2.4,7.5,2.5,0.1,8.3,0
16594,"Matière grasse tartinable à teneur en MG > 41% et <= 62%, demi-sel, standard",matières grasses,margarines,516,0,0.34,57.3,0,0.34,22.3,1.53,13.9,0.5,1,35,0.5,8.4,5,87.3,0.5,7.5,2.5,0.05,4.3,
16595,"Matière grasse tartinable à teneur en MG > 41% et <= 62%, doux, aux stérols végétaux",matières grasses,margarines,547,0.25,0,60.8,0,0,14.6,0.32,6.9,0.025,0.94,12,0.025,10,10,179,0.25,1.27,6.07,0.005,3.81,0.01
16596,"Matière grasse tartinable à teneur en MG > 41% et <= 62%, doux, riche en oméga 3",matières grasses,margarines,508,0.081,0.12,56.4,0.094,0.11,14.1,0.37,4.3,0.5,1,13.1,0.5,1.5,5,46.6,0.5,7.5,2.5,0.05,2.48,0.217
16597,"Matière grasse tartinable à teneur en MG > 41% et <= 62%, demi-sel, riche en oméga 3",matières grasses,margarines,506,0,0,56.3,0,0,14.5,1.4,,,,,,,,,,7.5,,,3.53,
16598,"Matière grasse tartinable à teneur en MG <= 41%, demi-sel, aux stérols végétaux",matières grasses,margarines,321,0.25,1.4,35,0,0.25,7.8,1.2,,,,,,,,,,7.5,,,2.92,
16599,"Matière grasse tartinable à teneur en MG <= 41%, doux, riche en oméga 3",matières grasses,margarines,308,0,0.4,34,0,0,8.7,0.3,7.9,0.5,1,34.2,0.5,1.5,5,545,0.5,,2.5,0.05,1.8,0.24
16600,"Matière grasse tartinable à teneur en MG <= 41%, demi-sel, standard",matières grasses,margarines,356,0.75,2.8,38,0,1.25,17,1.65,54.3,0.5,6.1,117,0.5,3.6,5,688,2.2,,2.5,0.2,0.99,0
16601,"Matière grasse tartinable, sans précision sur la teneur en matière grasse, doux, standard (aliment moyen)",matières grasses,margarines,557,0.31,0.43,61.7,0.042,0.26,21.8,0.45,9.82,0.19,1.36,28.4,0.2,7.15,8.3,113,0.97,3.42,,0.071,2.39,0.007
16602,"Matière grasse tartinable, sans précision sur la teneur en matière grasse, demi-sel, standard (aliment moyen)",matières grasses,margarines,502,0.12,0.66,55.5,0,0.45,21.2,1.53,18.8,0.5,1.68,44.5,0.5,7.31,5,164,0.85,7.5,2.5,0.073,4.12,
16603,"Matière grasse tartinable, sans précision sur la teneur en matière grasse, doux, riche en oméga 3 (aliment moyen)",matières grasses,margarines,501,0.078,0.13,55.6,0.091,0.11,13.9,0.37,4.42,0.5,1,13.8,0.5,1.5,5,63.3,0.5,7.5,2.5,0.05,2.46,0.224
17630,Huile de foie de morue,matières grasses,huiles de poissons,900,0,0,100,0,0,22.6,0,0,0,0,0,0,0.005,400,30000,0,250,0,0,1.79,17.9
17640,Huile de sardine,matières grasses,huiles de poissons,900,0,0,100,0,0,29.9,0,0,0,0,0,0,,,0,0,8.3,0,0,,20.8
17645,Huile de saumon,matières grasses,huiles de poissons,900,0,0,100,0,0,,0,0,0,0,0,0,,,0,0,,0,0,,31.2
17650,Huile de hareng,matières grasses,huiles de poissons,900,0,0,100,0,0,21.3,0,0,0,0,0,0,,,0,0,,0,0,,10.48
16520,Saindoux,matières grasses,autres matières grasses,900,0,0,100,0,0,39.2,0,0,0,0,0,0.11,3.55,1.15,0,0,2.5,0,0,0.9,0
16530,"Lard gras, cru",matières grasses,autres matières grasses,810,2.92,0,88.7,0,0,32.2,0.028,2,0.18,2,65,0.37,,0.5,5,,3.1,1,0.18,,0
16540,Graisse de poulet,matières grasses,autres matières grasses,898,0,0,99.8,0,0,29.8,0,0,0,0,0,0,,,0,0,4.8,0,0,,0
16550,Graisse de canard,matières grasses,autres matières grasses,898,0,0,99.8,0,0,33.2,0,0,0,0,0,0,,2,0,0,4.8,0,0,,0
16560,Graisse d'oie,matières grasses,autres matières grasses,898,0,0,99.8,0,0,27.7,0,0,0,0,0,0,,2,0,0,0,0,0,0.5,0
16570,Graisse de dinde,matières grasses,autres matières grasses,898,0,0,99.8,0,0,29.4,0,0,0,0,0,0,,,0,0,4.8,0,0,,0
11184,Sauce (aliment moyen),aides culinaires et ingrédients divers,sauces,246,1.51,6.74,23.3,1.18,4.64,2.79,1.81,24.7,0.45,13.3,184,0.18,14.2,12.7,27.4,6.71,0.8,11.5,0.14,1.69,0.023
11008,"Ketchup, préemballé",aides culinaires et ingrédients divers,sauces,108,1.23,23.7,0.16,1.77,21.1,0.035,2.35,21.4,0.77,21.2,440,0.12,5,2,46.7,10.2,0,6.67,0,0.009,0
11051,"Sauce tartare, préemballée",aides culinaires et ingrédients divers,sauces,500,0.92,5.11,52.7,0.34,3.32,4.39,2.06,15,0.32,3.9,54,0.16,10,10,1.942,0.25,0.125,5.23,0.31,4.52,0.01
11054,"Mayonnaise (70% MG min.), préemballée",aides culinaires et ingrédients divers,sauces,692,1.33,3.41,74.5,0.26,1.2,6.76,1.4,17.6,0.34,6.42,28.1,0.13,5,30,11.8,0.25,0.25,8,0.39,6,0.092
11073,"Ketchup allégé en sucres, préemballé",aides culinaires et ingrédients divers,sauces,68.6,1.33,13.8,0.088,1.43,10.8,0.032,1.96,,,,387,,,,,,,,,,
11079,"Mayonnaise à teneur réduite en matière grasse ou mayonnaise allégée, préemballée",aides culinaires et ingrédients divers,sauces,297,1.09,8.82,28.5,0.31,4.44,2.47,2.13,47.4,0.4,17.7,70,0.12,2.5,5.4,62.2,3.75,0.25,21.2,0.14,2.3,0.25
11100,"Sauce barbecue, préemballée",aides culinaires et ingrédients divers,sauces,136,0.56,30.3,0.6,1.2,27.5,0.1,1.77,46,0.93,12,220,0.1,10,10,7.26,0.25,0.125,9.28,0,0.019,0.01
11104,"Sauce soja, préemballée",aides culinaires et ingrédients divers,sauces,39.9,7.25,1.72,0.25,0.9,0,0.003,13.1,28.9,2.1,60.9,375,0.78,3.2,13.2,1.25,2.64,0,,0.05,0.003,0.006
11108,"Sauce vinaigrette à l'huile d'olive (50 à 75% d'huile), préemballée",aides culinaires et ingrédients divers,sauces,471,0.7,3.03,50.5,0.53,2.73,5.15,2.47,7.63,,0.11,,0.018,1.675,1,,,,,,,
11109,"Sauce vinaigrette allégée en matière grasse (25 à 50% d'huile), préemballée",aides culinaires et ingrédients divers,sauces,251,0.25,2.39,26.4,0.5,1.73,2.2,1.9,21,0.18,6.3,32,0.08,25,10,25.9,0.25,1.8,9.98,0.15,1.77,0.01
11110,"Sauce vinaigrette (50 à 75% d'huile), préemballée",aides culinaires et ingrédients divers,sauces,475,0.55,2.91,51,0.75,2.11,5.52,2.2,20,0.64,12,110,0.18,25,10,13,0.25,0,6.58,0.037,,
11112,"Harissa (sauce au piment), préemballée",aides culinaires et ingrédients divers,sauces,76.4,2.72,7.3,2.9,5.1,6.89,0.47,2.81,78.1,3.1,47.2,710,0.5,2.5,43.5,333.333,31.9,,28,,0.04,0.005
11120,"Sauce bourguignonne, préemballée",aides culinaires et ingrédients divers,sauces,439,1.34,7.85,44.6,0.53,5.79,3.55,2.76,15,0.7,8.8,210,0.27,10,10,153,0.25,0.125,17.4,0.2,3.73,0.01
11157,"Sauce moutarde, préemballée",aides culinaires et ingrédients divers,sauces,233,1.66,4.7,22.8,1.2,0.8,,2.35,34.3,0.5,12.5,68.7,0.3,1.6,4,46.4,0.25,0.25,20,0.04,,
11166,"Sauce au yaourt, faite maison",aides culinaires et ingrédients divers,sauces,98.5,3.64,5.04,6.91,0.8,4.37,1.46,1.28,141,0.78,21.3,230,0.5,2.67,14.3,7.61,8.02,0.075,20,0.16,,
11167,"Sauce américaine, préemballée",aides culinaires et ingrédients divers,sauces,409,1.34,9.99,39.8,1,6.05,3.09,2.84,,,,,,,,,,,,,2.45,0.01
11168,"Sauce aïoli, préemballée",aides culinaires et ingrédients divers,sauces,480,1.13,5.44,50.2,0.25,2.61,4.8,1.82,,,,,,,,,,,,,2.46,0.004
11187,"Sauce crudités ou sauce salade, préemballée",aides culinaires et ingrédients divers,sauces,303,0.61,6.17,30.5,0.56,4.17,2.53,2.33,28,0.19,5.1,56,0.12,10,10,11.5,0.25,0.25,2.5,,3.15,0.01
11194,"Sauce nuoc mâm ou sauce au poisson, préemballée",aides culinaires et ingrédients divers,sauces,81.2,9.3,10.9,0,0.2,8.34,0,22.2,,,,,,,,,,,,,,
11196,"Sauce burger, préemballée",aides culinaires et ingrédients divers,sauces,427,1.28,13.2,40.4,0.58,10.3,3.31,2.04,19,,,29.6,,,,,,,,,,
11198,"Sauce crudités ou sauce salade, allégée en matière grasse, préemballée",aides culinaires et ingrédients divers,sauces,160,0.8,6.7,14.3,0.62,4.55,1.25,2.2,9.5,0.25,3.2,13.8,0.17,0.25,0.35,0.11,1.22,0.05,,,1.34,0.1
11203,"Sauce kebab, préemballée",aides culinaires et ingrédients divers,sauces,433,1.22,6.93,44.1,0.3,4.35,3.35,1.65,,,,,,,,,,,,,,
11205,"Sauce rouille, préemballée",aides culinaires et ingrédients divers,sauces,551,0.6,2.7,59.8,0.25,0.8,4.3,1.6,,,,,,,,,,,,,,
11212,"Sauce au poivre, froide, préemballée",aides culinaires et ingrédients divers,sauces,472,0.69,5.8,49.3,0.25,5.19,3.78,2.31,,,,,,,,,,,,,3.98,0.01
11213,Sauce froide (aliment moyen),aides culinaires et ingrédients divers,sauces,318,0.83,6.23,31.9,0.79,4.89,2.88,2.12,21.4,0.4,10.5,115,0.12,17.5,12.4,25.2,6.67,1.03,9.79,0.15,2.21,0.026
11216,"Sauce soja sucrée, préemballée",aides culinaires et ingrédients divers,sauces,171,2.88,39.5,0.25,0,39.5,0.005,6.9,18,0.62,17,410,0.41,10,10,0.208,,0.125,11.5,,0.005,0.01
11217,"Sauce pour nems à base de nuoc-mam dilué, préemballée",aides culinaires et ingrédients divers,sauces,132,1.38,31.2,0.25,0,30.9,0.005,4.29,6.5,0.1,29,53,0.025,10,10,0.208,,0.125,2.5,,0.005,0.01
11219,"Sauce végétale type bolognaise, aux protéines de soja, préemballée",aides culinaires et ingrédients divers,sauces,68,3.56,5.05,3,2.46,5.05,0.48,0.77,27,0.91,25,400,0.36,10,10,38.083,1.1,0.125,18.8,,0.03,0.01
11223,"Sauce d'huître, préemballée",aides culinaires et ingrédients divers,sauces,50.7,1.35,10.6,0.25,0.3,0,0.043,6.83,32,0.18,4,54,0.09,,,0,0.1,0,15,0.41,,0.002
11240,"Sauce algérienne, préemballée",aides culinaires et ingrédients divers,sauces,486,1.76,14,46.8,0.9,10.6,3.77,1.73,,,,,,,,,,,,,,
11243,"Sauce andalouse, préemballée",aides culinaires et ingrédients divers,sauces,548,1.61,8.03,56.5,0.7,5.77,5.4,1.36,,,,,,,,,,,,,,
11244,"Sauce cocktail, préemballée",aides culinaires et ingrédients divers,sauces,572,1.33,9.2,58.7,0.78,7.85,5,1.65,,,,,,,,,,,,,,
11245,"Sauce pommes frites, préemballée",aides culinaires et ingrédients divers,sauces,330,0.82,10.3,31.6,0.2,6.59,2.55,2.08,,,,,,,,,,,,,,
11246,"Sauce samouraï, préemballée",aides culinaires et ingrédients divers,sauces,523,1.11,5.09,55.2,0.65,3.04,4.43,2.05,,,,,,,,,,,,,,
11247,"Sauce au curry, froide, préemballée",aides culinaires et ingrédients divers,sauces,367,0.88,8.49,36.5,0.58,5.01,3.2,2.06,,,,,,,,,,,,,,
11248,"Sauce Caesar, préemballée",aides culinaires et ingrédients divers,sauces,448,1.8,7.04,45.7,1,5.09,4.77,2.18,,,,,,,,,,,,,,
11301,"Sauce teriyaki, préemballée",aides culinaires et ingrédients divers,sauces,88.1,5.93,16,0.02,0.1,14.1,0,9.58,25,1.7,61,225,0.1,,,0,0,0,8,0,,0
11101,"Sauce béchamel, préemballée",aides culinaires et ingrédients divers,sauces,105,2.56,6.2,7.4,1.3,3.1,4.61,0.69,82.3,0.1,7.52,126,0.27,2.09,25,65.7,0.25,0.25,8,0.17,0.03,0.01
11102,"Sauce béarnaise, préemballée",aides culinaires et ingrédients divers,sauces,455,0.88,4.87,47.7,0.13,2.3,3.55,1.95,15,0.27,2.5,39,0.17,10,10,41.3,0.25,0.125,11.5,0.18,3.7,0.01
11105,"Sauce hollandaise, préemballée",aides culinaires et ingrédients divers,sauces,197,1.19,3.2,19.8,0.5,0.7,7.23,1.19,17,0.2,2.6,62,0.18,10,10,93.4,9.1,0.125,10.7,0.15,0.07,0.01
11107,"Sauce tomate aux oignons, préemballée",aides culinaires et ingrédients divers,sauces,78.8,1.52,7.69,4.18,2.17,5.44,0.49,1.17,24.4,0.58,24.7,553,0.17,5,18.2,21.6,5.45,0,9,0,0.038,0.005
11111,"Sauce armoricaine, préemballée",aides culinaires et ingrédients divers,sauces,83.6,2.1,3.95,6.6,0,0.73,6.3,1.3,,,,58.9,,,,,,,,,0.024,0.004
11114,"Sauce tomate à la viande ou sauce bolognaise, préemballée",aides culinaires et ingrédients divers,sauces,93.8,4.22,7.27,4.81,2.29,4.74,1.78,1.18,22.9,0.87,29.9,426,0.82,5,8,36.6,7.55,0.25,39,0.31,0.018,0.003
11115,"Sauce au poivre vert, préemballée",aides culinaires et ingrédients divers,sauces,88.9,1.3,5.3,6.65,1.3,1.3,2.95,1.15,,,,,,,,,,,,,0.33,0.001
11121,"Sauce madère, préemballée",aides culinaires et ingrédients divers,sauces,37.6,0.6,3.6,2.2,0.5,1.9,1.1,1.1,,,,160,,,,,,,,,,
11122,"Sauce à l'échalote à la crème, préemballée",aides culinaires et ingrédients divers,sauces,106,1.7,11.9,5.53,0.9,2.27,3.03,1.61,,,,,,,,,,,,,,
11128,"Sauce carbonara, préemballée",aides culinaires et ingrédients divers,sauces,160,5.17,4.7,12.8,2.65,1,8.25,1.49,,,,,,,,,,,,,,
11129,"Sauce chasseur, préemballée",aides culinaires et ingrédients divers,sauces,38.8,1.21,4.66,1.61,0.43,,,1.03,4.6,0.17,3.91,78.2,,,,,,,,,,
11132,"Sauce au curry, chaude, préemballée",aides culinaires et ingrédients divers,sauces,77.4,1.02,10.6,3.16,1.28,5.83,2.11,1.12,22.4,0.5,11.9,139,0.2,2.5,10,10,1.05,3.35,22.9,0.14,,
11140,"Sauce au beurre blanc, préemballée",aides culinaires et ingrédients divers,sauces,212,1.13,3.4,21.4,0.25,1.35,11.9,1.16,,,,,,,,,,,,,0.2,0.01
11143,"Sauce béchamel au beurre, faite maison",aides culinaires et ingrédients divers,sauces,147,3.84,8.97,10.6,0.2,4.38,2.85,0.89,118,0.33,14,156,0.41,,,105,0.8,1.2,5,0.28,,0
11158,"Sauce au beurre, préemballée",aides culinaires et ingrédients divers,sauces,192,2.2,5.2,17.9,1,1,12.1,1.36,26.3,0.25,4.3,55.8,0.1,,2,117,0.25,3.2,22,0.04,0.084,
11159,Sauce à la crème,aides culinaires et ingrédients divers,sauces,78.2,1.08,5.9,5.55,0.17,0.73,3,1.38,20.5,0.29,5.2,37.2,0.12,0.26,9.06,28.6,0.042,0.012,4.6,0.036,,
11160,"Sauce aux champignons, préemballée",aides culinaires et ingrédients divers,sauces,98.8,3.2,6.3,6.26,2.25,2.2,,0.9,17.3,0.7,6.8,90,0.26,,9,30,0.25,0.94,28,0.04,,
11161,Sauce à la crème aux épices,aides culinaires et ingrédients divers,sauces,82.5,1.16,6.2,5.75,0.65,0.95,3.12,1.29,26.6,0.71,8.1,56.5,0.14,0.37,10.8,30,0.5,0.015,4.8,0.035,,
11162,Sauce à la crème aux herbes,aides culinaires et ingrédients divers,sauces,76.6,1.09,5.5,5.49,0.4,0.74,2.94,1.39,27,0.59,6,48.5,0.14,0.27,11.1,33.3,2.2,0.01,6.95,0.035,,
11163,"Sauce aigre douce, préemballée",aides culinaires et ingrédients divers,sauces,153,0.3,37,0.2,0.97,15.9,0.2,3.4,,,,,,,1.2,0,,,,,0.005,0.005
11164,"Sauce au vin rouge, faite maison",aides culinaires et ingrédients divers,sauces,64.5,0.81,7,2.22,0.46,2.47,1.32,1.7,13.1,0.56,9.99,90,0.11,0.15,9.27,25.3,2.5,0.028,9.62,0.024,,
11170,"Sauce basquaise ou sauce aux poivrons, préemballée",aides culinaires et ingrédients divers,sauces,63.1,1.17,7.41,2.71,2.09,4.46,0.49,1.13,,,,,,,,,,,,,0.01,0.005
11177,"Sauce tomate aux champignons, préemballée",aides culinaires et ingrédients divers,sauces,68.3,1.79,7.78,2.68,2.35,4.58,0.26,1.04,12,0.44,14,150,0.18,10,10,89.167,8.54,0.94,34.5,0.074,0.005,0.01
11178,"Sauce tomate aux olives, préemballée",aides culinaires et ingrédients divers,sauces,110,1.41,7.5,7.32,3.34,3.68,0.88,1.83,30,0.96,9.1,160,0.17,10,10,143.333,3.75,,16.5,,0.05,0.01
11179,"Sauce pesto, préemballée",aides culinaires et ingrédients divers,sauces,370,3.94,6.6,35.4,2.5,3.2,4.39,2.64,150,0.59,36,200,0.66,10,10,82.3,92.6,0.125,25.8,,0.06,0.01
11182,"Sauce au poivre, chaude, préemballée",aides culinaires et ingrédients divers,sauces,160,1,4.8,14.8,1.13,1.76,1.91,1.58,19,0.43,4.6,60,0.16,10,10,10.7,,0.125,11.3,0.074,1.01,0.01
11189,"Sauce au fromage pour risotto ou pâtes, préemballée",aides culinaires et ingrédients divers,sauces,118,3.11,4.24,9.53,1.4,0.68,7,1.38,,,,,,,,,,,,,,
11191,"Sauce au roquefort, préemballée",aides culinaires et ingrédients divers,sauces,128,2.85,4.4,10.9,0.6,1.1,7.18,1.25,,,,,,,,,,,,,0.085,
11192,"Sauce aux champignons et à la crème, préemballée",aides culinaires et ingrédients divers,sauces,75.5,1.38,6.2,5,0.25,1.52,2.51,0.96,,,,,,,,,,,,,0.05,0.01
11199,"Sauce grand veneur, préemballée",aides culinaires et ingrédients divers,sauces,103,1.5,8.45,7,0,6.6,4.85,1.14,,,,,,,,,,,,,,
11202,"Sauce indienne type tandoori ou tikka masala, préemballée",aides culinaires et ingrédients divers,sauces,86.7,2.6,14.3,1.7,1.9,12.3,0.35,2.4,,,,,,,,,,,,,,
11207,"Sauce tomate aux petits légumes, préemballée",aides culinaires et ingrédients divers,sauces,66.8,1.54,7.57,2.9,2.12,5.22,0.35,0.99,,,,,,,,,,,,,0.18,0.005
11208,"Sauce tomate au fromage, préemballée",aides culinaires et ingrédients divers,sauces,180,3.94,8.09,14.2,2.41,4.6,3.83,1.31,,,,,,,,,,,,,,
11210,"Sauce pesto rosso, préemballée",aides culinaires et ingrédients divers,sauces,305,4.8,8.58,27,4.15,2.75,3.95,1.99,,,,,,,,,,,,,,
11218,Sauce chaude (aliment moyen),aides culinaires et ingrédients divers,sauces,123,2.67,7.65,8.67,1.88,4.21,2.65,1.28,,,,,,,,,,,,,,
11302,"Sauce à l'oseille, préemballée",aides culinaires et ingrédients divers,sauces,153,1.3,1.7,15,3.2,1.7,10,0.63,,,,,,,,,,,,,,
51502,"Meloukhia, sauce, artisanale",aides culinaires et ingrédients divers,sauces,215,1.13,1.45,21,8.4,1.2,,0.95,81.8,1.9,37.3,179,0.5,2.5,5,6.917,,,28.4,,,
11300,"Sauce au chocolat, préemballée",aides culinaires et ingrédients divers,sauces,308,2.16,62.3,5.1,1.8,48.9,2.37,0.048,16.7,12,54.6,364,0.77,1,1.25,9.25,1,0,1.95,0.05,0.005,0.003
13998,"Coulis de fruits rouges (framboises, fraises, groseilles, cassis)",aides culinaires et ingrédients divers,sauces,124,0.63,27.7,0.5,1.8,27.6,0.23,1,12.9,0.58,10.9,138,0.25,0.415,1.25,1.25,12.9,0.125,33,0,0.019,0.001
39700,"Crème anglaise, préemballée",aides culinaires et ingrédients divers,sauces,97.3,3.44,14.8,2.5,1,12.9,1.55,0.13,110,0.11,10,140,0.38,25,10,34.7,0.45,0.25,9.03,0.23,0.009,0.002
11004,"Cornichon, au vinaigre",aides culinaires et ingrédients divers,condiments,16,1.06,0.78,0.3,1.5,0.6,0.005,1.72,65,0.25,23,120,0.13,10,10,30.8,0.25,0,11.5,0,0.005,0.01
11013,Moutarde,aides culinaires et ingrédients divers,condiments,151,6.92,4.33,11.2,0.5,1.73,1.1,6.3,207,2.64,98.8,205,1.12,21,10.7,0,,0,13,0,1.15,0.012
11018,Vinaigre,aides culinaires et ingrédients divers,condiments,22.5,0.04,0.95,0.1,0,0.04,0,0.013,6,0.24,2.5,20.5,0.02,0.1,2.5,0,0.5,0,0,0,,0
11021,Moutarde à l'ancienne,aides culinaires et ingrédients divers,condiments,142,6.6,2.2,9.9,4.5,2.2,0.61,4.9,110,1.7,95,200,1.1,70,10,12.9,0.25,0.125,18,,1.25,0.01
11040,"Câpres, au vinaigre",aides culinaires et ingrédients divers,condiments,,2.18,3.5,0.86,3.6,0.41,0.23,4.06,40,1.67,33,40,0.32,,,6.92,4.3,0,23,0,,0
11055,Oignon au vinaigre,aides culinaires et ingrédients divers,condiments,,0.6,2.5,0.15,1.8,2.5,0,1.19,24,0.4,12,110,,,,0,7,,20.7,0,,0
11090,Vinaigre de cidre,aides culinaires et ingrédients divers,condiments,,0,0.93,0,0,0.4,0,0.013,7,0.2,5,73,0.04,,,0,0,0,0,0,,0
11091,Vinaigre balsamique,aides culinaires et ingrédients divers,condiments,91.7,0.69,18,0.3,0.75,18,0,0.068,18,0.95,12,160,0.12,10,10,0.21,0.25,0.125,5.5,,,0
11097,"Cornichon, aigre-doux",aides culinaires et ingrédients divers,condiments,36,1.25,5,0.35,1.5,4,0,0.94,,,,,,,,0,,,,,,0
11220,Vinaigre de vin rouge,aides culinaires et ingrédients divers,condiments,20.6,0.25,0,0,0,0,,0.013,10,0.41,5.9,74,0.08,10,,0.75,0.25,0.125,2.5,,,0
13032,"Olive noire, en saumure, égouttée",aides culinaires et ingrédients divers,condiments,173,1.38,0.05,17.2,6.2,0,2.08,1.77,80,8.5,16,19,0.14,25,10,22.1,0.25,0,2.5,0,0.14,0.007
13033,"Olive verte, en saumure, égouttée",aides culinaires et ingrédients divers,condiments,164,1.13,0.61,16.6,3.6,0,2.25,2.94,77.8,0.3,14.6,27.3,0.25,1,1.25,1.25,2.29,0.125,0.85,0,0.17,0.008
13131,"Olive noire, à l'huile (à la grecque)",aides culinaires et ingrédients divers,condiments,349,2.19,4.33,33.3,11.6,0.3,4.02,8.45,110,1.7,29,320,0.62,25,10,1.02,0.62,0,5.83,0,0.32,0.016
13147,"Olives vertes, fourrées ou farcies (anchois, poivrons, etc.)",aides culinaires et ingrédients divers,condiments,156,2.09,1.17,15.2,3,0.2,2.63,2.78,66.8,0.3,11.2,32.9,0.11,2.5,27.7,1,38.6,0.25,13.8,0.08,0.1,0
13184,Olive (aliment moyen),aides culinaires et ingrédients divers,condiments,165,1.29,0.65,16.6,3.83,0.029,2.29,2.83,76.7,1.16,14.4,28.8,0.22,3.82,5.84,3.75,7.07,0.13,0.85,0.011,0.16,0.007
13186,Olive noire (aliment moyen),aides culinaires et ingrédients divers,condiments,182,1.41,0.26,18,6.46,0.015,2.17,2.09,81.5,8.17,16.6,33.6,0.16,25,10,21.1,0.27,0,2.66,0,0.15,0.007
20916,Miso,aides culinaires et ingrédients divers,condiments,188,11.7,18.1,6.01,5.4,6.2,1.14,9.32,57,2.49,48,210,2.56,,,4.33,0,0,19,0.08,,0
5217,Vin cuisiné (alcool évaporé),aides culinaires et ingrédients divers,aides culinaires,15,0.1,3.66,0,0,,0,0.007,8.38,0.66,,111,0.1,,,0,0.038,0,0.88,,0,0
5219,"Alcool fort (type rhum), cuisiné (alcool évaporé)",aides culinaires et ingrédients divers,aides culinaires,0.002,0,0,0,0,0,0,0.004,0,0.13,0,3.15,0.068,,1.58,0,0,0,0,0,0,0
9621,Son de blé,aides culinaires et ingrédients divers,aides culinaires,270,14.8,22.7,3.88,42.9,2.39,0.82,0.015,73,10.6,611,1180,7.27,28.8,2.4,0.5,0,0,,0,0.14,0
9640,Son d'avoine,aides culinaires et ingrédients divers,aides culinaires,361,16.8,50.6,6.52,16.7,2.23,1.16,0.016,58,5.41,235,566,3.11,45.2,,0,0,0,,0,,0
9641,Son de maïs,aides culinaires et ingrédients divers,aides culinaires,226,8.36,6.65,0.92,79,0,0.13,0.018,42,2.79,64,44,1.56,,,2.67,0,0,,0,,0
9643,Son de riz,aides culinaires et ingrédients divers,aides culinaires,398,14,28,20.9,21,0.9,4.17,0.013,57,18.5,781,1490,6.04,15.6,,0,0,0,,0,,0
9660,Germe de blé,aides culinaires et ingrédients divers,aides culinaires,375,27.2,35.1,9.5,16.3,10,1.83,0.018,54,8.9,250,990,14,10,10,1.87,0.25,0.125,143,0,0.64,0.01
11001,"Bouillon de boeuf, déshydraté",aides culinaires et ingrédients divers,aides culinaires,232,10.2,18,13.3,0,2,7.03,33,32.7,0.35,21.9,344,0.32,4.6,2.5,0,0,0,76.3,0.34,0.038,0
11007,"Gélatine, sèche",aides culinaires et ingrédients divers,aides culinaires,348,86.9,0,0.1,0,0,0.036,0.75,280,1.2,22,14,,,5,0,0,0,0,0,0.001,0
11009,Levure de bière en paillettes,aides culinaires et ingrédients divers,aides culinaires,334,40.4,21.8,4.5,22.5,2.5,0.7,0.35,130,4.1,150,1700,8.4,10,10,10.7,0.25,0.25,697,0.34,0.001,0.01
11010,Levure de boulanger fraîche,aides culinaires et ingrédients divers,aides culinaires,115,8.4,11.9,1.9,8.1,0,0.24,0.075,19,3.25,40,601,9.97,1,0.6,0,0.1,0,785,0.01,0,0
11041,"Bouillon de légumes, déshydraté",aides culinaires et ingrédients divers,aides culinaires,287,9.66,26,16,0.25,,7.79,47.7,51.1,1,27,557,0.8,2.57,2.5,1,0.25,13.8,180,0.1,0.031,
11043,"Tapenade, préemballée",aides culinaires et ingrédients divers,aides culinaires,229,1.93,3.29,21.9,5.26,0.51,5.44,2.98,63,4.3,20,258,0.4,2.2,4.5,13.5,1.05,0,0,0,0.17,0
11045,Levure de boulanger déshydratée,aides culinaires et ingrédients divers,aides culinaires,341,42.7,14.3,6.56,26.9,0,1,0.13,30,2.17,54,955,7.94,,5,0,0.3,0,2340,0.07,,0
11046,Levure chimique ou poudre à lever,aides culinaires et ingrédients divers,aides culinaires,108,0.1,26.9,0,0.2,0,0,,6620,11.1,33,12.5,0.015,,,0,0,0,0,0,0,0
11065,"Vanille, extrait alcoolique",aides culinaires et ingrédients divers,aides culinaires,240,0.05,2.41,0,0,,,0.01,,0.13,5,98,0.06,,,0,0,0,0,0,,0
11098,"Vanille, extrait aqueux",aides culinaires et ingrédients divers,aides culinaires,57.7,0.03,14.4,0,0,14.4,0,0.007,3,0.05,1,,0.01,,,0,0,0,0,0,,0
11169,"Fond de veau pour sauces et cuisson, déshydraté",aides culinaires et ingrédients divers,aides culinaires,343,8.5,59.5,7.4,2.1,22.3,3.22,16.7,39,0.68,30,450,1.1,25,10,10.5,,0.25,223,0.55,0.11,0.004
11171,"Fond de volaille pour sauces et cuisson, déshydraté",aides culinaires et ingrédients divers,aides culinaires,336,10,63,4.5,1.5,24,1.84,13.5,,,,,,,,,,,,,0.1,
11172,"Court-bouillon pour poissons, déshydraté",aides culinaires et ingrédients divers,aides culinaires,260,5,7,23,2.5,4.5,16,47.5,,,,,,,,,,,,,,
11174,"Bouillon de volaille, déshydraté",aides culinaires et ingrédients divers,aides culinaires,193,13,17,8,0.5,4,5,56.4,,,,,,,,,,,,,0.022,0.002
11175,"Gelée au madère, déshydratée",aides culinaires et ingrédients divers,aides culinaires,262,47,18,0.2,0,0.5,0.1,27.5,66,4.8,2,45,,,,,,,,,,
11176,Gelée au madère,aides culinaires et ingrédients divers,aides culinaires,136,24.4,9.75,0.01,0.004,0.1,0.004,1.48,,,,,,,,,,,,,,
11221,"Extrait de levure, à tartiner",aides culinaires et ingrédients divers,aides culinaires,187,42.4,3.5,0.4,0,1.6,,10.8,70,2.9,160,2100,2.7,,49,0,0,0,2620,14.5,,0
11303,"Fumet de poisson, prêt à consommer, préemballé",aides culinaires et ingrédients divers,aides culinaires,53.6,5.1,3.8,2,,1.8,1.2,2.36,,,,,,,,,,,,,,
11304,"Fond de veau, préemballé",aides culinaires et ingrédients divers,aides culinaires,40.9,3.15,2.4,2.05,0.1,0.7,1,1.1,,,,,,,,,,,,,,
11507,Bicarbonate de soude,aides culinaires et ingrédients divers,aides culinaires,0.4,0.1,0,0,0,0,0,,0,0,0,0,0,,,0,0,0,0,0,,0
18041,Lait de coco,aides culinaires et ingrédients divers,aides culinaires,199,1.94,4.29,19.2,0.75,2.5,17,0.068,18,3.3,46,220,0.56,3,1,0,1,0,14,0,0.02,0
20918,Sirop pour fruits appertisés au sirop,aides culinaires et ingrédients divers,aides culinaires,73,0.25,17.7,0.25,0.25,14.9,,0.019,6.4,0.07,3.75,74,0.025,10,16,11,0.25,,11,,,
20919,Sirop léger pour fruits appertisés au sirop,aides culinaires et ingrédients divers,aides culinaires,58.9,0.34,14.3,0.25,0.25,13.6,,0.011,7.13,0.095,6.3,99.5,0.043,10,10,0.3,4.5,,9.02,,,
20924,Sirop léger pour poire appertisée,aides culinaires et ingrédients divers,aides culinaires,57.9,0.25,14.6,0.15,0.25,12.5,,0.004,6.7,0.025,3.6,70,0.05,10,,0.21,0.66,0.125,6.74,,,
25525,Sauce tomate cuisinée pour pizza,aides culinaires et ingrédients divers,aides culinaires,41.5,2.04,4.71,0.75,2.81,4.57,0.097,0.96,50,0.9,18,908,,,,0,7,0,22,0,0.037,0
25970,"Bouillon de viande et légumes type pot-au-feu, non dégraissé, déshydraté",aides culinaires et ingrédients divers,aides culinaires,212,11.6,28.9,5.4,0,2.8,1.4,48.4,23,0.33,15,300,0.17,10,10,14.1,,0.125,20.4,0.47,0.01,0.01
25971,"Bouillon de viande et légumes type pot-au-feu, dégraissé, déshydraté",aides culinaires et ingrédients divers,aides culinaires,197,10.8,30.9,3.1,0,2.2,1.08,48.2,34,0.29,16,600,0.21,10,10,14.2,,0.125,30.2,0.63,0.005,0.01
31047,Gélifiant pour confitures,aides culinaires et ingrédients divers,aides culinaires,278,0,62,0,15,62,,,,,,,,,,0,,,,,,
31108,Gelée royale,aides culinaires et ingrédients divers,aides culinaires,,13,,4,,14,,,,0,,,,,,0,12,,200,150,,
31109,"Pollen, partiellement séché",aides culinaires et ingrédients divers,aides culinaires,358,21.9,52.5,4.2,11.3,36.5,,0.22,85.2,,82.8,464,5.6,,,0,,,,,,
31111,"Pollen, frais",aides culinaires et ingrédients divers,aides culinaires,304,17.5,42.3,5.17,9.07,26.8,1.81,0.019,105,11.6,63.3,411,3.95,41.4,,0,6.34,,993,,,
37000,"Base de pizza (pâte et sauce à la crème), crue",aides culinaires et ingrédients divers,aides culinaires,261,7.7,51.1,2.6,1,1.8,0.8,1.75,9,,,,,,,,,,,,,
37002,"Base de pizza (pâte et sauce à la tomate), crue",aides culinaires et ingrédients divers,aides culinaires,232,6.9,44.6,2.7,1,1.5,0.8,1.75,12,,,,,,,0,,,,,,
42200,Lécithine de soja,aides culinaires et ingrédients divers,aides culinaires,779,0,8,83,0,3.3,12.6,0.038,125,2.5,115,875,0,,0,0,0,0,0,0,4.01,
11017,"Sel blanc alimentaire, non iodé, non fluoré (marin, ignigène ou gemme)",aides culinaires et ingrédients divers,sels,0,0,0,0,0,0,0,97.8,13.3,0.33,3.15,16.9,0.1,1.1,1.8,0,0,0,0,0,0,0
11044,Sel au céleri,aides culinaires et ingrédients divers,sels,49,1.81,4.14,2.53,1.19,0,,87.5,,,,,,,,0,,,,,,
11058,"Sel blanc alimentaire, iodé, non fluoré (marin, ignigène ou gemme)",aides culinaires et ingrédients divers,sels,0,0,0,0,0,0,0,97.8,13.3,,3.15,16.9,,,1860,0,,,,,0,0
11082,"Fleur de sel, non iodée, non fluorée",aides culinaires et ingrédients divers,sels,0,0,0,0,0,0,0,94.3,171,,424,103,,,,0,,,,,0,0
11083,"Sel marin gris, non iodé, non fluoré",aides culinaires et ingrédients divers,sels,0,0,0,0,0,0,0,80.5,181,,503,99.3,,,100,0,,,,,0,0
11096,"Sel blanc alimentaire, iodé, fluoré à 25 mg /100 g (marin, ignigène ou gemme)",aides culinaires et ingrédients divers,sels,0,0,0,0,0,0,0,97.8,13.3,,3.15,16.9,,,1860,0,,,,,0,0
11005,"Curry, poudre",aides culinaires et ingrédients divers,épices,301,14.5,2.63,14,53.2,2.63,1.65,0.13,525,19.1,255,1170,4.7,,0.5,0.92,0.7,0,56,0,0.26,0
11006,"Gingembre, poudre",aides culinaires et ingrédients divers,épices,335,8.98,58.3,4.24,14.1,3.39,2.6,0.068,114,19.8,214,1320,3.64,,,1.5,0.7,0,13,0,0.22,0
11015,"Poivre noir, poudre",aides culinaires et ingrédients divers,épices,331,13.3,39.9,7.5,25.3,0.64,2.9,0.036,480,17,190,1600,0.99,10,10,50.7,0.25,0.125,21.8,0,0.63,0.01
11019,"Poivre blanc, poudre",aides culinaires et ingrédients divers,épices,313,12.1,48.3,2.12,26.2,,0.63,0.013,265,14.3,90,73,1.13,3,,0,21,0,10,0,,0
11025,"Cannelle, poudre",aides culinaires et ingrédients divers,épices,243,3.99,27.5,1.24,53.1,2.17,0.35,0.025,1000,8.32,60,431,1.83,3.1,,9.33,3.8,0,6,0,0.009,0
11026,"Coriandre, graine",aides culinaires et ingrédients divers,épices,345,12.4,13,17.8,41.9,,0.99,0.088,709,16.3,330,1270,4.7,,,0,21,0,0,0,,0
11039,Safran,aides culinaires et ingrédients divers,épices,352,11.4,61.5,5.85,3.9,42.4,1.59,0.37,111,11.1,264,1720,1.09,,,26.5,80.8,0,93,0,,0
11042,"Cumin, graine",aides culinaires et ingrédients divers,épices,427,17.8,33.7,22.3,10.5,2.25,1.54,0.42,931,66.4,366,1790,4.8,,,63.5,7.7,0,10,0,0,0
11048,Noix de muscade,aides culinaires et ingrédients divers,épices,506,5.84,27.4,36.3,20.8,2.99,25.9,0.04,184,3.04,183,350,2.15,1.6,,2.33,3,0,76,0,,0
11049,"Paprika, poudre",aides culinaires et ingrédients divers,épices,318,14.1,18.8,12.9,34.9,10.3,2.14,0.17,229,21.1,178,2280,4.33,,,0,0.9,0,49,0,0.45,0
11052,Clou de girofle,aides culinaires et ingrédients divers,épices,335,5.97,31.6,13,33.9,2.38,3.95,0.69,632,11.8,259,1020,2.32,,,3.75,0.2,0,25,0,0.59,0
11053,"Laurier, feuille",aides culinaires et ingrédients divers,épices,353,7.61,48.6,8.36,26.3,48.6,2.28,0.058,834,43,120,529,3.7,,,309,46.5,0,180,0,,0
11056,"Quatre épices, poudre",aides culinaires et ingrédients divers,épices,348,6.09,50.5,8.69,21.6,,2.55,0.19,661,7.06,135,1040,1.01,,,0,39.2,0,36,0,,0
11057,"Vanille, gousse",aides culinaires et ingrédients divers,épices,,,,,,,,0,,0,,,,,,0,0,,0,0,,0
11061,"Pavot, graine",aides culinaires et ingrédients divers,épices,534,21.2,13.7,41.6,10,2.99,4.52,0.065,1440,9.76,347,719,7.9,,,0,1,0,82,0,0.25,0
11064,"Carvi, graine",aides culinaires et ingrédients divers,épices,334,19.8,11.9,14.6,38,0.64,0.62,0.043,689,16.2,258,1350,5.5,,,17.2,21,0,10,0,,0
11066,"Fenouil, graine",aides culinaires et ingrédients divers,épices,327,15.8,12.5,14.9,39.8,12.5,0.48,0.22,1200,18.5,385,1690,3.7,,,6.75,21,0,0,0,,0
11074,"Gingembre, racine fraîche",aides culinaires et ingrédients divers,épices,33.3,1.1,3.4,1.1,2.7,1,0.09,0.016,11,0.4,26,320,0.24,10,10,3.58,0.25,0.125,11.8,0,0.005,0.01
11075,"Cardamome, poudre",aides culinaires et ingrédients divers,épices,321,10.8,40.5,6.7,28,,,0.045,383,14,229,1120,7.47,,,0,21,0,,0,,0
11077,"Fenugrec, graine",aides culinaires et ingrédients divers,épices,350,27.1,33.8,6.41,24.6,8.7,1.46,0.17,176,33.5,191,770,2.5,,,0,3,0,57,0,,0
11081,Epice (aliment moyen),aides culinaires et ingrédients divers,épices,327,12.6,37.8,7.85,27.7,2.09,2.56,0.059,479,18,186,1430,1.63,9.18,9.12,46.1,4.29,0.086,26.3,0,0.53,0.007
11088,"Poivre de Cayenne ou piment de Cayenne, poudre",aides culinaires et ingrédients divers,épices,376,12,29.4,17.3,27.2,10.3,3.26,0.075,148,7.8,152,2010,2.48,,,0,76.4,0,106,0,,0
11089,"Curcuma, poudre",aides culinaires et ingrédients divers,épices,291,9.68,44.4,3.25,22.7,3.21,1.84,0.068,168,55,208,2080,4.5,,,0,0.7,0,20,0,0.003,0
11000,"Ail, cru",aides culinaires et ingrédients divers,herbes,109,5.31,18.6,0.25,5.8,1.2,0.005,0.023,11,0.63,20,530,0.75,10,10,0.21,0.25,0.125,26.1,0,0.005,0.01
11002,"Cerfeuil, frais",aides culinaires et ingrédients divers,herbes,48.3,3.31,6.25,0.55,2.55,0.6,0.25,0.025,273,0.8,34,597,1.1,0.1,2.8,0,48.5,0,220,0,0.2,0
11003,"Ciboule ou ciboulette, fraîche",aides culinaires et ingrédients divers,herbes,30.8,2.55,2.85,0.46,2.55,2.09,0.089,0.024,82,1.54,31,286,0.48,0.12,2.2,134,38.5,0,84.5,0,0.099,0
11014,"Persil, frais",aides culinaires et ingrédients divers,herbes,42.5,2.97,4.1,0.63,4.3,0.85,0.1,0.59,138,6.2,50,554,1.07,0.66,2.5,422,133,0,152,0,0.076,0
11016,"Raifort, frais",aides culinaires et ingrédients divers,herbes,73.2,5.25,7.79,0.45,7.5,,0.088,0.033,102,1.65,31,394,1.4,0.2,0.9,0.92,134,0,,0,0.21,0
11027,"Menthe, fraîche",aides culinaires et ingrédients divers,herbes,57.6,3.52,5.3,0.84,7.4,5.3,0.22,0.076,221,8.48,71.5,514,1.1,0.5,,61.7,22.6,0,110,0,,0
11033,"Basilic, frais",aides culinaires et ingrédients divers,herbes,35.2,3.15,3.4,0.64,1.6,0.3,0.041,0.01,177,3.17,64,295,0.81,,,262,18,0,68,0,,0
11068,"Romarin, frais",aides culinaires et ingrédients divers,herbes,121,3.31,6.6,5.86,14.1,,2.84,0.065,317,6.65,91,668,0.93,,,0,21.8,0,109,0,,0
11069,"Sauge, fraîche",aides culinaires et ingrédients divers,herbes,34.9,4,0.97,0.25,7,0.3,0.005,0.028,230,4.6,54,510,0.28,10,10,54.3,0.25,0.125,72.1,,0.005,0.01
11070,"Thym, frais",aides culinaires et ingrédients divers,herbes,107,5.56,10.5,1.68,14,,0.47,0.023,405,17.5,160,609,1.81,,,238,160,0,45,0,,0
11080,Herbes aromatiques fraîches (aliment moyen),aides culinaires et ingrédients divers,herbes,51.2,3.26,4.69,0.93,5.53,1.89,0.25,0.28,178,6.53,62.9,493,1.02,0.52,,275,85.3,0,115,0,,0
11092,"Estragon, frais",aides culinaires et ingrédients divers,herbes,,3.8,4.1,,6.2,1.2,0.6,0.025,,,,,,,,0,,,,,,0
11093,"Aneth, frais",aides culinaires et ingrédients divers,herbes,48.2,3.93,3.9,1.1,3.5,1.2,0.34,0.15,202,5.5,28,647,1.8,2.7,3.9,0,70,0,116,0,0.011,0
11094,"Coriandre, fraiche",aides culinaires et ingrédients divers,herbes,22.3,2.13,0.87,0.52,2.8,0.87,0.014,0.12,67,1.77,26,521,0.5,,,328,27,0,62,0,,0
11306,"Ail, rôti/cuit au four",aides culinaires et ingrédients divers,herbes,125,5.56,23.8,0.25,2.7,1.4,0.005,0.006,11,0.64,21,490,0.73,10,10,0.21,0.25,0.125,37.4,,0.005,0.01
11307,"Ail, grillé/poêlé, sans matière grasse",aides culinaires et ingrédients divers,herbes,130,6,22,0.4,5.8,1,0.2,0.006,12,0.77,22,580,0.96,10,10,0.47,4.09,,19.3,,0.005,0.01
10999,"Cerfeuil, séché",aides culinaires et ingrédients divers,herbes,302,23.2,37.8,3.9,11.3,,0.17,0.21,1350,32,130,4740,8.8,,,0,50,0,274,0,,0
11023,"Ail séché, poudre",aides culinaires et ingrédients divers,herbes,346,16.6,63.7,0.73,9,2.43,0.25,0.15,79,5.65,77,1190,2.99,,,0,1.2,0,47,0,0.006,0
11024,"Persil, séché",aides culinaires et ingrédients divers,herbes,291,29,16.8,5.34,29.7,7.27,1.38,1.05,658,38,386,4490,5.78,,,96,137,0,187,0,1.86,0
11029,"Menthe, séchée",aides culinaires et ingrédients divers,herbes,283,19.9,22.2,6.03,29.8,,1.58,0.86,1490,87.5,602,1920,2.41,,,0,0,0,530,0,,
11032,"Basilic, séché",aides culinaires et ingrédients divers,herbes,244,23,10.1,4.07,37.7,1.71,2.16,0.19,2240,89.8,711,2630,7.1,,,31.5,0.8,0,310,0,0.3,0
11034,"Marjolaine, séchée",aides culinaires et ingrédients divers,herbes,276,12.7,20.3,7.04,40.3,4.09,0.53,0.19,1990,82.7,346,1520,3.6,,,401,51.4,0,274,0,,0
11035,"Origan, séché",aides culinaires et ingrédients divers,herbes,265,9,26.4,4.28,42.5,4.09,1.55,0.063,1600,36.8,270,1260,2.69,,,83.9,2.3,0,237,0,0.62,0
11036,"Romarin, séché",aides culinaires et ingrédients divers,herbes,328,4.88,21.5,15.2,42.6,,7.37,0.13,1280,29.3,220,955,3.23,,,0,61.2,0,307,0,,0
11037,"Sauge, séchée",aides culinaires et ingrédients divers,herbes,320,10.6,20.4,12.8,40.3,1.71,7.03,0.028,1650,28.1,428,1070,4.7,,,290,32.4,0,274,0,,0
11038,"Thym, séché",aides culinaires et ingrédients divers,herbes,285,9.11,26.9,7.43,37,1.71,2.73,0.14,1890,124,220,814,6.18,,,189,50,0,274,0,,0
11050,"Estragon, séché",aides culinaires et ingrédients divers,herbes,342,22.8,42.8,7.24,7.4,,1.88,0.16,1140,32.3,347,3020,3.9,,,0,50,0,274,0,,0
11060,"Herbes de Provence, séchées",aides culinaires et ingrédients divers,herbes,283,11.5,23.1,7.2,40.1,,1.88,0.088,1860,69.8,304,1970,5.47,4.4,15,0,54,0,274,0,,
11062,"Sarriette, séchée",aides culinaires et ingrédients divers,herbes,264,6.73,23,5.91,45.7,,3.26,0.06,2130,37.9,377,1050,4.3,,,0,50,0,,0,,
11063,"Aneth, séché",aides culinaires et ingrédients divers,herbes,315,20,42.2,4.36,13.6,,0.23,0.52,1780,48.8,451,3310,3.3,,,0,50,0,,0,,
11095,"Ciboulette, séchée",aides culinaires et ingrédients divers,herbes,,,38.1,3.5,26.2,,0.59,0.18,813,20,640,2960,5.12,,,0,,0,108,0,,0
51500,"Meloukhia, feuilles de corète séchées, en poudre",aides culinaires et ingrédients divers,herbes,239,23,12.7,1.8,40,6.9,,0.17,2000,87,609,3580,3,2.5,321,197,,,28.3,,,
11084,"Agar (algue), frais, cru",aides culinaires et ingrédients divers,algues,28.4,0.54,6.25,0.03,0.5,0.28,0.006,0.023,54,1.86,67,226,0.58,,,0,0,0,85,0,,0.008
11085,"Agar (algue), séché",aides culinaires et ingrédients divers,algues,,6.21,,0.3,,2.97,0.061,0.26,625,21.4,770,1130,5.8,0,36000,0,0,0,580,0,,0
11086,"Spiruline (Spirulina sp.), séchée ou déshydratée",aides culinaires et ingrédients divers,algues,374,60.4,17.7,6.27,2.71,1.23,3.28,1.89,469,80.6,615,1560,4.26,34.8,22.4,12900,57.2,0,279,0,,0
20982,"Spiruline (algue), fraîche, crue",aides culinaires et ingrédients divers,algues,36.1,5.92,2.02,0.39,0.4,0.3,0.14,0.25,12,2.79,19,127,0.2,,,2.75,0.9,0,9,0,,
20983,"Criste marine, fraîche, crue",aides culinaires et ingrédients divers,algues,39.4,2.57,3.43,0.66,4.72,1.66,0.048,0.62,264,0.7,33.1,436,,0.69,4.11,227,15.8,,27.9,,,
20985,"Laitue de mer (Ulva sp.), séchée ou déshydratée",aides culinaires et ingrédients divers,algues,203,15.7,13.8,1.95,33.5,0.22,0.47,5.63,1130,70.9,2660,1960,3.35,12.2,8450,193,68.9,1.29,102,,,
20986,"Kombu royal (Saccharina latissima), séché ou déshydraté",aides culinaires et ingrédients divers,algues,205,9.94,23.1,1.39,30.2,0.23,0.21,8.25,838,24.1,749,5910,2.33,64.8,410000,273,31.6,1.3,164,,,
20987,"Nori (Porphyra sp., Pyropia), séchée ou déshydratée",aides culinaires et ingrédients divers,algues,257,30.2,11.7,1.77,36.8,0,0.46,4.75,440,36.4,480,1760,4.35,41.1,5620,1480,63.9,0.56,31.8,,,
20988,"Dulse (Palmaria palmata), séchée ou déshydratée",aides culinaires et ingrédients divers,algues,221,16.9,20.8,1.35,29.2,0.015,0.26,4.68,577,29.3,264,7020,3.98,9.36,22900,943,46.9,0.92,295,,,
20989,"Maërl ou lithothamne (Lithothamnion), séché ou déshydraté",aides culinaires et ingrédients divers,algues,,2.49,3.52,,,,,0.93,30400,144,2650,92.2,3.06,97.1,6410,0,,,,,,
20990,"Kombu ou kombu japonais (Saccharina japonica), séché ou déshydraté",aides culinaires et ingrédients divers,algues,222,7.89,24.9,2.56,34.1,,0.72,6.12,811,13,1030,10400,1.21,134,233000,133,14.8,0,124,,,
20991,"Kombu breton (Laminaria digitata), séché ou déshydraté",aides culinaires et ingrédients divers,algues,211,8.89,22.9,1.01,37.3,,0.15,8.03,918,10.5,770,4640,5.03,6.1,459000,78.3,11.1,2.25,,,,
20992,"Haricot de mer (Himanthalia elongata), séchée ou déshydratée",aides culinaires et ingrédients divers,algues,227,9.9,26.4,2.28,30.8,0.03,0.25,8.93,803,2.14,1050,6770,4.2,5.89,8960,498,120,0.28,83.5,,,
20993,"Gracilaire ou ogonori (Gracilaria verrucosa), séchée ou déshydratée",aides culinaires et ingrédients divers,algues,232,17.8,23.4,1.75,25.4,,0.14,7.14,770,36,420,4980,3.9,193,356000,158,27.2,,,,,
20994,"Fucus vésiculeux (Fucus serratus ou Fucus vesiculosus), séché ou déshydraté",aides culinaires et ingrédients divers,algues,194,9.11,12.4,1.71,46.3,,0.19,8.51,1410,24,830,3020,7.28,24.6,42000,1060,109,,,,,
20995,"Ao-nori (Ulva sp., ex Enteromorpha sp.), séchée ou déshydratée",aides culinaires et ingrédients divers,algues,225,13.6,19.5,2.5,35.1,1.35,0.55,10.2,1550,205,2260,1810,5.54,15.4,9900,115,48.8,0,27.3,,,
20996,"Lichen de mer ou pioca ou goémon rouge (Chondrus crispus), séché ou déshydraté",aides culinaires et ingrédients divers,algues,215,16.7,15,1.95,35.5,0.44,0.15,8.22,911,18.1,1110,2300,7.01,13,31300,127,61.6,,142,,,
20997,"Chlorelle (chlorella), séchée ou déshydratée",aides culinaires et ingrédients divers,algues,,48.5,30.9,11.4,,,1.84,0.29,372,177,358,1040,2.01,36.1,,1520,75.6,,1540,,,
20998,"Ascophylle noueux ou goémon noir (Ascophyllum nodosum), séché ou déshydraté",aides culinaires et ingrédients divers,algues,206,7.4,16.3,2.7,43.6,,0.11,7.18,1600,19.3,831,2140,6,5.7,68500,308,89.4,1,22.7,,,
20999,"Wakamé atlantique (Alaria esculenta), séché ou déshydraté",aides culinaires et ingrédients divers,algues,201,12.2,13.3,1.5,42.9,0.04,0.31,9.13,771,44.6,931,4310,2.4,25.4,36200,800,65,,429,,,
42000,"Substitut de repas hypocalorique, crème dessert",aides culinaires et ingrédients divers,denrées destinées à une alimentation particulière,89.4,6.43,9.29,2.75,1.18,6.57,0.98,0.21,120,2.3,30.5,250,1.75,7.75,24.1,151,6.43,0.8,32.7,0.22,,
42003,"Substitut de repas hypocalorique, prêt à boire",aides culinaires et ingrédients divers,denrées destinées à une alimentation particulière,87.9,6.79,9.8,2.45,0.25,7.2,0.55,0.19,124,2.2,20.3,213,2,13.8,16.8,103,20.3,0.91,68.1,0.4,0.037,
42004,"Substitut de repas hypocalorique, poudre reconstituée avec lait écrémé",aides culinaires et ingrédients divers,denrées destinées à une alimentation particulière,79.1,6.09,9.34,1.73,1.18,8.86,0.22,0.43,161,2.15,30,237,1.5,7.7,17.1,93,4.85,0.7,26.3,0.33,,
42005,"Substitut de repas hypocalorique, poudre reconstituée avec lait écrémé, type milkshake",aides culinaires et ingrédients divers,denrées destinées à une alimentation particulière,86.6,6.19,10.1,2.28,0.63,9.92,0.3,0.19,172,1.91,28,234,3.13,7.8,17,78,6.78,0.7,36,0.34,,
11214,"Préparation culinaire à base de soja, type ""crème de soja""",aides culinaires et ingrédients divers,ingrédients pour végétariens,152,3.25,2.03,14.7,,1.6,1.65,0.063,16,0.47,19,130,0.37,10,10,0.21,,0.125,16.5,,0.31,0.01
20591,"Protéine de soja texturée, réhydratée",aides culinaires et ingrédients divers,ingrédients pour végétariens,150,18.6,7.03,2.9,5.61,3.65,0.47,0.006,90,3.3,100,820,2.1,10,10,0.208,0.25,0.125,52.7,,0.21,0.01
20903,Isolat de soja,aides culinaires et ingrédients divers,ingrédients pour végétariens,402,80.5,1.76,3.39,5.6,0,0.42,2.51,178,14.5,39,81,4.03,,,0,0,0,176,0,,0
20904,"Tofu nature, préemballé",aides culinaires et ingrédients divers,ingrédients pour végétariens,147,13.4,2.87,8.5,0.25,0.57,1.35,0.025,100,2.4,100,140,1.3,10,10,0.21,0.25,0.125,25.1,0,0.55,0.01
20906,"Tofu soyeux, préemballé",aides culinaires et ingrédients divers,ingrédients pour végétariens,54.3,4.57,1.53,2.9,0.6,1.13,0.47,0.006,21,0.64,64,210,0.47,10,10,0.208,0.25,0.125,24.2,,0.18,0.01
20912,"Tofu fumé, préemballé",aides culinaires et ingrédients divers,ingrédients pour végétariens,164,14.9,2.91,9.5,0.25,0.85,1.53,0.74,62,2,140,190,1.4,10,,0.208,0.25,0.25,16.4,0.019,0.68,0.03
20917,Tempeh,aides culinaires et ingrédients divers,ingrédients pour végétariens,157,16.1,7.89,4.7,6.2,0.24,0.57,0.098,88,1.7,60,310,1.3,10,10,0.21,0.25,0.125,38.5,0.019,0.24,0.01
25598,"Seitan, préemballé",aides culinaires et ingrédients divers,ingrédients pour végétariens,134,20.6,6.74,2.5,0.9,0.81,0.38,1.13,20,1.5,18,75,1.2,30,10,2.05,0.25,0.25,14.7,0.038,0.02,0.01
11215,Caviar de tomates,aides culinaires et ingrédients divers,tartinables végétariens,218,2.19,6.8,19.2,3.5,6.5,1.88,2.09,61,1,24,470,0.29,10,10,182,0.25,0.125,26.7,,0.54,0.01
11222,"Ktipiti, tartinade de fromage frais aux poivrons rouges, préemballé",aides culinaires et ingrédients divers,tartinables végétariens,154,7.24,3.9,11.9,1.35,3.1,0.94,0.89,,,,,,,,,,,,,,0
19863,"Tzatziki à base de yaourt, préemballé",aides culinaires et ingrédients divers,tartinables végétariens,138,6.19,3.8,10.9,,2.7,0.81,0.88,88,0.09,8.8,150,0.32,10,10,10.8,0.51,0.015,14.8,0.59,0.93,0.01
19864,"Tzatziki à base de fromage frais, préemballé",aides culinaires et ingrédients divers,tartinables végétariens,132,6.46,2.98,10.2,1.15,2.25,1.01,0.96,,,,,,,,,,,,,0.82,
25620,"Guacamole, préemballé",aides culinaires et ingrédients divers,tartinables végétariens,191,1.82,4.64,17.2,4.84,2.3,3.73,1.08,18,0.6,26.7,440,0.4,2.5,20,9.33,359,0.25,60.3,,0.14,
25621,"Houmous, préemballé",aides culinaires et ingrédients divers,tartinables végétariens,258,8.06,9,19.9,5.18,1.66,2.02,1.08,,,,,,,,,,,,,,
25624,"Caviar d'aubergine, préemballé",aides culinaires et ingrédients divers,tartinables végétariens,154,1.28,4.4,13.8,3.63,2.7,1.23,1.17,,,,,,,,,,,,,0.022,
